8 4  0 0
0 0 117 101 89 101 48 15 71 184 112 160 238 72 211 113 1 48 16 196 108 106 105 240 249 14 229 239 37 20 104 179 66 32  0
0 0 96 173 153 115 217 237 97 143 122 49 40 24 182 177 64 48 129 30 104 24 19 120 219 55 237 158 21 112 192 64 194 170  0
0 0 80 57 31 116 40 204 85 55 160 136 162 8 183 183 0 19 166 247 108 0 72 201 147 45 241 227 112 16 96 0 7 43  0
0 0 74 188 178 18 251 253 176 199 187 93 108 189 172 254 70 148 167 59 225 17 150 75 178 115 31 87 20 235 194 68 143 223  0
0 0 41 127 98 69 112 159 110 112 121 200 126 236 123 76 150 180 62 236 84 110 197 186 164 111 54 125 33 128 107 182 74 221  0
0 0 252 104 156 118 137 77 87 136 227 182 165 8 87 241 73 27 145 212 108 98 104 103 219 32 219 211 69 61 224 115 70 34  0
0 0 69 54 253 103 162 46 111 152 58 250 47 252 223 103 201 59 55 85 124 62 177 208 237 74 204 175 101 132 200 243 3 113  0
0 0 120 176 156 112 137 237 81 143 171 191 164 25 142 247 74 26 129 215 236 16 26 75 218 17 219 211 85 127 192 64 134 2  0
1 0 117 229 157 103 152 78 71 184 112 162 171 8 211 113 9 50 17 196 108 106 105 240 249 46 233 239 101 20 224 243 194 32  0
1 0 33 33 25 101 112 15 99 48 112 168 111 72 211 17 0 48 16 12 68 104 9 176 241 14 229 189 33 0 72 162 66 160  0
1 0 93 109 91 101 48 14 103 176 96 160 238 72 83 115 129 48 50 228 108 106 73 144 185 46 240 237 37 0 104 179 66 32  0
1 0 101 97 25 101 56 15 71 184 98 168 169 72 211 81 73 48 144 204 76 106 73 114 217 28 237 157 37 52 72 179 66 32  0
1 0 225 109 29 101 32 79 71 48 112 170 230 8 243 49 1 51 16 244 108 106 105 240 241 12 229 235 101 16 64 178 66 40  0
1 0 60 109 121 100 80 79 71 248 113 164 236 8 83 81 1 48 24 252 68 106 72 178 249 30 243 205 37 52 99 179 70 162  0
1 0 237 100 213 101 32 14 70 56 113 162 162 72 211 33 129 183 16 196 108 106 105 244 217 10 164 250 101 20 106 243 66 32  0
1 0 53 101 73 69 212 11 103 184 116 160 234 72 211 97 153 48 24 204 70 110 233 178 77 14 100 174 37 20 105 251 82 160  0
9 0 125 117 253 103 168 78 71 184 112 226 175 8 211 117 137 51 17 212 124 106 233 240 249 46 235 239 101 20 96 243 198 112  0
9 0 125 229 204 103 152 30 70 184 113 226 175 12 83 96 27 50 17 198 108 110 253 240 253 46 234 239 69 20 233 243 202 4  0
9 0 85 205 157 239 156 14 71 188 116 162 234 64 211 115 9 115 81 198 108 106 105 193 89 47 233 175 229 20 32 243 192 32  0
9 0 116 229 153 103 144 79 71 188 114 160 170 8 215 115 72 50 17 214 108 122 121 240 249 46 233 239 37 116 224 242 198 34  0
9 0 125 165 149 101 145 126 71 191 115 169 174 8 211 113 136 182 17 198 108 40 57 248 249 14 235 239 37 84 234 226 194 32  0
9 0 117 229 157 103 152 14 71 184 112 162 171 72 215 115 9 51 17 196 108 106 105 240 217 46 237 175 101 20 104 243 194 32  0
9 0 116 36 157 101 136 110 71 184 112 162 171 8 211 113 9 58 17 196 104 42 41 240 217 10 237 175 101 20 224 243 66 32  0
9 0 84 229 142 39 144 10 70 168 112 162 235 8 83 99 9 16 49 198 104 234 104 211 205 46 184 166 69 20 224 115 226 0  0
17 1 117 117 125 103 168 78 71 184 96 226 175 8 211 117 137 51 16 212 108 106 105 225 249 12 225 235 101 20 96 243 70 96  0.815315
17 1 124 116 125 103 176 111 71 184 113 234 175 8 211 117 9 49 17 212 124 106 105 240 249 46 227 239 101 20 98 243 70 50  1.38529
17 1 253 117 189 103 144 78 71 184 112 226 175 8 211 117 25 51 16 212 124 106 233 240 249 14 239 239 101 20 98 243 198 112  1.35868
17 1 85 125 189 103 168 110 71 188 112 226 174 8 243 119 9 51 21 214 124 110 233 193 249 46 235 239 101 20 224 243 198 112  1.72738
17 1 125 245 253 103 144 110 71 189 112 226 239 24 83 117 137 51 17 214 116 106 249 240 249 46 235 239 101 20 225 243 198 112  1.57504
17 1 125 125 253 103 168 79 71 184 114 234 174 8 211 117 201 50 17 196 108 106 233 112 249 42 239 239 101 52 234 243 66 112  1.13865
17 1 252 255 125 103 184 75 87 188 113 234 174 104 243 117 137 49 23 214 108 106 233 224 233 63 235 239 101 20 98 243 198 121  1.73585
17 1 253 69 237 103 140 78 79 184 112 226 175 8 83 125 153 51 24 196 125 238 233 242 253 46 243 235 229 20 101 243 86 112  1.61823
18 1 101 237 204 71 152 31 70 188 115 226 174 12 211 96 95 50 17 198 104 126 253 240 253 46 47 159 69 52 201 243 202 4  1.67131
18 1 117 165 196 7 153 62 70 169 113 226 171 12 67 120 30 178 153 198 104 46 253 227 253 14 187 255 69 20 233 118 202 4  2.28033
18 1 125 237 236 103 144 30 71 190 113 226 174 12 83 97 155 51 17 198 108 110 253 240 253 46 234 239 101 20 235 243 202 80  1.64119
18 1 125 229 204 39 152 30 70 184 98 224 175 12 211 96 27 50 16 196 108 110 205 240 253 44 234 239 101 20 104 243 74 0  1.78528
18 1 117 103 204 39 152 26 70 184 112 166 174 141 67 96 155 18 17 196 108 110 236 225 205 46 250 239 101 21 225 243 202 0  1.83728
18 1 125 165 12 39 152 63 70 185 114 225 175 29 211 96 26 16 145 198 108 110 188 224 217 63 234 239 37 84 232 227 202 0  2.21183
18 1 125 229 237 39 157 94 78 172 114 226 175 13 211 104 31 50 89 198 120 239 253 240 253 46 235 111 197 20 237 255 218 84  2.43042
18 1 125 229 196 71 153 30 70 188 113 226 175 76 83 96 159 182 17 198 108 110 253 240 253 46 170 239 69 20 234 243 202 4  1.68605
19 1 149 197 29 255 156 15 71 189 118 50 235 80 215 115 8 113 81 70 108 106 121 244 89 63 233 175 101 84 48 251 192 32  1.99878
19 1 245 69 29 239 140 78 71 184 116 162 171 0 211 115 9 115 80 196 108 106 105 225 89 46 225 235 229 20 48 251 80 32  1.9896
19 1 212 197 13 239 156 6 79 189 20 34 203 2 211 99 40 65 89 214 45 234 120 129 89 63 249 167 231 20 48 250 244 34  2.36446
19 1 213 205 141 231 148 6 79 188 116 162 203 64 211 99 153 115 81 198 124 238 249 208 221 46 233 175 231 20 168 243 240 32  2.04215
19 1 85 205 157 255 140 14 71 191 116 178 138 64 247 115 25 115 81 70 120 106 105 193 219 47 233 175 231 20 40 114 208 40  2.21641
19 1 85 205 157 239 152 46 71 188 52 162 170 64 215 115 9 115 17 214 108 106 105 193 89 47 233 167 101 20 160 243 128 32  1.76755
19 1 117 205 29 111 152 14 71 188 116 130 234 64 243 115 9 113 81 230 108 106 105 233 89 63 233 174 101 16 96 243 224 40  1.88882
19 1 85 140 143 253 148 46 71 191 116 162 202 80 211 99 17 123 81 230 104 170 57 221 89 46 233 174 247 4 160 240 240 32  2.46805
20 1 116 229 157 103 144 78 71 189 112 160 171 8 215 115 8 50 17 214 108 106 121 225 249 46 249 175 101 84 96 242 198 34  1.42712
20 1 101 237 157 103 156 79 71 173 114 160 170 8 211 113 73 50 145 198 104 122 121 248 249 46 237 143 5 52 192 122 194 42  1.5062
20 1 117 229 153 99 144 79 71 152 114 160 175 8 215 115 73 50 17 220 108 122 89 112 249 42 237 205 37 116 224 243 194 32  1.34323
20 1 84 181 153 99 144 78 67 152 114 161 175 24 215 119 72 48 17 212 108 56 59 208 249 6 233 239 37 84 224 163 198 34  1.86918
20 1 84 165 25 99 176 79 71 189 114 33 171 8 215 115 8 48 17 214 108 122 123 248 249 63 233 239 37 84 224 130 194 32  1.67398
20 1 84 237 153 103 152 74 71 188 50 160 170 8 215 115 65 18 17 214 108 122 105 72 201 42 233 231 37 52 224 242 134 40  1.65156
20 1 116 237 157 103 144 111 71 190 114 162 174 8 215 115 9 48 17 214 108 122 120 240 249 46 233 239 37 116 224 243 198 34  1.4397
20 1 244 165 221 101 152 75 71 189 114 164 175 8 211 97 72 18 17 198 108 122 120 112 233 14 237 207 37 116 224 242 198 32  1.77638
21 1 121 173 245 69 176 122 71 191 115 171 174 8 115 113 136 54 17 198 108 40 121 248 233 47 235 239 101 20 226 242 198 40  1.97688
21 1 125 165 157 101 145 126 71 187 115 161 174 8 211 49 0 50 17 198 108 56 57 248 249 14 239 239 5 84 226 226 194 32  1.47294
21 1 89 181 157 101 176 110 71 191 114 235 174 88 211 51 136 114 17 198 108 40 57 216 249 14 233 239 117 84 234 224 194 32  1.72457
21 1 109 181 149 103 177 63 71 191 114 235 46 76 211 113 136 180 17 70 108 56 185 248 249 46 239 255 101 84 202 242 194 32  1.93621
21 1 125 165 213 71 145 94 71 185 115 161 175 8 219 115 8 182 17 214 108 56 57 208 249 14 171 255 5 84 226 226 194 32  1.62964
21 1 125 165 21 103 145 127 70 191 117 169 175 8 211 113 8 180 145 198 108 42 57 232 121 31 171 255 5 84 234 226 194 32  2.26096
21 1 125 133 221 101 144 46 71 191 116 163 239 88 211 115 136 112 17 198 108 40 57 248 105 15 233 239 101 84 226 226 194 32  2.33562
21 1 125 149 21 111 185 223 71 189 119 73 239 72 243 113 136 244 17 198 108 106 123 168 121 63 235 255 37 84 250 226 194 41  2.87351
22 1 197 245 157 103 176 14 103 184 120 170 107 72 215 113 9 51 145 68 108 106 105 240 249 46 237 175 101 20 72 243 194 32  1.23874
22 1 245 229 29 103 152 14 71 184 112 178 163 76 211 99 137 51 17 196 108 110 105 196 217 46 233 171 101 20 104 179 66 32  1.33465
22 1 85 101 157 103 152 14 71 184 114 162 171 72 215 115 73 114 17 196 108 106 105 208 217 42 237 174 101 20 232 243 66 32  1.1536
22 1 212 229 29 103 136 14 71 184 32 162 171 72 215 115 9 51 16 212 108 106 105 193 217 44 241 163 101 20 96 243 130 32  1.25878
22 1 229 229 157 103 168 15 71 184 114 178 171 72 211 113 73 51 17 196 108 106 105 96 217 42 237 139 101 52 72 243 194 32  1.18744
22 1 117 237 157 103 152 14 71 188 112 162 170 72 211 113 9 51 17 198 108 106 105 240 217 46 233 175 101 20 104 243 194 32  1.0168
22 1 69 229 149 103 144 14 103 184 96 160 43 72 215 115 9 50 16 68 104 106 73 240 217 44 173 190 69 20 72 243 194 32  1.71619
22 1 244 100 29 103 24 79 71 184 112 162 171 8 215 115 9 51 17 212 108 106 105 244 217 46 225 175 101 20 96 243 66 32  1.49723
23 1 101 36 157 103 128 110 71 152 112 162 171 8 211 113 73 58 17 196 104 122 41 240 217 10 237 174 69 20 192 243 66 32  0.870481
23 1 101 100 157 101 140 111 71 186 114 162 170 8 211 49 65 58 25 68 104 42 41 240 249 10 237 143 101 52 192 121 66 32  1.26408
23 1 245 36 157 101 136 110 69 56 112 178 167 24 211 113 9 59 17 196 108 42 57 244 249 14 205 171 101 20 224 225 66 32  1.31119
23 1 244 100 221 101 136 107 71 184 112 162 175 8 211 113 9 59 17 196 108 106 104 244 217 10 229 175 101 20 224 243 66 32  1.42504
23 1 116 36 157 101 128 110 71 184 112 162 171 8 215 115 9 58 17 212 108 42 41 240 249 10 233 175 101 20 224 243 66 32  1.20148
23 1 85 36 157 103 8 110 67 24 96 162 171 8 215 115 9 58 144 196 104 42 9 225 249 8 193 175 65 20 192 115 66 34  1.60445
23 1 116 36 157 101 136 42 71 186 50 162 170 8 211 99 65 26 17 196 108 42 40 64 201 10 233 167 101 20 224 241 66 32  1.65026
23 1 116 36 221 101 16 106 67 56 112 166 235 8 83 99 9 18 17 196 108 42 40 242 201 14 209 167 97 20 224 227 70 34  1.97869
24 1 85 237 134 39 152 10 70 168 48 162 171 8 211 99 9 18 49 230 104 110 120 193 201 46 184 166 69 20 224 115 130 0  2.08949
24 1 116 101 143 38 146 74 71 232 48 162 235 8 83 99 9 19 49 196 104 234 104 211 153 14 249 166 69 20 97 115 38 32  2.20955
24 1 84 167 220 39 146 42 70 168 112 162 235 200 83 99 137 16 51 198 108 106 120 208 205 46 248 166 101 20 224 243 194 0  2.10784
24 1 213 141 142 63 144 34 70 175 116 162 202 80 243 98 8 81 113 198 104 170 120 216 77 47 184 166 215 4 160 112 160 8  2.7219
24 1 116 229 204 39 152 2 78 168 50 162 171 137 83 98 25 18 89 196 104 238 104 195 205 46 184 166 197 20 97 243 226 0  2.7068
24 1 116 229 158 102 144 10 70 173 112 130 234 8 115 99 8 16 49 198 104 106 104 227 217 47 185 166 69 16 96 114 226 8  2.37247
24 1 116 45 128 39 153 106 70 168 114 166 235 8 195 96 25 80 89 206 104 234 108 242 205 46 185 166 133 21 225 115 226 0  2.74887
24 1 84 231 142 38 152 2 78 184 48 162 139 205 87 99 9 82 49 197 109 231 104 195 201 46 248 231 173 148 40 243 162 0  3.14076
10 0 33 37 25 101 84 15 99 48 112 160 110 8 243 17 0 48 152 44 64 104 73 176 113 14 101 188 1 16 72 170 66 168  0
10 0 32 35 89 101 112 11 99 48 96 160 110 72 211 1 128 16 18 140 68 104 8 176 193 12 228 173 33 0 96 130 66 160  0
10 0 1 13 31 101 48 142 99 55 116 8 106 64 243 49 128 112 16 46 76 40 161 184 113 15 229 174 32 0 72 128 66 40  0
10 0 37 48 89 101 112 79 99 24 112 168 111 72 211 17 1 48 16 28 68 106 1 176 241 14 69 173 33 4 64 163 66 160  0
10 0 105 49 25 101 48 79 99 49 96 40 111 8 151 19 0 48 16 156 76 40 25 184 241 14 229 237 32 80 96 130 66 32  0
10 0 33 165 25 97 176 15 99 61 116 41 111 76 211 49 136 48 16 14 68 44 185 184 113 31 237 175 33 68 104 130 194 160  0
10 0 97 32 24 101 48 15 96 16 97 168 98 72 147 17 0 48 144 172 108 40 9 240 209 12 199 253 1 16 72 160 74 0  0
10 0 65 113 25 101 48 14 99 48 104 232 106 76 215 19 129 48 148 76 76 110 193 176 241 12 229 188 33 0 72 162 67 33  0
89 1 33 32 17 69 85 79 227 48 120 224 98 8 210 16 21 52 152 12 66 40 1 176 113 14 5 158 1 48 72 42 66 160  1.89879
89 1 33 109 123 101 84 15 103 55 112 224 110 8 179 17 16 48 24 236 64 104 201 184 113 14 101 173 36 0 72 162 66 168  1.75302
89 1 41 101 25 101 85 15 99 48 113 160 110 8 243 17 16 48 152 44 64 106 73 176 241 14 231 253 1 16 74 170 66 168  1.53132
89 1 33 37 19 79 84 143 98 120 116 0 107 72 242 81 8 48 152 40 66 106 105 176 81 31 37 188 0 16 72 10 66 168  1.93275
89 1 33 109 19 69 85 79 103 48 120 160 106 8 242 17 1 48 144 108 64 106 65 176 241 46 101 188 0 0 72 50 66 168  1.60819
89 1 97 37 81 69 81 95 67 48 113 160 110 8 210 17 4 180 24 172 64 104 73 178 241 14 39 188 1 48 74 162 66 164  1.71758
89 1 33 37 25 101 84 15 99 48 112 160 106 8 211 17 0 48 152 44 64 104 73 176 209 14 229 188 1 16 64 170 66 160  1.3149
89 1 33 105 25 109 116 207 67 112 116 40 108 8 179 17 0 48 152 40 66 104 73 186 113 31 101 157 33 48 64 138 66 168  1.67665
90 1 32 163 89 97 112 139 99 57 100 32 106 104 211 1 128 16 18 140 68 104 74 184 65 29 228 172 33 64 96 130 66 160  1.93794
90 1 105 35 89 101 48 11 99 56 96 160 106 72 211 3 128 16 18 140 76 108 9 176 193 12 228 237 33 4 104 162 66 32  1.81401
90 1 48 35 91 101 80 139 99 112 112 32 106 72 51 3 0 16 48 172 68 104 8 186 193 14 244 164 32 0 96 130 66 168  1.80333
90 1 104 35 218 101 112 42 97 51 112 165 110 8 211 33 128 16 48 140 100 40 24 248 193 12 70 175 32 0 96 130 66 160  2.3618
90 1 32 34 216 101 48 43 99 16 112 168 110 104 211 1 129 16 18 12 68 40 8 240 193 10 196 173 33 0 224 162 66 161  2.26096
90 1 33 33 89 69 112 11 99 49 96 160 110 72 211 1 128 48 50 172 68 104 65 176 229 12 102 141 33 0 96 162 66 160  1.66866
90 1 96 35 121 101 112 75 99 48 96 164 102 232 147 5 128 48 22 156 68 104 8 176 229 12 228 169 32 0 96 130 70 225  2.30509
90 1 32 35 88 101 112 11 99 48 96 160 235 72 211 1 0 16 24 140 68 104 8 176 193 12 196 173 33 16 96 162 66 160  1.83415
91 1 1 141 27 109 48 142 99 55 116 0 106 64 243 51 128 112 48 46 76 40 105 184 113 15 229 174 32 0 104 130 66 40  1.62328
91 1 1 45 23 101 48 143 99 55 124 40 106 72 247 49 128 48 16 38 76 40 161 184 113 15 229 190 32 0 72 128 66 41  1.66998
91 1 65 45 19 69 16 142 98 55 116 128 106 64 243 51 0 244 16 46 104 12 9 152 209 15 165 188 0 0 72 130 66 40  2.44185
91 1 1 203 15 109 52 142 99 55 116 8 106 68 243 1 144 112 80 46 108 76 201 184 69 31 228 175 32 0 72 130 80 40  2.36446
91 1 1 109 59 101 116 142 103 55 124 136 106 64 179 49 145 48 48 110 80 104 225 184 49 46 101 175 36 0 72 144 66 168  2.18926
91 1 17 4 79 109 20 174 107 51 116 1 106 64 243 35 144 112 112 172 46 172 57 152 85 15 228 175 178 0 40 128 96 40  2.55748
91 1 1 16 23 77 48 142 99 48 124 8 99 64 247 83 128 112 48 36 104 40 161 176 49 15 133 174 32 0 72 130 67 32  2.37516
91 1 65 133 31 101 52 14 101 55 116 9 106 68 243 49 16 112 16 38 108 44 249 184 81 15 229 175 48 0 72 128 194 40  2.25379
92 1 37 52 81 69 112 47 99 24 120 168 111 72 211 17 129 52 16 28 68 42 33 180 241 14 69 188 33 4 74 163 66 161  1.39534
92 1 36 32 89 97 112 111 99 24 112 168 99 72 211 19 1 56 48 156 68 56 9 176 241 10 197 140 33 4 224 163 66 160  1.63732
92 1 45 32 81 65 113 79 99 24 121 160 103 8 210 17 13 52 16 28 64 106 1 176 249 12 71 153 1 4 66 163 66 160  1.64636
92 1 109 48 249 101 112 111 99 16 112 232 111 72 211 53 129 48 16 92 68 40 137 240 241 10 71 173 33 0 192 227 70 241  1.65942
92 1 37 49 121 65 112 79 99 120 116 104 117 72 211 85 136 48 24 28 70 106 193 176 121 28 103 137 33 4 97 131 70 161  1.9951
92 1 37 32 219 101 64 110 97 24 112 160 103 8 211 19 73 56 48 12 96 122 1 244 241 0 69 169 33 4 232 163 66 160  1.81094
92 1 45 32 25 101 112 79 99 24 112 168 111 72 211 81 1 48 16 92 68 106 9 176 249 14 197 189 33 4 64 163 66 160  1.3177
92 1 45 53 123 101 112 79 99 56 112 232 111 72 215 23 129 48 54 28 84 106 161 176 241 14 229 173 33 4 104 163 66 177  1.64896
93 1 121 53 121 101 16 78 67 49 113 97 111 8 19 23 0 48 16 156 68 40 25 184 241 14 231 237 32 64 98 130 198 48  1.99143
93 1 248 32 25 101 16 79 65 16 112 32 231 24 151 19 0 48 16 156 76 40 41 180 209 14 197 237 32 16 96 128 66 34  2.10784
93 1 105 37 17 101 49 79 67 49 97 40 239 8 215 19 0 180 16 148 76 40 25 184 241 14 231 253 0 80 98 130 66 32  1.61571
93 1 104 177 25 97 48 207 67 57 96 40 111 8 215 19 8 48 16 156 76 104 91 176 241 29 229 237 32 84 96 130 70 35  1.8563
93 1 104 49 25 101 112 206 99 53 96 40 110 8 179 19 0 48 16 188 68 104 73 184 241 12 229 237 32 0 98 130 70 40  1.94316
93 1 89 33 27 97 16 78 99 17 100 33 235 8 151 19 0 112 48 156 76 56 25 144 241 12 197 237 32 64 96 130 66 32  2.01365
93 1 105 53 25 101 48 79 99 49 104 168 111 8 151 19 0 48 144 60 76 40 25 184 241 14 229 253 32 16 64 130 66 35  1.78082
93 1 105 49 41 97 16 79 97 49 96 96 103 12 147 21 18 48 16 140 92 44 153 176 241 12 199 233 32 84 104 130 66 112  2.66284
94 1 33 165 25 107 48 143 99 61 116 41 111 72 243 17 136 48 16 14 68 104 123 184 113 31 237 173 32 64 104 130 194 168  1.69827
94 1 1 165 25 97 176 47 99 59 116 33 107 88 211 51 128 48 17 14 76 56 57 184 81 30 237 175 33 68 232 128 194 32  1.97508
94 1 45 165 25 97 52 143 99 57 116 105 111 76 211 81 24 48 144 12 68 44 187 176 121 31 237 253 33 68 72 130 194 160  1.9951
94 1 41 167 89 99 240 15 99 61 112 41 111 92 83 33 136 16 16 142 68 44 185 184 201 31 110 175 33 68 104 130 194 161  2.38325
94 1 41 181 121 65 240 95 99 59 117 105 111 72 211 49 136 52 16 14 68 40 185 184 113 30 111 223 33 68 106 130 194 160  2.02306
94 1 17 165 73 97 16 15 107 57 116 97 111 76 211 3 152 48 52 140 84 172 185 152 117 31 237 173 33 68 105 130 194 176  2.50104
94 1 33 181 25 101 176 15 103 61 120 233 111 76 211 49 136 48 20 78 68 44 209 184 249 15 237 189 37 68 72 130 194 161  1.99326
94 1 161 161 45 97 176 15 97 57 116 105 103 92 211 1 152 49 24 12 76 60 185 248 117 14 204 143 33 84 72 128 194 160  2.74887
95 1 105 32 16 69 49 31 96 16 105 168 102 72 146 17 0 180 144 44 76 40 9 240 209 12 135 253 1 16 74 128 74 32  1.76755
95 1 97 32 8 37 16 15 64 16 96 224 227 77 211 0 18 16 144 164 108 44 141 240 209 12 196 253 1 16 72 162 74 16  2.39142
95 1 105 32 152 101 48 47 97 18 97 168 102 72 151 17 65 56 144 44 108 24 9 240 209 8 199 253 33 16 200 161 66 32  2.13073
95 1 97 32 29 101 16 15 65 16 96 160 226 72 211 19 0 48 144 132 108 40 9 240 209 12 197 184 1 16 72 160 66 32  2.13919
95 1 97 32 24 101 48 14 96 51 120 168 98 76 147 1 144 48 144 44 108 44 141 248 209 14 198 255 32 16 72 160 74 8  2.44761
95 1 161 32 24 101 100 47 96 16 113 42 99 88 147 17 16 57 152 140 68 40 45 244 209 8 199 251 112 0 72 128 74 128  2.87351
95 1 121 32 26 101 17 15 64 0 97 160 238 8 147 17 0 48 152 172 76 40 8 178 209 12 215 253 1 17 104 160 74 2  2.24196
95 1 225 52 28 101 53 47 96 17 121 234 99 92 214 17 0 57 144 12 104 40 33 244 209 14 199 255 1 16 72 32 74 2  2.82178
96 1 69 117 25 101 112 14 103 56 120 232 111 76 215 115 137 48 148 76 68 110 193 176 249 14 229 189 37 4 72 179 67 161  1.48391
96 1 129 113 91 69 112 14 103 48 120 168 98 76 215 19 129 48 54 44 68 110 225 180 241 78 228 184 33 0 72 178 67 161  1.91902
96 1 65 121 19 101 48 14 99 16 104 168 106 76 246 17 1 48 144 108 68 110 193 176 209 12 229 188 32 0 72 179 67 169  1.46859
96 1 105 113 57 101 48 15 99 48 105 232 127 76 215 21 145 48 148 12 84 110 201 176 241 12 231 253 33 0 74 163 66 113  1.61823
96 1 65 113 19 101 48 14 99 48 40 8 99 76 215 19 8 48 182 20 76 106 65 144 145 76 229 184 32 4 72 130 3 49  1.99878
96 1 65 113 17 69 49 14 99 56 105 232 107 76 214 19 8 180 144 76 88 110 193 176 241 12 165 188 1 4 74 162 67 32  1.80789
96 1 65 113 27 101 48 78 99 48 104 232 98 72 215 23 1 48 148 124 92 106 193 176 241 12 229 185 33 0 72 163 67 49  1.77638
96 1 65 49 25 101 48 14 99 48 104 232 106 76 215 19 128 48 148 68 108 108 193 176 241 12 229 189 33 0 72 162 67 33  1.34707
11 0 93 113 91 101 50 14 71 184 97 232 238 108 83 87 129 48 54 212 108 110 201 145 189 12 242 237 37 20 106 179 66 49  0
11 0 85 107 74 37 18 10 110 184 32 160 234 204 87 99 129 80 54 228 108 238 72 145 141 12 240 165 37 4 104 179 42 0  0
11 0 92 45 91 101 18 74 99 48 32 160 239 8 87 115 1 16 50 244 108 106 8 145 129 14 241 229 33 0 96 163 6 32  0
11 0 93 125 27 102 18 78 103 240 48 128 234 72 119 243 1 48 50 252 76 106 73 147 153 46 241 237 37 0 104 179 34 32  0
11 0 81 205 95 111 16 14 111 180 116 128 234 64 243 99 128 112 50 230 108 238 105 152 21 47 224 239 38 0 40 178 226 40  0
11 0 93 109 95 101 48 10 71 176 112 162 238 72 83 99 129 51 50 228 108 106 105 209 137 46 240 175 101 16 104 243 66 32  0
11 0 77 125 27 103 48 14 103 176 96 168 110 76 247 115 129 48 54 100 108 110 193 176 185 46 228 173 37 0 104 179 67 41  0
11 0 89 109 91 101 16 78 103 48 97 160 238 8 115 19 129 48 48 244 76 106 73 176 177 46 243 237 33 0 98 179 66 40  0
161 1 93 113 123 101 48 78 79 56 97 232 238 108 91 87 129 48 54 212 124 106 201 144 249 12 243 237 37 132 106 179 66 113  1.14492
161 1 93 127 89 101 50 14 71 184 32 232 174 236 87 87 129 48 54 212 76 110 233 145 233 46 242 237 37 148 106 179 2 113  1.3823
161 1 253 117 111 100 32 14 79 184 97 232 175 76 83 119 153 51 54 196 124 238 233 211 189 12 243 233 101 148 107 179 98 113  1.55946
161 1 125 121 82 68 153 30 70 184 97 224 174 76 91 114 131 182 48 228 108 110 205 195 189 12 186 237 5 20 106 183 74 20  2.01741
161 1 117 123 91 101 50 10 71 176 96 232 238 236 83 65 129 48 54 228 108 110 201 176 237 44 242 237 37 20 105 179 66 49  1.52671
161 1 93 113 91 101 48 30 71 184 97 224 239 76 83 115 137 48 54 196 108 110 201 145 189 12 242 237 37 20 106 179 66 49  1.39938
161 1 93 121 219 100 34 78 87 184 97 232 174 108 95 119 129 50 54 244 108 106 201 193 185 40 243 237 37 20 106 179 66 49  1.49611
161 1 93 117 83 69 50 30 103 184 113 232 110 108 91 115 137 180 54 220 100 106 201 208 189 14 54 237 37 4 106 179 66 49  1.90886
162 1 93 111 78 37 50 10 78 184 52 164 202 237 215 99 131 80 54 229 109 238 236 145 205 14 240 231 45 148 44 179 42 17  1.91054
162 1 85 111 67 37 18 10 111 184 32 160 234 204 83 99 129 80 54 236 108 238 73 144 141 46 240 164 37 4 40 179 34 32  1.36747
162 1 85 107 78 37 18 10 110 48 36 128 194 196 215 67 129 80 54 229 108 238 73 145 133 12 240 161 35 0 40 179 35 0  1.68335
162 1 85 107 88 37 50 10 102 184 32 160 234 236 215 99 129 16 54 196 108 110 72 144 205 12 244 229 37 20 104 179 10 0  1.52097
162 1 93 231 74 37 146 26 110 189 33 160 238 204 67 35 130 16 50 196 108 236 92 152 141 14 250 237 37 69 106 178 138 0  2.32534
162 1 85 97 82 37 18 10 102 232 96 160 235 136 71 194 9 80 50 237 104 234 76 209 141 76 176 164 7 4 104 179 43 0  1.9896
162 1 85 107 74 46 16 10 78 168 32 132 238 137 99 99 3 80 48 228 108 238 76 131 141 44 242 229 37 17 96 179 106 0  1.95017
162 1 84 111 74 36 18 10 78 248 32 164 234 205 87 99 3 16 54 229 108 238 72 147 141 14 240 229 37 4 105 179 34 16  1.76609
163 1 92 37 91 101 50 74 99 48 97 128 239 40 95 115 128 48 50 244 108 106 24 145 169 14 243 237 33 0 98 163 70 33  1.86594
163 1 92 37 91 100 18 106 67 16 32 160 239 8 87 119 1 16 50 244 108 106 8 145 145 14 241 229 33 16 96 243 6 34  1.69554
163 1 84 45 91 101 16 10 99 48 32 128 235 8 87 83 1 80 48 244 108 106 8 145 145 14 241 172 33 0 96 163 98 32  1.96077
163 1 88 45 90 37 18 10 98 34 32 160 234 136 87 35 1 16 50 236 108 104 8 216 133 14 252 229 37 1 96 162 2 8  2.532
163 1 92 33 235 101 18 74 107 48 33 228 239 136 91 119 1 50 50 244 125 234 8 209 181 76 243 237 1 4 99 163 102 96  2.31516
163 1 92 97 27 101 16 78 67 48 32 160 235 72 215 19 1 80 50 244 108 106 73 145 145 12 241 229 33 16 96 163 2 32  2.00433
163 1 92 111 91 101 50 74 103 48 32 164 238 168 87 103 129 16 54 244 108 106 72 145 129 14 240 229 33 0 96 179 6 33  1.62964
163 1 92 32 219 97 146 110 99 16 32 161 239 8 87 51 65 48 50 220 108 56 25 208 177 0 221 237 33 68 224 163 2 32  2.41912
164 1 93 125 91 102 18 78 103 240 48 192 238 72 119 247 1 48 54 252 92 234 105 147 185 46 241 239 37 0 104 179 34 48  1.36258
164 1 85 125 27 102 16 142 103 240 112 128 234 72 119 243 1 48 48 252 76 106 73 179 152 46 241 172 37 0 104 179 98 32  1.4621
164 1 92 109 19 110 16 142 71 176 164 128 234 72 247 211 1 112 48 252 108 106 73 131 152 47 241 229 33 24 40 179 34 32  2.14986
164 1 29 93 27 238 18 70 111 248 52 128 235 66 119 243 33 112 120 252 30 234 73 147 25 46 241 237 167 0 40 179 32 32  2.68092
164 1 92 125 91 102 18 74 103 252 48 128 234 72 119 211 1 16 50 252 76 106 73 147 153 46 241 165 37 0 96 179 35 40  1.81708
164 1 93 121 155 100 16 14 71 144 32 128 234 72 87 211 1 48 48 252 108 106 73 211 153 40 241 237 37 0 104 179 34 32  1.88059
164 1 93 109 18 70 17 158 70 224 225 128 234 8 123 242 1 180 48 236 72 106 77 131 152 46 179 237 5 8 106 51 106 4  2.205
164 1 221 93 19 110 50 70 71 248 53 0 235 96 127 247 137 244 54 253 76 234 105 131 25 111 177 236 37 8 106 179 35 49  2.71432
165 1 81 205 87 79 18 142 110 188 116 0 234 64 115 99 136 244 50 230 104 234 105 153 29 127 176 174 6 0 104 178 163 40  2.08546
165 1 89 205 95 111 48 142 71 181 116 0 238 64 115 115 128 112 48 230 108 106 105 152 17 47 224 239 36 0 104 178 226 40  1.45457
165 1 81 205 79 239 148 6 111 182 116 128 202 66 115 99 49 112 112 230 60 238 105 153 21 47 241 239 166 0 41 242 240 40  2.17595
165 1 209 77 79 239 52 6 111 48 116 66 202 70 243 99 177 97 114 228 60 238 233 148 53 47 224 239 226 0 44 179 112 40  2.30509
165 1 81 207 95 111 48 10 111 180 116 128 234 192 243 99 129 112 50 230 108 238 105 152 5 47 228 174 38 0 40 178 98 40  1.7065
165 1 89 77 79 103 16 14 111 180 100 192 238 68 243 99 145 112 48 228 124 238 201 152 245 45 228 239 164 0 40 178 98 40  1.81862
165 1 81 205 31 101 176 14 111 183 116 128 106 64 247 35 128 112 50 102 108 108 97 152 145 47 236 174 38 0 40 242 163 40  1.96255
165 1 89 143 79 101 176 138 111 183 116 0 106 196 243 35 144 112 50 230 108 108 249 152 69 47 236 239 36 64 104 130 194 40  1.80333
166 1 221 77 111 103 32 10 111 176 112 226 238 192 83 99 145 115 50 228 124 238 233 209 173 46 240 235 229 128 109 243 98 32  1.74583
166 1 85 109 159 102 48 10 71 176 160 162 174 72 247 99 129 82 50 228 108 106 105 193 137 46 240 167 101 16 104 243 2 32  1.76172
166 1 93 111 87 101 178 42 103 178 112 170 110 104 87 115 129 48 51 246 108 106 105 208 137 46 248 239 37 0 234 243 66 33  1.76172
166 1 85 109 95 101 48 10 103 176 112 162 234 72 83 99 129 49 50 228 108 106 105 240 137 46 240 175 101 0 104 243 66 32  1.3616
166 1 85 109 95 100 48 10 71 184 96 160 170 72 83 99 129 51 50 228 108 106 105 209 137 44 240 171 101 16 104 179 66 32  1.5164
166 1 253 111 94 102 48 26 70 176 240 162 174 76 115 99 131 51 50 228 108 110 236 195 173 46 242 235 101 16 106 243 74 0  1.82946
166 1 213 108 95 85 2 10 103 176 112 130 230 72 115 99 129 51 50 228 108 106 105 213 181 46 240 171 101 0 104 241 98 40  1.88552
166 1 93 109 222 69 144 58 102 178 112 162 110 72 83 35 129 50 50 228 108 106 9 208 165 42 254 239 101 0 234 243 74 0  2.16937
167 1 85 117 91 103 50 14 103 184 104 168 107 104 247 115 137 48 54 84 108 106 65 176 153 47 228 173 37 0 104 179 3 33  1.64248
167 1 77 127 91 103 48 14 103 176 112 136 110 108 247 115 129 48 54 108 76 106 225 176 169 46 228 173 37 0 104 179 67 41  1.37535
167 1 69 253 31 69 176 14 103 176 104 168 106 76 215 115 129 48 54 100 108 106 193 176 185 46 236 174 37 68 104 179 67 33  1.9293
167 1 77 125 91 103 48 14 111 176 96 232 110 76 243 115 145 48 20 228 124 110 201 176 249 46 229 237 37 0 104 179 66 33  1.52326
167 1 65 105 27 103 48 14 103 180 104 128 106 72 247 83 129 48 50 100 108 106 65 176 177 44 229 172 37 0 72 179 67 40  1.60944
167 1 73 239 89 101 48 138 103 180 96 160 110 204 247 35 129 48 54 110 108 110 193 152 237 47 236 237 37 0 104 178 67 41  1.90549
167 1 85 93 31 101 48 14 111 176 116 232 106 68 247 115 145 112 54 100 124 110 225 144 181 46 228 175 39 0 104 179 3 57  1.81247
167 1 77 125 27 103 48 14 103 176 104 232 110 76 223 115 1 48 182 100 124 110 193 176 185 44 229 253 37 0 72 179 67 33  1.54999
168 1 93 109 91 101 16 78 103 48 96 160 110 8 83 19 1 48 48 244 76 106 73 176 177 46 247 237 33 0 98 179 66 32  1.20481
168 1 112 105 91 101 48 74 71 48 96 160 234 72 115 19 129 48 50 244 76 106 73 176 225 44 241 173 33 16 96 179 66 40  1.74297
168 1 121 105 91 102 16 78 71 176 97 128 238 8 115 83 129 48 48 228 108 106 73 163 185 45 243 237 33 16 98 179 66 40  1.8279
168 1 89 109 91 101 16 14 103 55 97 160 110 72 115 51 128 48 48 236 76 104 73 184 177 14 243 237 37 0 98 178 66 40  1.62837
168 1 88 109 219 101 144 106 103 150 113 160 110 8 51 51 129 48 50 254 108 88 9 248 177 42 231 239 37 0 226 241 70 40  2.03065
168 1 89 105 107 101 16 78 111 48 97 224 238 8 83 23 145 48 48 228 124 238 201 144 181 12 243 237 33 0 99 179 66 96  1.79426
168 1 89 109 83 69 17 94 103 48 97 128 238 8 123 19 129 180 48 228 76 106 73 177 177 46 179 237 0 0 98 179 98 40  1.54764
168 1 121 109 90 100 17 30 70 52 97 160 238 8 115 51 1 48 48 228 108 106 73 187 209 44 243 237 5 16 106 178 74 8  1.87732
12 0 109 225 24 101 56 31 66 184 99 232 173 76 211 65 90 48 144 204 76 110 205 114 217 29 238 221 37 116 74 162 74 0  0
12 0 101 97 17 101 29 15 70 168 98 160 168 8 211 81 73 48 152 204 72 106 73 114 217 28 173 156 5 52 64 59 66 32  0
12 0 116 97 25 97 24 15 67 24 98 160 169 72 215 83 73 48 16 220 76 106 73 50 217 28 241 141 33 52 96 163 66 32  0
12 0 109 241 89 101 56 15 71 184 99 168 172 104 211 83 201 48 20 220 76 122 73 98 233 28 239 205 37 60 106 179 66 33  0
12 0 101 229 25 107 184 15 71 189 98 40 169 72 211 81 8 48 144 204 76 106 75 34 217 63 237 156 37 124 72 146 194 32  0
12 0 101 113 145 65 248 31 70 152 107 232 41 76 210 112 205 180 145 76 68 122 201 114 249 26 47 156 5 52 202 243 66 164  0
12 0 101 101 41 101 188 15 71 184 98 232 169 76 211 113 89 48 152 76 92 126 201 112 249 28 237 157 37 52 72 187 82 32  0
12 0 101 113 25 101 40 79 71 184 106 168 43 72 215 81 73 50 144 84 108 106 73 112 249 8 229 153 37 52 72 179 66 33  0
233 1 109 177 56 96 57 31 83 184 99 232 173 12 211 93 90 48 156 204 92 110 207 34 249 29 235 221 37 124 74 163 74 83  1.96969
233 1 109 99 72 37 56 27 70 184 98 228 173 205 211 65 219 16 16 196 108 110 204 114 205 28 238 205 37 52 106 179 74 64  1.68067
233 1 109 161 16 101 57 31 70 57 99 168 175 76 211 65 88 180 144 196 108 110 205 112 217 28 175 221 5 52 74 162 74 0  1.64896
233 1 101 225 8 37 60 31 70 184 98 232 172 76 211 104 95 50 152 196 108 110 205 98 221 28 238 221 37 52 72 186 90 4  1.95193
233 1 109 225 16 38 57 29 66 184 99 232 173 76 227 192 203 180 144 204 108 110 207 98 219 29 170 221 5 60 74 167 74 4  2.17816
233 1 117 227 8 33 24 155 66 168 98 160 160 77 195 64 66 144 152 204 76 116 78 114 205 29 172 197 37 117 104 2 74 0  2.36446
233 1 109 225 24 97 56 15 66 184 99 168 173 76 211 65 74 48 144 204 76 126 207 114 217 29 238 221 37 116 72 163 74 0  1.3823
233 1 233 240 24 97 56 31 66 56 115 232 165 76 211 80 10 49 144 140 76 110 237 102 249 31 231 217 33 52 72 130 74 0  2.20048
234 1 101 101 25 101 29 79 71 168 98 160 169 8 210 81 73 48 152 204 72 106 73 114 217 30 237 157 5 52 64 59 66 34  1.07807
234 1 101 105 17 110 24 143 70 232 110 160 168 72 242 208 9 48 152 232 72 106 75 35 218 61 177 156 5 56 88 59 66 32  2.02495
234 1 101 97 145 69 93 79 71 168 99 160 169 8 210 81 77 54 152 204 104 106 73 114 249 24 45 156 5 52 64 59 66 32  1.47951
234 1 117 97 0 44 25 15 70 232 98 160 168 76 194 64 9 144 152 204 72 98 77 35 217 28 176 148 5 62 72 59 74 4  1.94142
234 1 97 101 144 101 29 15 70 172 98 160 168 8 210 48 65 50 152 196 104 106 72 114 217 28 173 156 5 52 64 58 90 10  1.72177
234 1 101 97 17 101 25 15 70 168 98 160 170 72 211 81 73 48 144 204 104 106 73 240 217 28 173 156 5 52 72 51 66 32  1.28193
234 1 101 105 9 101 28 15 71 168 98 160 168 8 211 65 81 48 24 204 72 106 73 114 217 60 237 140 5 52 64 59 82 160  1.46642
234 1 101 233 17 69 89 15 70 168 98 160 160 72 242 80 69 180 152 108 64 106 73 114 217 61 45 152 5 52 72 59 66 168  1.75014
235 1 116 97 25 100 24 15 71 184 96 160 169 72 215 83 9 16 16 196 76 106 73 35 217 28 241 137 33 60 96 179 66 32  1.3548
235 1 112 161 25 97 24 79 67 56 98 160 161 8 215 83 72 48 16 156 76 104 75 98 217 29 233 137 33 116 96 130 66 32  1.78976
235 1 124 97 153 101 24 79 67 24 98 160 171 72 215 19 65 50 16 220 108 122 9 114 217 8 249 237 37 52 96 163 66 32  1.64119
235 1 116 241 25 101 24 79 67 184 34 224 169 8 215 87 72 48 16 220 76 106 73 18 249 29 241 133 33 52 96 163 6 50  2.00063
235 1 116 96 25 96 56 77 67 24 98 168 169 8 215 211 73 48 144 156 76 106 11 34 216 31 209 141 33 60 64 35 66 34  1.91562
235 1 117 113 25 44 24 15 66 88 34 168 169 76 215 211 9 16 144 236 76 98 73 3 217 28 241 164 33 60 104 51 2 0  1.88552
235 1 116 99 153 33 56 11 67 152 34 160 169 72 215 67 73 16 16 204 76 122 8 82 201 24 252 133 37 52 224 179 2 32  1.7487
235 1 116 32 25 97 56 15 67 24 98 160 171 72 215 83 73 48 16 220 76 106 9 112 217 28 197 141 33 52 96 163 66 32  1.50395
236 1 109 247 89 101 56 15 71 184 98 232 173 108 211 113 201 48 20 220 76 106 201 98 249 30 238 205 37 60 104 179 66 49  1.75158
236 1 124 241 25 100 56 79 87 184 35 168 172 104 215 87 73 48 148 220 76 106 73 66 249 28 251 205 37 60 106 179 6 51  1.88882
236 1 109 241 89 97 56 15 71 184 99 168 172 72 211 81 201 52 20 220 76 122 201 114 249 28 239 221 37 52 106 179 66 33  1.39837
236 1 101 121 217 96 120 15 67 152 34 168 172 104 215 211 193 48 22 220 76 122 75 66 201 24 252 141 37 60 104 179 2 33  2.34601
236 1 108 99 89 101 56 75 71 184 98 168 173 104 211 81 201 48 18 220 76 122 73 114 233 28 236 141 37 52 96 179 70 33  1.959
236 1 124 179 81 65 184 27 66 184 99 168 173 104 83 83 200 180 22 220 76 122 91 98 201 28 190 220 37 124 98 163 66 33  2.44472
236 1 116 251 89 37 56 11 71 184 34 168 168 236 215 67 201 16 22 196 76 110 201 66 205 61 236 132 37 188 104 179 2 49  2.34863
236 1 109 249 89 102 120 141 71 184 99 168 172 104 243 211 193 48 20 252 76 106 75 98 234 61 239 217 37 60 74 179 66 41  2.17816
237 1 101 237 25 110 56 141 71 188 98 8 232 72 246 209 9 48 144 106 76 106 75 34 218 63 225 188 37 56 72 51 66 40  1.92758
237 1 101 165 25 99 184 15 70 189 98 40 169 72 211 81 136 48 144 198 76 106 91 42 201 29 172 156 37 116 72 130 194 32  1.84992
237 1 97 229 25 111 56 15 71 189 98 40 168 72 243 83 8 48 16 196 76 106 75 34 217 31 229 172 37 60 72 178 194 40  1.86594
237 1 101 229 25 99 184 15 71 189 114 168 169 72 211 81 72 48 145 204 76 122 123 114 217 63 237 157 37 124 72 178 194 32  1.55353
237 1 33 225 25 107 56 143 71 252 102 40 233 72 243 81 8 48 152 136 78 106 75 34 89 61 229 141 33 124 88 154 194 168  2.00063
237 1 101 245 25 106 56 79 71 184 34 104 169 76 215 87 8 48 148 220 92 110 203 2 249 63 233 156 37 124 72 130 130 113  2.08144
237 1 69 245 25 99 176 15 103 188 126 40 107 76 215 83 136 48 148 76 76 110 195 176 217 63 237 156 37 116 72 146 195 33  2.29263
237 1 100 229 17 106 184 143 67 184 99 40 169 72 211 81 8 16 144 196 76 122 75 34 201 63 169 156 37 124 64 147 66 32  2.5164
238 1 101 101 209 71 248 15 70 152 99 168 169 72 210 112 205 182 25 204 68 122 201 114 217 42 44 156 5 60 201 243 66 164  2.05377
238 1 101 113 241 69 249 95 71 152 107 232 172 76 210 52 197 54 148 204 100 126 201 114 249 8 47 156 5 54 202 243 66 117  2.13495
238 1 101 113 17 68 120 31 70 184 107 232 169 76 210 112 205 182 148 68 108 110 205 99 251 28 56 28 5 62 72 51 66 53  2.50715
238 1 109 101 145 65 249 63 70 152 99 168 45 72 210 113 205 180 145 76 64 122 137 114 249 26 47 220 5 52 202 243 66 164  1.50733
238 1 101 113 209 65 240 15 99 152 107 168 41 76 210 80 205 52 144 76 68 122 129 112 249 24 45 156 37 52 200 179 66 165  1.84674
238 1 101 245 17 71 185 31 70 184 123 232 41 76 210 112 77 180 145 76 68 106 237 112 249 30 47 222 5 54 74 115 74 21  2.19373
238 1 37 241 113 67 125 95 198 184 107 232 41 72 210 80 221 180 152 76 64 106 201 114 249 28 47 152 5 52 74 187 66 164  2.12235
238 1 101 96 145 65 104 31 70 152 122 232 32 76 210 80 221 180 145 76 64 126 193 116 249 58 45 156 5 52 72 179 66 164  2.23961
239 1 101 97 169 101 188 15 71 152 98 232 171 76 211 113 89 50 153 68 124 126 201 112 249 8 237 157 37 52 200 251 82 32  1.45887
239 1 229 109 41 37 60 15 79 184 114 232 160 77 211 73 81 50 152 204 93 111 233 114 249 30 237 153 165 52 72 187 82 112  2.09557
239 1 101 97 41 103 60 15 71 184 96 232 171 76 211 81 25 48 152 68 76 110 201 176 249 28 229 157 37 52 72 187 82 32  1.91054
239 1 45 117 57 97 188 79 71 184 98 232 45 12 211 85 89 48 152 76 84 110 201 112 249 28 239 221 37 52 72 187 82 240  2.13919
239 1 101 117 105 101 248 15 71 184 98 232 173 76 211 81 217 48 28 204 84 110 201 114 249 28 109 141 37 52 72 179 66 240  2.09151
239 1 229 101 25 103 52 15 103 184 122 232 35 76 215 81 89 48 144 76 92 126 233 240 217 46 237 156 37 52 72 179 66 32  2.19373
239 1 37 165 41 97 188 15 67 184 98 232 169 76 211 113 89 48 153 204 76 126 155 112 249 30 237 157 37 116 200 171 82 32  1.95722
239 1 37 121 41 45 60 15 199 248 70 232 184 76 243 89 17 48 152 72 94 111 203 34 123 61 229 157 33 60 88 59 82 240  2.67728
240 1 229 113 29 101 40 15 71 184 104 232 163 76 215 81 201 51 148 68 108 106 201 112 249 12 229 153 101 52 72 179 66 49  1.31211
240 1 69 113 25 101 48 79 103 184 106 232 42 76 215 87 73 48 148 92 124 106 193 240 249 12 229 157 37 52 72 179 67 49  1.49499
240 1 101 121 25 70 104 77 71 184 106 232 32 72 246 209 73 50 144 124 96 106 65 98 250 57 101 152 37 60 72 51 66 161  2.14345
240 1 101 96 153 97 40 15 67 152 106 168 35 72 215 81 201 58 145 68 108 122 9 112 201 0 205 153 37 52 200 179 66 33  1.53479
240 1 101 113 153 103 40 79 71 152 98 168 171 72 215 81 73 50 144 84 108 106 73 112 217 8 229 137 37 52 72 179 66 32  1.39433
240 1 100 113 185 101 56 79 67 152 106 232 47 8 214 85 73 50 144 84 108 122 9 112 249 8 237 157 37 52 64 51 70 35  1.67665
240 1 101 113 25 101 40 15 71 184 106 168 43 72 215 83 73 50 144 84 108 106 73 112 217 12 237 153 37 52 72 179 66 33  1.35868
240 1 109 112 153 101 40 15 67 24 107 168 39 72 215 17 65 50 144 68 108 106 9 112 249 8 199 249 33 52 72 179 66 32  1.94142
13 0 225 108 29 101 32 14 103 52 120 170 98 72 247 49 1 51 144 100 108 106 105 244 241 44 229 187 101 16 72 176 66 40  0
13 0 225 45 29 101 176 15 69 55 112 170 238 72 243 49 0 51 16 230 108 40 105 248 241 14 229 235 101 16 96 240 194 40  0
13 0 112 105 29 101 0 79 71 48 96 160 162 8 247 51 1 51 16 244 108 106 73 240 209 12 229 171 101 16 96 178 66 40  0
13 0 105 121 61 101 32 79 71 52 96 232 102 8 247 21 1 50 144 116 108 106 73 240 241 44 231 249 37 16 64 178 70 42  0
13 0 177 77 29 109 28 79 71 60 116 2 226 8 243 81 1 113 88 228 108 106 105 180 113 63 225 171 96 16 112 186 66 40  0
13 0 249 124 125 101 32 78 71 48 112 234 230 8 243 53 145 51 16 244 124 106 233 244 241 14 231 235 97 16 96 241 70 120  0
13 0 229 101 29 101 40 79 71 56 96 170 166 8 211 49 1 51 144 212 108 106 105 244 241 12 231 251 101 20 64 179 66 34  0
13 0 240 109 95 101 0 78 71 48 112 162 230 8 115 49 1 51 16 244 108 106 105 247 241 14 241 235 101 16 96 176 70 40  0
305 1 225 109 20 85 1 31 102 164 120 162 98 8 242 48 5 179 128 100 104 106 109 248 209 44 37 186 69 16 72 48 74 12  1.86594
305 1 193 93 31 103 32 14 103 52 120 138 98 72 247 115 1 115 48 100 108 106 97 244 145 44 229 170 100 0 72 178 67 40  1.3823
305 1 197 104 159 117 32 78 103 48 120 170 98 72 247 51 1 59 128 100 108 106 105 244 241 40 197 187 101 16 72 241 66 32  1.23701
305 1 225 104 29 117 96 15 101 52 112 170 98 72 243 17 1 49 16 108 96 106 97 244 241 44 101 170 101 0 72 176 66 168  1.58109
305 1 193 125 29 101 32 14 103 180 120 170 98 72 247 51 1 51 144 116 108 106 97 244 241 46 229 171 101 16 72 176 67 41  1.12393
305 1 225 104 189 85 44 15 101 52 120 234 38 8 242 48 21 51 128 100 104 110 225 244 241 40 101 186 69 48 72 48 66 40  2.02685
305 1 225 109 29 101 36 15 103 52 120 170 98 76 247 49 17 51 144 100 108 110 233 244 209 44 229 187 101 16 72 178 66 40  1.10112
305 1 225 124 23 85 33 79 103 54 121 170 98 72 246 49 1 55 128 116 104 106 97 252 241 46 165 186 84 16 74 48 66 40  1.8279
306 1 233 141 93 101 176 14 71 55 112 170 238 76 243 33 144 49 16 230 108 110 233 248 113 47 231 235 101 16 104 240 194 40  1.62455
306 1 97 47 236 101 160 11 69 55 112 174 174 8 243 33 146 51 0 230 108 44 232 248 229 12 236 171 117 16 96 240 194 104  1.92758
306 1 105 173 85 69 177 95 69 55 113 168 238 8 243 49 128 183 0 246 108 40 121 248 241 12 231 251 101 16 98 160 194 40  1.80941
306 1 201 44 157 117 160 110 101 55 112 162 102 24 243 51 1 59 1 102 108 8 105 252 241 10 231 235 117 0 226 240 194 40  1.98231
306 1 97 45 29 101 176 15 71 55 112 170 234 72 243 49 0 51 16 102 108 40 105 248 241 14 229 175 101 16 64 240 194 40  1.30287
306 1 233 44 29 117 148 79 69 55 116 170 230 24 243 49 0 49 25 230 108 40 105 252 113 14 229 235 117 16 96 248 194 40  2.05768
306 1 97 45 28 101 145 111 69 39 112 162 238 8 243 49 1 51 144 230 104 40 104 248 241 14 231 239 69 16 64 112 66 42  1.9679
306 1 209 5 157 101 160 14 69 55 112 170 238 88 247 51 0 115 16 246 108 40 105 216 209 14 229 235 116 16 40 240 194 40  1.86756
307 1 112 104 29 101 0 79 67 48 96 160 162 8 215 17 1 51 16 244 108 106 73 240 209 12 197 171 97 16 96 163 66 34  1.56782
307 1 208 105 29 101 0 78 103 48 32 160 226 72 215 51 1 115 48 244 108 106 105 208 209 12 229 171 97 16 96 179 66 32  1.99694
307 1 112 107 93 101 32 75 71 48 96 160 34 104 247 51 129 51 18 244 108 106 73 240 193 12 228 171 101 16 96 178 70 41  1.95193
307 1 120 105 29 101 8 79 71 60 96 160 174 8 247 51 1 50 16 244 108 106 72 240 241 12 229 235 101 48 96 178 70 42  1.77638
307 1 208 105 29 101 8 78 71 48 224 160 162 8 247 51 1 51 0 244 108 106 105 225 209 12 225 171 101 16 96 178 66 40  1.74583
307 1 96 105 21 69 0 79 103 36 96 160 226 8 243 49 1 50 16 244 104 106 73 248 209 44 229 170 69 16 64 178 66 40  1.53363
307 1 81 105 157 101 0 78 71 52 96 160 162 8 247 51 1 50 16 244 108 106 73 240 209 8 229 171 101 16 96 178 66 40  1.8708
307 1 113 105 29 101 0 15 71 48 96 160 170 72 243 49 1 51 16 228 108 106 73 240 209 12 229 171 101 16 104 178 66 40  1.61949
308 1 105 105 57 101 37 95 71 52 97 232 166 8 243 17 17 50 144 100 108 106 73 240 241 40 231 249 5 48 66 58 66 42  1.84992
308 1 105 121 53 69 41 95 71 52 105 232 38 8 242 53 5 182 128 116 104 106 201 248 241 44 39 249 69 50 74 178 66 60  2.18258
308 1 104 121 125 101 40 79 71 52 97 236 166 8 243 21 1 50 16 244 108 106 73 240 241 12 231 249 37 16 98 178 70 122  1.86272
308 1 233 121 61 103 48 79 71 180 120 232 102 8 247 85 1 49 144 116 124 106 105 240 249 45 231 249 37 16 64 178 70 42  1.98595
308 1 73 121 61 101 32 78 103 52 104 232 102 72 247 23 1 50 148 116 124 106 193 240 241 44 229 249 37 16 72 178 67 57  1.93968
308 1 104 125 61 101 52 79 71 52 96 168 110 8 247 53 1 48 144 116 108 106 73 248 241 44 231 255 37 16 64 186 70 42  1.80333
308 1 77 121 159 101 97 78 103 176 233 136 102 8 254 247 1 55 144 116 120 106 65 240 176 40 231 249 69 0 66 179 67 42  2.84301
308 1 104 120 189 101 32 111 65 18 96 234 46 8 215 21 1 58 128 116 108 106 9 240 241 8 197 249 97 16 64 113 70 34  2.35388
309 1 176 68 29 109 4 79 69 56 116 34 230 8 243 17 1 113 88 180 108 106 105 180 81 31 225 235 96 16 112 184 66 42  2.165
309 1 177 77 31 109 29 207 70 96 244 0 226 8 243 81 1 49 216 164 72 106 105 167 81 63 177 171 0 16 64 58 66 42  2.52573
309 1 241 77 31 255 12 6 71 60 84 2 226 66 243 115 49 97 88 228 42 106 105 165 81 47 225 170 226 16 48 186 112 40  2.52886
309 1 177 79 12 63 40 15 71 188 116 14 230 12 243 65 19 17 24 228 108 110 232 164 65 63 226 235 96 16 120 176 74 8  2.91415
309 1 184 205 125 237 52 75 71 61 84 96 246 2 243 117 176 113 88 180 62 106 105 184 113 29 229 235 224 16 116 186 212 104  3.11227
309 1 177 77 127 111 52 206 71 52 116 0 230 0 243 113 144 113 88 228 108 106 105 188 113 47 231 235 96 16 96 186 66 40  2.46217
309 1 161 92 29 127 8 79 71 188 116 10 226 72 243 113 1 49 24 244 108 106 105 164 121 63 225 171 97 16 80 187 66 40  2.10784
309 1 161 77 29 109 28 79 71 44 116 160 226 8 243 17 17 49 88 228 104 106 105 184 81 63 229 170 65 16 64 58 82 40  2.19823
310 1 217 124 255 101 0 78 101 48 112 226 102 8 243 53 17 59 48 244 124 106 233 244 241 8 199 235 97 0 98 241 70 120  1.67531
310 1 249 108 109 101 36 94 71 50 112 230 230 8 243 45 147 51 24 228 124 110 232 244 245 14 231 235 97 16 97 241 86 104  1.70238
310 1 249 113 109 101 32 78 79 56 96 234 230 76 211 53 145 51 20 228 124 110 233 244 245 12 231 235 97 144 104 178 66 113  1.68605
310 1 249 124 189 117 40 78 71 182 112 234 166 8 243 53 129 51 4 244 124 106 233 228 241 46 227 235 101 16 104 240 70 121  1.65287
310 1 237 124 127 69 32 79 103 48 113 234 118 8 211 53 145 51 16 116 124 106 233 244 241 14 103 251 97 16 66 243 70 113  2.07944
310 1 249 124 125 101 32 78 71 48 112 234 230 8 243 55 129 51 20 244 124 106 233 244 241 14 231 235 97 16 96 176 70 121  1.5559
310 1 233 125 253 101 40 79 71 184 112 238 166 8 243 53 145 51 24 244 124 106 233 244 241 46 231 235 101 48 96 240 70 120  2.26336
310 1 185 124 125 101 48 79 71 48 113 234 102 72 115 53 145 49 16 244 84 106 233 244 113 46 231 235 97 16 106 177 66 120  2.26336
311 1 252 116 61 101 40 79 71 56 96 170 167 8 215 21 9 51 16 212 108 106 105 244 249 12 231 235 97 20 96 179 70 35  1.82946
311 1 229 117 125 68 104 79 71 56 97 234 166 8 82 113 133 51 16 244 108 106 233 227 249 12 119 187 101 20 74 178 66 33  2.38597
311 1 229 109 61 101 44 79 71 184 96 234 166 8 211 49 17 51 152 196 108 106 233 240 249 12 231 251 101 52 64 187 82 32  1.8217
311 1 229 100 29 101 13 79 71 40 112 162 166 8 211 17 1 51 152 196 104 106 105 244 241 12 231 251 65 20 64 59 66 34  1.79426
311 1 228 117 29 101 40 79 71 56 96 170 166 8 215 51 1 51 144 212 108 106 105 244 241 12 229 235 101 20 64 243 70 34  1.8531
311 1 229 100 29 101 36 79 103 56 120 170 39 8 215 49 1 59 144 84 108 106 105 244 249 12 229 251 101 20 64 243 66 34  1.92415
311 1 224 36 61 101 40 79 69 57 112 170 167 24 211 49 0 59 152 148 108 42 105 244 241 12 199 251 97 52 64 168 70 34  2.09354
311 1 229 112 29 101 40 79 69 56 104 250 166 8 215 17 1 59 128 84 108 106 105 228 241 8 197 251 97 20 72 49 66 34  2.18037
312 1 240 108 255 117 64 78 103 54 112 162 230 8 115 49 1 59 48 244 96 106 105 246 241 42 117 171 101 0 97 240 70 168  1.95546
312 1 249 109 94 100 8 30 71 52 97 162 166 8 115 49 1 51 16 228 108 106 105 227 241 12 243 235 101 16 99 178 74 40  1.99694
312 1 248 109 127 100 0 78 71 48 112 162 230 8 115 119 1 51 16 244 108 106 105 231 241 14 241 235 101 16 96 178 70 40  1.55235
312 1 241 109 87 68 9 94 71 36 97 162 166 8 114 49 5 55 0 228 104 106 105 235 241 12 51 186 69 16 99 176 66 44  2.51022
312 1 240 108 95 101 0 74 71 48 112 162 230 8 115 51 1 51 48 244 108 106 104 245 225 14 243 235 97 16 96 176 70 40  1.50283
312 1 248 108 87 101 1 78 71 48 113 162 230 8 115 17 1 181 16 244 108 106 105 246 241 46 243 235 65 16 98 177 70 40  2.07545
312 1 240 109 31 100 0 79 71 48 112 162 166 8 115 49 1 51 16 244 108 106 105 247 241 14 241 171 101 16 96 176 70 42  1.68605
312 1 240 108 14 37 0 75 71 96 112 166 226 8 115 1 1 17 24 228 104 106 104 247 209 14 241 163 65 17 97 48 70 10  2.21641
14 0 56 109 121 101 81 207 67 120 113 164 236 8 51 17 0 48 24 188 68 104 72 186 113 31 243 205 1 49 99 138 70 170  0
14 0 60 125 121 101 112 79 87 248 49 236 236 8 83 87 1 48 28 220 69 106 105 178 249 30 243 205 37 52 99 179 70 243  0
14 0 36 109 121 78 88 207 71 248 112 160 236 8 115 209 5 48 24 248 66 106 73 178 120 63 115 140 5 56 113 187 70 162  0
14 0 120 237 123 110 24 207 87 252 97 132 236 8 115 215 1 48 16 252 76 106 72 163 248 63 243 237 37 57 98 178 70 106  0
14 0 125 109 121 68 81 95 71 248 97 228 172 8 83 81 215 52 24 204 68 106 200 242 253 14 123 205 5 53 99 179 70 224  0
14 0 60 101 121 101 80 79 71 248 113 160 237 8 83 81 9 48 24 220 68 106 72 178 249 30 243 205 37 52 99 179 70 162  0
14 0 52 101 123 108 82 75 71 104 52 132 239 8 83 215 33 16 120 252 66 234 72 179 56 14 243 173 1 5 97 179 102 162  0
14 0 124 101 90 36 17 75 70 104 97 164 234 9 67 65 3 16 56 236 204 98 76 179 193 14 243 229 1 53 97 179 78 2  0
377 1 56 237 121 109 85 207 71 125 117 36 236 8 51 17 0 48 24 184 68 104 104 186 113 31 243 205 0 49 115 138 70 170  1.37141
377 1 56 45 121 101 81 79 71 119 113 164 238 8 51 49 0 48 24 254 68 40 104 186 241 14 243 207 5 49 99 224 70 170  1.66733
377 1 56 105 121 101 80 79 67 112 97 164 238 8 115 21 1 48 24 188 68 106 72 178 113 28 119 205 33 48 99 170 70 234  1.59086
377 1 56 105 123 96 81 203 83 80 113 164 228 8 19 17 1 48 56 188 68 120 8 186 240 12 243 205 33 49 99 130 70 170  1.94316
377 1 120 105 89 100 81 207 67 112 97 160 236 8 51 17 0 48 24 188 68 104 73 186 240 31 243 205 1 48 99 130 66 170  1.58597
377 1 56 237 88 105 80 203 67 252 51 36 236 8 51 1 0 16 24 152 68 104 74 186 65 31 243 205 33 117 97 130 70 170  1.86918
377 1 56 165 121 97 16 207 83 121 115 165 236 8 83 21 0 48 24 156 68 120 58 186 121 31 251 205 33 117 99 138 198 98  1.9951
377 1 56 36 121 97 93 79 65 90 113 164 236 8 19 17 1 48 24 156 68 40 8 178 113 30 211 205 1 53 99 136 70 162  2.05768
378 1 188 117 121 100 48 79 87 248 113 236 244 40 83 93 155 49 30 220 85 106 233 178 121 30 243 201 37 180 99 179 70 243  1.43759
378 1 44 125 121 101 240 79 87 248 115 232 108 8 83 117 1 48 28 252 84 106 233 242 249 62 103 205 37 52 99 243 70 243  1.43025
378 1 124 113 121 100 112 79 87 120 33 236 236 8 83 87 1 48 28 220 85 106 73 178 249 12 243 205 33 52 99 179 70 115  1.06711
378 1 60 253 121 99 240 79 87 248 51 236 172 8 83 87 72 48 29 220 85 122 123 114 249 63 251 205 37 116 99 179 198 243  1.47622
378 1 188 252 121 111 16 79 87 248 48 102 228 13 83 87 9 17 28 220 69 106 105 214 121 63 243 207 37 52 97 179 70 242  1.94491
378 1 60 125 121 97 114 79 83 248 97 232 188 104 91 21 129 52 62 220 68 106 201 178 249 30 255 205 33 116 99 163 70 241  2.09964
378 1 188 116 121 97 112 111 83 88 49 172 228 8 19 23 1 48 20 156 69 106 40 182 241 30 211 205 33 52 98 161 70 243  1.88223
378 1 60 127 121 101 114 75 87 248 49 172 252 168 83 117 129 16 30 252 68 106 104 178 233 62 243 207 37 52 99 243 70 243  1.61823
379 1 164 237 121 70 80 207 71 252 112 160 108 8 115 81 5 48 24 248 64 106 105 178 248 63 117 140 5 56 97 179 70 168  1.6847
379 1 37 109 121 78 93 207 71 248 99 160 236 8 114 209 5 52 152 248 66 106 73 50 120 63 119 221 5 56 83 59 66 162  1.75736
379 1 36 117 121 76 88 79 199 120 114 224 237 8 82 213 5 48 24 248 66 106 73 35 120 31 113 140 1 60 81 187 70 242  2.17595
379 1 52 109 18 78 89 143 70 232 86 160 232 8 98 193 5 16 88 232 66 106 72 163 88 63 49 140 5 56 81 59 66 130  2.16718
379 1 36 109 123 78 80 207 103 248 112 128 108 8 115 213 5 48 24 248 66 106 73 178 248 63 119 140 5 40 97 179 70 160  1.87405
379 1 52 109 121 110 88 207 71 248 116 160 236 8 115 81 1 48 24 248 66 106 104 178 120 63 113 141 37 56 113 187 70 170  1.45137
379 1 52 109 83 78 89 207 71 248 117 128 237 8 114 209 5 180 24 248 66 106 105 163 120 63 51 156 1 58 83 187 70 160  2.02306
379 1 52 237 105 110 92 207 199 248 86 160 252 10 115 221 53 48 88 248 86 106 233 178 120 63 115 141 165 60 117 187 86 170  2.39142
380 1 120 237 123 110 17 78 87 252 113 132 238 8 115 119 1 48 56 246 77 234 104 187 121 63 243 239 37 17 99 242 230 106  2.26577
380 1 248 237 121 110 24 207 87 252 112 4 236 8 115 215 8 48 16 248 76 106 106 35 248 63 243 237 33 57 96 146 70 42  1.74012
380 1 124 105 123 110 24 207 87 248 97 132 236 8 115 215 1 48 24 252 76 106 72 163 248 61 243 237 33 25 97 179 102 98  1.7065
380 1 120 237 91 110 208 203 71 253 113 132 236 8 115 243 0 16 16 254 68 106 104 187 232 63 251 237 37 57 98 178 198 42  2.16282
380 1 120 253 121 100 24 75 87 188 99 164 172 8 115 117 1 48 16 244 76 106 72 35 249 63 243 237 37 61 98 178 70 106  1.78677
380 1 120 237 123 110 57 207 87 252 97 168 236 8 115 241 1 48 152 254 76 106 72 171 248 63 243 253 5 57 98 186 70 42  2.12863
380 1 120 105 123 100 16 207 87 244 97 164 236 8 115 215 1 48 16 252 76 106 72 179 240 44 243 237 37 57 98 178 70 106  1.92586
380 1 125 253 59 110 25 205 87 248 225 64 236 8 115 215 1 48 16 248 92 106 75 35 248 63 243 237 1 56 98 179 70 114  2.2706
381 1 125 101 104 68 217 31 70 248 115 228 172 8 83 120 95 48 24 204 68 110 204 114 253 30 123 205 5 61 107 183 74 198  1.68067
381 1 124 109 241 69 209 123 71 216 115 164 172 8 83 49 197 52 57 220 68 122 8 242 233 10 127 205 5 53 227 243 70 160  1.68067
381 1 125 111 104 101 80 27 71 248 99 164 172 8 83 65 211 48 24 204 68 110 200 114 237 62 126 205 37 53 99 179 70 224  1.54764
381 1 61 109 113 69 85 95 71 248 97 224 236 8 83 81 213 180 24 204 64 106 201 242 253 14 55 221 5 52 99 187 66 164  1.43654
381 1 125 105 105 68 80 95 71 248 97 228 174 8 83 85 151 52 24 196 68 110 201 242 253 12 115 201 37 52 99 179 70 96  1.42192
381 1 125 181 121 64 209 95 71 249 115 228 173 8 83 117 204 52 24 220 68 122 249 114 253 30 123 221 5 116 99 162 198 228  1.86918
381 1 124 37 97 69 89 91 67 104 99 228 173 137 67 69 87 20 24 204 192 110 8 242 253 14 127 205 5 53 99 167 70 244  2.22331
381 1 125 121 121 68 113 95 87 80 97 236 172 8 19 17 199 48 24 236 68 106 200 114 248 10 119 205 37 53 99 179 70 226  2.12863
382 1 60 229 121 99 208 79 71 248 115 32 237 8 83 81 8 48 24 220 68 106 90 178 249 31 251 205 37 116 99 179 198 162  0.997636
382 1 188 109 121 101 208 79 71 248 113 162 236 8 83 113 1 49 24 252 68 106 104 246 249 46 243 207 37 52 99 243 70 162  1.24306
382 1 52 97 121 103 80 75 67 248 96 160 229 8 83 85 9 48 56 220 68 106 72 178 249 28 247 137 33 52 97 179 70 162  1.14492
382 1 188 36 121 97 80 79 67 120 115 160 101 24 83 81 8 48 25 156 68 122 56 246 249 30 111 205 33 116 99 163 70 162  1.79276
382 1 60 101 249 97 208 111 71 216 115 160 237 8 83 113 73 48 24 220 68 122 8 242 249 10 255 205 37 52 227 243 70 162  1.19073
382 1 188 101 121 109 28 79 71 120 112 160 237 8 83 81 9 48 24 220 68 106 104 178 121 30 243 205 33 52 113 187 70 162  1.06494
382 1 124 96 83 100 80 79 67 88 113 160 237 8 83 83 1 48 48 252 68 106 73 178 216 14 243 205 33 52 98 179 70 162  1.45243
382 1 124 101 121 101 16 79 71 184 97 160 239 8 83 81 9 48 24 212 68 106 72 178 249 12 243 237 37 20 99 179 70 34  1.03002
383 1 116 37 123 68 81 78 67 72 97 132 239 8 83 215 5 48 56 252 64 234 8 179 176 14 115 172 1 5 97 163 102 162  2.13495
383 1 52 101 123 110 82 66 87 248 48 132 239 8 83 247 41 16 120 252 69 234 104 179 56 46 243 173 37 5 97 179 102 162  1.92244
383 1 52 108 123 68 82 75 103 96 116 134 238 8 83 211 1 48 56 252 66 106 104 183 48 14 113 174 1 0 97 179 102 162  2.10373
383 1 52 97 106 108 85 79 231 104 101 132 238 10 83 201 51 16 120 236 66 234 72 179 48 12 115 169 129 5 97 187 118 226  2.63109
383 1 52 97 123 108 82 75 83 120 36 132 231 8 83 87 1 16 58 252 69 106 72 179 97 12 243 169 33 21 97 179 102 162  2.03065
383 1 60 77 107 236 20 195 79 120 20 132 255 2 83 223 49 64 120 248 23 234 104 179 56 190 243 237 163 0 53 187 116 162  2.83022
383 1 52 225 123 107 146 75 119 232 52 36 227 137 83 87 8 16 58 157 67 242 90 179 25 31 249 133 1 69 97 131 230 226  2.84731
383 1 52 69 27 108 80 75 71 104 52 128 233 8 83 211 41 16 120 252 66 98 72 179 24 30 241 165 1 29 113 59 102 162  2.01365
384 1 124 99 90 100 16 75 82 120 33 164 238 137 83 65 3 16 56 212 205 98 72 179 193 12 243 229 33 53 97 179 78 2  1.86756
384 1 124 105 66 36 25 27 70 232 97 160 234 9 67 65 1 144 24 236 204 98 76 179 217 12 179 229 5 53 99 59 74 2  2.01929
384 1 120 101 90 100 17 75 70 96 97 164 238 8 67 1 1 16 56 236 76 106 72 179 193 14 243 237 1 17 99 178 78 2  1.90046
384 1 124 103 74 36 18 11 86 232 49 164 238 137 67 97 3 16 56 236 204 98 108 243 205 14 242 231 37 21 97 179 78 2  1.94491
384 1 112 101 8 44 25 75 70 104 49 164 232 9 67 1 3 16 216 236 76 98 76 179 193 30 241 229 1 53 97 58 78 2  1.97869
384 1 116 109 82 36 80 75 70 96 96 164 234 9 67 64 1 16 56 236 64 98 72 179 209 14 177 132 1 49 97 51 70 130  2.36446
384 1 124 37 82 36 19 91 82 104 113 164 234 9 67 8 7 144 56 204 196 98 12 179 197 14 179 197 1 55 99 39 78 6  2.35651
384 1 60 102 72 33 80 11 82 72 114 164 237 137 67 65 3 16 24 140 196 98 12 178 205 30 246 197 33 53 97 171 78 130  2.49496
15 0 237 100 85 69 9 31 70 184 113 226 167 72 83 112 157 183 24 196 108 106 233 246 253 14 39 250 69 52 107 243 66 36  0
15 0 229 98 85 69 32 30 102 56 113 162 99 76 211 64 157 183 16 196 108 110 233 244 205 12 164 186 97 20 74 179 74 4  0
15 0 125 100 212 69 160 58 70 152 113 162 174 72 195 32 193 190 17 196 108 110 13 240 205 10 166 255 69 20 234 243 74 4  0
15 0 253 111 213 101 32 10 70 184 113 162 162 72 211 33 129 183 16 196 108 106 105 244 205 14 164 234 101 20 106 243 66 32  0
15 0 253 116 85 101 40 14 71 184 97 234 166 76 83 113 129 183 20 196 108 110 233 244 249 8 242 235 101 20 106 243 66 49  0
15 0 237 116 149 69 32 14 103 184 121 170 35 72 214 113 137 191 144 68 108 106 97 244 249 10 165 250 101 20 74 243 66 32  0
15 0 229 96 149 101 0 14 70 56 112 162 162 72 211 51 1 59 16 196 108 106 105 244 209 10 133 170 101 20 104 241 66 32  0
15 0 105 36 213 101 176 30 68 63 113 162 170 92 211 33 128 183 17 198 108 44 121 248 209 14 174 254 117 20 106 224 202 40  0
449 1 237 100 21 69 13 31 70 184 113 162 167 72 211 113 29 183 24 196 104 106 105 244 249 14 167 218 69 52 74 187 74 36  1.89545
449 1 237 101 213 69 73 31 70 184 113 162 165 76 83 96 221 183 24 196 100 110 233 118 253 10 38 218 69 52 107 243 74 36  1.91054
449 1 229 108 245 69 73 127 70 184 115 226 166 72 210 48 213 191 25 196 96 106 233 246 253 10 39 154 69 52 75 241 66 164  1.92073
449 1 253 101 68 68 9 31 70 40 113 226 163 76 67 96 149 183 24 196 108 110 237 231 253 14 178 250 69 20 107 247 74 4  1.82016
449 1 237 108 85 71 1 31 70 176 113 162 166 72 115 112 133 183 16 228 104 106 233 244 253 46 39 250 69 16 107 243 66 36  2.13073
449 1 253 101 101 69 9 94 79 56 113 226 167 72 83 96 157 183 16 196 124 110 233 231 253 14 179 250 69 20 107 183 66 100  2.07944
449 1 237 116 85 69 105 95 70 184 113 234 167 72 82 113 141 183 16 212 108 106 233 246 249 14 55 250 69 54 107 243 66 36  1.94142
449 1 237 100 229 69 69 30 71 56 113 226 231 72 211 49 157 191 24 196 100 110 233 244 253 10 39 251 69 20 107 243 66 36  2.19598
450 1 229 98 69 71 32 15 102 184 113 168 35 76 211 64 153 183 16 196 108 110 233 244 205 12 164 186 101 20 72 179 74 4  1.7487
450 1 197 103 69 69 32 14 110 56 112 162 99 204 211 99 153 247 22 196 108 110 233 244 205 12 164 186 97 4 106 179 66 32  1.6969
450 1 229 98 84 69 32 31 102 56 105 170 35 76 211 0 133 183 144 68 108 110 237 244 193 12 166 250 97 20 74 179 74 5  1.90381
450 1 213 98 70 5 0 10 110 40 113 162 227 204 195 66 157 215 48 196 108 238 108 213 205 12 180 170 193 20 105 179 106 4  2.37516
450 1 229 102 4 5 41 31 70 40 113 162 227 76 195 64 29 151 152 196 108 110 237 244 221 14 164 250 65 20 74 183 74 4  2.20048
450 1 229 96 212 69 96 30 102 56 113 162 99 76 211 64 157 191 16 196 104 110 233 244 221 8 6 186 65 4 74 179 74 4  1.99143
450 1 229 96 85 69 32 15 96 56 105 162 227 88 211 0 156 191 16 196 104 110 233 244 253 12 4 186 65 20 72 163 66 36  2.49193
450 1 229 110 69 69 32 30 102 56 113 170 98 76 211 32 149 183 16 196 108 110 233 244 197 14 164 186 101 20 72 241 74 4  2.07944
451 1 253 100 196 69 128 58 70 138 113 162 230 136 67 32 151 191 49 196 108 110 44 244 197 10 182 239 69 21 227 245 74 4  2.29511
451 1 125 38 208 37 49 58 66 24 113 162 170 76 203 32 129 150 16 196 236 42 12 240 197 10 146 247 1 21 234 247 74 4  2.30509
451 1 109 36 208 69 160 58 102 24 113 162 107 72 195 96 201 190 17 204 108 42 13 240 205 10 166 254 69 20 234 243 74 4  2.09761
451 1 109 111 196 5 168 27 70 184 99 162 170 204 195 32 215 150 17 196 108 110 205 240 205 42 174 222 69 52 234 247 74 4  1.90549
451 1 109 100 212 69 168 58 70 154 97 162 174 72 211 33 193 190 17 196 108 106 9 240 201 10 166 255 101 20 234 243 74 32  2.02495
451 1 109 32 212 69 33 58 64 2 97 162 174 8 195 32 133 190 16 228 104 40 13 240 213 8 134 254 65 16 202 241 74 4  2.33821
451 1 109 104 208 69 160 63 70 152 115 170 38 72 211 32 197 190 17 196 108 122 141 244 237 10 14 223 101 52 234 243 74 4  2.16282
451 1 93 100 196 101 160 62 78 152 97 162 174 76 211 35 209 190 17 196 108 110 141 208 221 8 166 255 69 20 234 243 74 4  2.29511
452 1 245 111 213 101 32 10 70 184 112 162 162 236 211 97 129 19 18 196 108 106 105 244 205 10 164 170 101 20 104 243 66 32  1.24306
452 1 249 111 69 37 40 10 70 188 97 160 162 204 227 33 129 151 16 228 108 110 105 248 197 44 164 250 101 16 106 178 66 8  2.13284
452 1 221 79 197 37 32 10 78 184 48 162 226 196 211 35 145 243 50 196 108 238 233 212 205 14 164 234 229 20 44 243 66 32  1.82016
452 1 201 109 85 101 32 10 102 180 113 162 98 72 243 35 129 183 18 228 108 106 105 244 197 46 164 234 101 0 106 240 66 40  1.83728
452 1 252 110 212 101 32 10 70 176 113 162 226 200 195 33 129 151 16 228 108 106 104 244 197 46 164 226 101 16 98 241 66 0  1.87895
452 1 253 111 213 101 168 10 70 184 97 162 162 72 211 99 129 183 16 196 108 106 105 208 201 40 160 234 101 20 106 243 66 32  1.41779
452 1 253 108 85 101 16 11 70 184 113 162 162 72 211 33 129 181 16 196 108 106 105 244 201 14 172 234 69 20 106 179 66 32  1.71758
452 1 253 103 85 101 32 10 70 56 113 162 163 72 211 97 137 183 16 196 108 106 105 244 201 14 164 235 101 20 106 243 66 32  1.41675
453 1 125 116 213 101 40 30 71 56 97 234 174 76 83 49 129 182 20 196 108 110 233 242 249 10 242 255 101 20 106 243 66 49  2.04988
453 1 253 118 237 101 32 14 71 184 113 234 167 76 211 97 153 51 20 196 108 110 233 244 253 10 230 235 101 20 106 243 66 113  1.59086
453 1 253 119 85 101 40 14 71 184 33 170 166 76 215 99 137 19 20 196 108 110 233 197 217 8 240 235 101 20 106 243 66 49  1.88882
453 1 253 125 85 100 40 30 70 184 97 234 162 76 83 113 129 183 22 228 108 110 233 231 253 12 178 234 101 20 106 243 66 53  1.79727
453 1 253 118 76 36 40 30 70 56 113 234 166 205 83 97 147 19 20 196 108 110 237 231 221 10 242 235 101 148 107 247 74 81  2.25379
453 1 253 112 213 101 32 14 71 184 97 170 166 76 83 115 129 191 20 212 108 106 233 244 249 8 231 235 101 20 106 243 66 33  1.63604
453 1 253 112 117 101 40 78 71 56 97 234 166 108 219 23 129 55 22 212 124 106 233 196 249 12 227 251 101 148 106 179 66 113  1.94841
453 1 221 84 69 101 32 30 79 184 113 234 230 68 211 115 153 247 20 196 124 238 233 212 253 14 226 235 101 20 42 243 66 48  2.62417
454 1 237 116 149 69 161 15 102 184 121 186 34 76 214 49 65 191 145 68 108 106 225 244 217 10 173 218 69 52 202 241 66 32  1.79878
454 1 205 116 151 69 33 30 102 48 121 170 103 72 222 115 129 183 176 116 108 106 97 244 177 74 167 250 69 0 74 243 67 33  2.06554
454 1 229 124 149 71 32 14 102 184 121 170 98 76 214 113 137 183 144 68 108 106 225 244 217 42 164 186 101 20 74 243 66 33  1.61445
454 1 237 100 149 69 33 110 103 56 121 170 39 72 211 113 9 191 16 68 104 106 105 244 249 10 165 250 69 20 66 243 66 32  1.86433
454 1 109 112 149 69 33 78 103 24 105 170 35 72 214 49 73 191 144 84 104 106 1 244 249 8 133 250 69 20 74 243 66 32  1.90213
454 1 197 108 23 95 40 14 102 184 248 138 226 72 246 115 9 183 144 100 104 106 97 229 219 47 165 186 69 16 74 115 67 32  2.90042
454 1 237 52 149 69 32 47 64 24 121 170 35 88 210 113 137 191 145 68 108 42 41 244 249 10 133 254 97 20 202 241 66 32  2.05573
454 1 205 100 149 101 32 14 103 184 120 170 99 72 215 115 137 59 144 68 108 106 97 244 217 10 229 251 101 20 74 243 66 32  1.77343
455 1 217 32 149 101 0 14 96 50 112 162 226 88 215 51 1 251 16 196 108 40 41 212 209 10 133 234 81 20 104 160 66 32  1.91902
455 1 229 96 149 101 8 15 68 8 96 162 162 72 211 49 65 187 144 196 104 106 73 244 209 8 133 186 69 52 72 49 66 32  1.81708
455 1 213 100 149 101 40 14 71 56 112 162 162 72 215 51 1 59 16 196 108 106 105 244 217 10 229 170 101 20 104 241 66 32  1.31957
455 1 229 100 149 101 8 46 70 56 112 162 162 88 211 51 1 63 17 196 104 42 41 244 217 10 133 186 69 20 200 241 66 32  1.73869
455 1 229 96 221 101 32 14 71 24 112 162 162 76 211 33 145 59 16 196 108 110 233 244 209 10 196 170 101 20 104 241 66 32  1.84833
455 1 228 32 213 101 32 42 96 24 112 162 227 88 211 35 1 27 16 196 108 42 40 244 193 10 196 170 97 20 96 241 66 32  1.83102
455 1 244 96 134 37 8 10 70 40 48 162 226 72 211 35 1 91 112 196 108 234 104 215 193 10 144 162 97 20 40 177 98 0  2.41912
455 1 213 64 199 101 0 14 110 56 112 162 226 64 211 35 17 123 112 196 108 238 105 212 209 8 133 170 227 4 40 241 98 32  2.20727
456 1 233 164 213 69 161 30 68 63 113 162 166 88 211 49 128 183 17 198 108 40 121 252 241 14 175 254 85 20 106 224 194 40  1.90381
456 1 105 36 212 101 160 46 68 63 113 162 174 92 211 35 129 155 17 198 108 44 121 248 209 10 230 251 117 20 234 240 202 8  2.26818
456 1 105 38 213 101 48 46 64 59 113 171 170 88 211 35 128 182 17 196 108 40 57 248 193 14 142 254 117 20 234 224 66 32  2.14558
456 1 217 228 196 37 145 30 68 63 49 162 226 220 67 34 128 151 17 198 108 44 109 220 213 14 170 238 85 20 106 244 202 12  2.70306
456 1 233 166 132 53 173 31 68 63 113 170 226 92 195 32 16 151 153 198 108 44 253 252 209 14 172 254 85 20 74 248 218 12  2.74887
456 1 73 167 213 101 176 14 102 55 113 162 106 76 243 35 144 247 17 230 108 44 249 248 197 14 172 254 117 0 106 224 194 40  2.33821
456 1 121 37 212 69 145 31 68 63 113 162 174 76 195 32 132 183 16 198 108 44 253 248 213 14 174 254 69 20 106 224 202 12  2.33562
456 1 105 173 85 69 177 30 70 191 113 160 170 76 227 33 128 183 16 198 108 104 121 248 209 47 174 254 5 16 106 160 202 12  2.74887
16 0 53 205 79 239 20 3 111 248 84 160 218 66 243 97 185 96 120 236 14 238 233 176 77 63 228 174 167 4 61 187 112 160  0
16 0 37 237 65 79 220 15 198 252 118 160 232 72 211 96 157 52 25 206 66 110 233 178 93 63 44 142 5 52 105 251 210 164  0
16 0 53 37 192 69 208 43 102 200 112 162 235 72 83 96 157 16 57 204 64 126 40 242 205 14 60 174 5 4 225 243 66 128  0
16 0 53 111 77 101 144 11 71 184 116 162 234 204 211 97 145 49 24 196 76 110 233 240 77 46 228 174 37 20 109 243 82 32  0
16 0 45 101 105 69 244 31 103 184 116 224 127 72 211 113 157 48 24 204 86 110 233 176 125 14 103 175 37 20 107 251 82 160  0
16 0 37 103 73 69 116 11 103 184 112 160 107 76 211 97 153 48 24 204 68 110 233 176 205 14 100 174 37 20 105 187 82 160  0
16 0 53 101 75 101 84 11 103 120 116 160 234 72 83 1 145 48 120 204 66 110 105 178 69 14 116 172 33 4 105 187 82 160  0
16 0 53 103 76 37 148 11 70 168 116 164 251 205 195 104 155 16 88 196 108 111 236 242 77 14 236 175 165 20 109 251 90 0  0
521 1 49 141 79 237 148 139 111 191 84 0 202 194 243 97 176 96 120 238 46 172 121 184 69 63 236 174 166 64 61 138 240 40  2.27303
521 1 53 205 107 239 212 199 239 252 84 64 218 66 113 121 185 96 120 234 19 239 233 178 125 191 117 175 167 0 53 251 240 168  2.69563
521 1 181 207 77 175 28 3 207 252 84 2 218 198 243 97 185 65 88 228 62 239 233 178 77 63 224 174 239 148 61 187 112 8  2.54466
521 1 181 68 79 237 20 2 111 120 84 162 211 66 83 97 185 97 120 196 62 238 233 180 109 14 244 170 227 4 61 251 112 32  2.25857
521 1 53 199 73 235 180 15 111 184 86 32 219 70 211 97 184 96 89 204 30 238 249 176 77 63 236 174 167 68 60 187 208 160  2.532
521 1 53 77 7 175 28 131 230 232 86 160 203 66 243 224 57 64 120 236 106 239 104 179 79 63 180 166 143 20 61 59 112 128  2.69563
521 1 52 207 79 239 148 3 71 248 84 160 234 194 115 97 185 64 120 236 14 234 104 179 77 63 240 166 165 20 53 251 112 32  2.56071
521 1 53 77 75 111 20 11 111 248 116 128 234 66 115 97 177 96 120 236 2 238 233 176 77 63 228 174 167 0 125 187 112 168  2.22562
522 1 37 229 65 71 212 31 198 188 119 160 234 72 211 96 157 180 25 206 66 110 233 178 125 63 44 158 5 52 75 251 210 164  1.53363
522 1 165 77 85 79 220 15 199 248 84 162 232 72 114 112 157 181 88 232 66 106 233 178 125 63 37 142 5 52 89 251 82 164  2.16282
522 1 165 229 105 73 220 47 199 248 86 226 233 72 211 96 157 49 89 204 66 126 233 242 125 62 109 14 5 52 217 251 82 160  1.81708
522 1 33 237 65 77 220 15 198 237 86 160 232 72 243 96 16 48 88 206 66 110 105 186 93 63 44 142 133 52 121 186 210 168  1.80484
522 1 37 237 193 7 216 11 198 232 114 160 168 200 83 96 221 52 25 204 66 110 233 114 205 62 60 14 5 52 105 251 210 132  1.81708
522 1 37 237 197 87 212 15 230 190 118 162 106 72 243 96 153 49 25 78 98 110 233 248 77 63 44 142 101 4 105 251 210 168  2.11196
522 1 37 165 73 75 208 143 71 253 118 32 104 76 115 97 156 48 25 202 66 110 251 186 93 63 44 142 37 116 121 146 194 160  1.959
522 1 37 109 1 15 92 15 198 232 118 160 232 76 242 96 21 48 152 236 66 110 237 178 93 63 36 14 5 52 89 59 82 132  2.14558
523 1 53 165 192 69 208 43 102 239 112 163 234 88 83 97 16 16 57 206 64 172 56 250 205 14 60 174 5 4 225 240 194 128  2.28278
523 1 37 37 200 69 212 59 230 136 114 160 107 8 195 96 223 48 24 204 64 126 12 240 205 10 46 140 5 52 225 251 90 132  2.04407
523 1 52 37 193 65 208 43 98 200 114 160 235 72 83 97 217 16 25 204 64 122 56 242 205 14 44 142 37 116 225 227 66 160  2.23259
523 1 53 36 66 65 144 43 98 200 116 160 235 72 83 96 153 176 57 204 64 126 41 240 77 14 44 142 5 68 233 243 74 128  2.62073
523 1 53 37 195 69 208 47 230 216 112 226 235 72 83 96 157 48 57 204 64 110 169 242 221 14 60 46 5 4 233 243 66 164  2.17156
523 1 53 36 206 69 192 42 97 74 112 162 226 152 83 33 21 25 57 204 96 174 40 246 69 10 84 174 65 4 225 241 98 128  2.85163
523 1 52 103 66 5 210 11 102 232 112 160 235 136 67 96 13 16 56 204 66 234 104 178 205 14 52 166 5 5 97 243 106 132  2.45051
523 1 117 111 200 7 208 11 102 232 114 162 234 200 83 96 157 16 57 204 64 110 104 242 205 46 60 174 37 52 225 243 194 128  2.38869
524 1 52 207 77 111 144 10 79 188 52 162 234 228 243 99 137 80 88 198 108 238 105 144 77 47 228 166 165 20 105 242 226 40  2.82599
524 1 181 111 77 101 148 11 71 188 112 162 170 200 211 33 145 49 24 196 76 110 233 240 109 14 236 142 37 52 97 250 82 32  1.87732
524 1 113 143 77 101 148 10 103 191 116 162 234 204 243 33 144 112 24 230 108 108 249 184 69 47 236 174 37 16 109 250 210 40  1.89545
524 1 181 71 77 101 52 11 79 184 100 224 251 204 211 97 153 49 24 196 108 110 233 176 77 12 228 170 229 20 109 187 82 32  2.00992
524 1 53 111 77 37 144 11 71 184 116 162 234 204 211 97 153 48 24 196 76 110 233 240 77 46 236 174 165 20 109 251 82 32  1.95722
524 1 181 111 109 101 176 11 79 184 112 234 254 236 83 97 145 49 30 196 68 110 233 240 109 46 228 175 37 148 109 243 66 49  1.93968
524 1 181 71 77 103 144 11 103 184 116 162 235 200 83 97 153 49 56 196 76 110 233 176 77 46 228 174 101 20 105 243 66 32  2.14772
524 1 181 111 77 39 144 10 110 188 116 162 106 196 243 97 145 17 58 236 68 238 233 240 77 46 164 174 101 0 109 243 66 128  2.3177
525 1 37 101 105 69 244 47 231 56 116 226 126 72 211 49 149 48 24 204 82 110 233 176 117 14 101 174 37 20 73 251 82 160  1.87243
525 1 173 116 109 71 212 47 231 184 116 226 127 76 211 121 157 49 25 204 86 110 233 244 125 14 103 143 101 4 109 251 82 240  2.14772
525 1 37 101 105 69 84 31 103 184 116 224 111 8 211 81 157 48 24 204 66 110 201 176 125 14 103 141 37 20 105 187 82 160  1.77343
525 1 41 197 121 77 244 15 231 189 116 104 126 72 211 113 152 48 24 206 86 110 249 184 125 31 111 175 37 4 107 250 210 168  2.13284
525 1 45 103 105 103 244 15 111 184 116 232 127 72 211 97 153 48 24 204 70 110 233 176 109 14 102 239 37 4 103 251 82 160  2.06357
525 1 61 37 104 65 148 63 71 185 117 224 255 76 83 97 159 52 25 204 68 126 189 176 125 30 110 207 37 84 235 235 218 228  2.33562
525 1 173 100 109 69 100 15 103 184 116 234 119 72 211 81 153 49 24 204 86 110 233 244 125 14 102 171 101 4 111 187 82 160  2.13495
525 1 45 101 97 69 244 31 71 184 113 232 255 76 211 112 157 180 24 204 84 110 201 178 253 14 39 221 37 52 107 251 82 164  1.98777
526 1 37 99 73 101 116 11 103 184 112 168 123 204 211 65 153 48 24 204 68 110 201 176 205 14 100 172 37 20 105 187 82 160  1.45457
526 1 37 103 65 69 240 11 103 184 112 160 107 204 211 97 153 48 22 204 68 110 201 176 205 14 44 172 37 4 105 179 66 160  1.67531
526 1 37 167 73 65 116 11 99 184 118 160 123 76 211 65 152 48 24 140 70 126 185 176 109 30 108 140 33 116 105 171 82 160  2.41631
526 1 101 103 65 69 116 27 102 184 113 160 123 76 211 96 157 180 24 204 100 110 233 240 237 14 36 190 37 20 75 187 82 164  1.96969
526 1 37 101 201 69 244 11 103 184 112 162 107 72 211 97 153 48 24 204 68 110 233 242 237 14 108 142 37 52 97 251 82 160  1.74012
526 1 37 71 73 69 116 11 103 56 116 160 123 76 211 97 145 48 24 236 70 110 233 176 77 14 100 174 33 0 105 187 82 160  1.8708
526 1 37 101 65 69 84 15 103 184 112 160 107 72 211 65 25 48 24 204 64 110 201 176 221 14 37 188 5 20 73 187 82 160  2.17595
526 1 97 167 201 69 240 11 103 191 114 160 106 76 211 33 144 48 25 206 100 44 249 248 205 14 108 174 37 4 105 242 194 168  2.31264
527 1 49 101 67 37 84 11 98 104 116 160 226 74 83 0 145 48 120 204 66 238 105 178 69 14 180 174 161 4 105 170 114 128  2.46805
527 1 49 165 73 105 84 11 99 121 116 32 234 72 211 1 152 48 88 140 70 104 88 178 69 31 228 172 33 68 97 138 210 160  2.52573
527 1 53 97 67 69 84 75 231 104 100 160 235 8 83 65 21 52 120 204 66 106 73 178 85 12 53 172 1 4 97 187 82 160  1.9951
527 1 177 101 75 69 82 11 103 124 116 224 234 204 83 1 145 48 58 204 66 238 233 178 69 14 116 172 37 4 105 178 66 168  2.26577
527 1 53 103 75 101 84 11 103 120 116 160 251 200 83 65 153 16 120 204 70 238 105 178 77 14 116 172 33 4 97 187 98 160  1.91732
527 1 117 99 64 5 92 11 102 104 100 160 234 200 195 0 17 16 120 204 74 110 72 178 197 12 180 164 1 52 105 187 82 128  2.3969
527 1 33 77 75 69 84 11 103 52 116 160 234 72 243 1 145 48 88 236 66 110 105 176 69 14 100 174 32 0 105 186 82 168  2.08949
527 1 53 101 73 101 84 15 71 120 116 160 234 8 83 1 17 48 88 204 66 110 104 178 85 14 117 140 1 20 97 187 82 160  2.31516
528 1 181 103 108 47 188 15 207 184 84 230 251 207 211 104 155 1 92 196 79 111 236 178 77 30 228 207 165 148 125 251 90 208  2.71055
528 1 61 103 72 39 148 27 70 184 117 164 255 141 67 105 155 16 88 196 76 110 236 178 77 14 230 239 165 21 111 255 90 64  2.39142
528 1 181 69 78 39 28 11 206 232 116 226 227 207 83 104 31 17 120 196 108 239 236 243 77 14 240 43 229 20 109 243 122 0  2.8691
528 1 117 103 76 37 28 11 70 168 116 160 234 205 195 96 153 16 88 196 108 110 108 242 205 14 164 166 165 20 109 251 90 0  2.39142
528 1 53 167 76 33 148 43 66 41 118 161 251 205 195 40 154 16 89 140 78 61 188 176 77 30 172 239 165 84 237 138 218 0  2.83873
528 1 52 99 72 37 20 11 70 104 100 164 235 137 195 72 27 16 88 204 78 103 76 178 77 14 228 165 33 21 101 187 90 128  2.70306
528 1 117 167 200 37 148 43 70 187 112 166 250 205 195 104 155 16 25 206 100 47 252 242 205 14 236 175 165 20 237 250 218 128  2.74497
528 1 37 103 108 5 156 27 198 168 100 164 235 141 195 104 159 16 24 196 104 111 204 240 77 12 44 14 5 20 109 187 90 4  2.48891
2 0 40 173 249 97 209 237 113 215 115 37 108 24 51 181 64 48 17 158 64 24 18 250 240 55 111 221 21 96 194 128 198 170  0
2 0 97 165 145 83 249 189 96 143 123 185 40 88 146 176 76 180 145 78 96 24 19 120 251 51 45 158 21 118 202 64 194 172  0
2 0 96 168 25 113 89 205 81 7 234 41 40 8 182 145 64 48 129 58 72 24 19 104 210 53 205 157 16 120 192 0 70 170  0
2 0 32 173 57 75 221 205 195 239 123 33 168 8 178 209 76 48 153 26 66 88 90 42 250 55 111 156 5 125 80 10 198 170  0
2 0 1 172 157 113 176 175 97 23 126 59 98 88 182 51 0 56 129 46 104 24 51 252 211 55 205 190 112 64 200 64 195 168  0
2 0 100 164 157 113 136 109 65 143 122 179 42 24 214 49 72 58 129 86 104 24 51 120 219 18 205 158 85 116 192 64 194 34  0
2 0 96 169 16 50 216 137 32 239 234 49 168 8 166 192 64 16 129 42 104 80 82 107 202 53 189 148 21 120 64 0 195 138  0
2 0 64 173 155 123 144 237 39 167 62 1 106 24 182 243 0 16 177 59 104 16 50 216 155 55 237 166 20 64 192 64 135 170  0
593 0 40 169 123 97 81 205 99 87 115 37 108 8 51 151 0 48 16 186 64 24 26 186 240 63 111 221 16 96 98 128 198 170  0
593 0 41 165 121 65 209 255 225 87 115 97 108 24 146 49 84 52 25 14 66 24 147 184 241 23 111 157 20 96 195 128 198 232  0
593 0 40 181 57 97 240 205 81 223 115 41 108 24 151 151 64 48 145 158 68 24 26 122 240 23 239 221 53 124 226 128 198 171  0
593 0 40 44 251 113 208 239 113 87 114 165 110 24 179 177 64 56 1 62 64 24 18 248 240 2 79 143 20 97 192 192 198 170  0
593 0 40 172 113 83 209 255 115 231 115 33 108 24 58 49 4 52 153 186 192 24 58 250 112 63 111 223 20 99 227 192 198 170  0
593 0 44 173 249 99 208 237 99 223 114 165 108 8 19 181 64 48 17 222 64 24 18 122 248 51 111 141 53 100 225 194 198 234  0
593 0 104 189 249 83 241 221 119 183 123 173 44 40 190 53 192 52 3 94 196 24 19 120 248 55 111 221 53 115 194 192 198 235  0
593 0 40 164 152 97 209 239 81 75 115 165 109 24 19 49 64 16 153 158 64 24 26 250 209 23 79 221 21 117 194 64 198 162  0
601 1 40 161 81 65 80 203 97 87 51 33 108 8 51 19 0 20 16 186 64 24 26 186 240 31 111 156 16 96 98 128 198 168  1.75302
601 1 40 189 59 97 81 205 99 119 115 33 108 8 178 149 0 48 144 58 64 24 19 186 240 63 111 221 16 96 66 2 198 170  1.62328
601 1 32 173 123 121 80 201 115 87 118 5 108 8 51 151 0 16 24 186 66 24 26 186 112 63 111 141 48 97 97 128 198 170  1.78528
601 1 40 161 121 97 113 205 115 87 99 37 108 8 59 147 64 48 16 154 68 24 26 186 240 53 239 221 0 97 98 130 198 170  2.12653
601 1 40 173 90 104 209 205 115 119 115 5 108 8 55 147 0 16 48 186 64 24 26 186 144 63 255 237 16 105 98 128 198 170  1.99878
601 1 56 169 123 96 209 205 115 215 115 37 108 8 51 149 64 48 56 186 64 88 26 186 176 55 127 205 20 105 227 128 198 234  2.14345
601 1 40 169 106 97 81 207 97 103 115 37 238 9 51 1 18 16 8 174 64 8 26 186 241 31 111 237 16 65 99 128 198 234  2.63806
601 1 104 57 115 64 81 237 99 86 107 1 108 8 58 151 4 52 48 190 64 24 3 186 176 109 119 188 16 98 66 128 70 170  2.2976
602 1 41 165 121 65 209 253 97 87 123 33 108 24 178 17 84 52 25 10 66 24 19 184 240 23 111 157 16 96 194 128 194 168  2.04407
602 1 33 173 121 65 212 207 227 183 118 97 110 8 179 53 20 48 25 14 82 24 147 184 113 63 109 158 20 64 193 128 194 232  2.51022
602 1 32 181 113 65 208 239 97 91 115 33 109 24 18 17 204 52 25 30 66 56 19 186 241 23 79 156 17 100 195 128 198 160  2.31516
602 1 33 167 232 81 208 191 225 87 114 101 108 28 147 160 214 48 25 10 66 28 150 248 228 23 110 13 52 96 193 128 194 232  2.62417
602 1 41 165 97 65 209 223 97 23 115 101 108 8 147 5 86 52 25 142 64 28 155 184 245 23 111 93 21 100 195 132 198 252  2.49193
602 1 9 181 123 65 209 255 97 23 123 97 110 24 154 53 4 52 49 30 80 24 147 184 177 71 111 253 16 64 194 128 198 250  2.41912
602 1 33 33 225 65 209 255 225 71 123 225 108 24 18 180 84 52 25 142 66 24 147 250 244 66 15 28 20 96 195 192 198 236  2.63109
602 1 41 181 105 65 209 255 241 223 118 117 108 28 147 29 94 48 25 10 82 28 179 248 121 23 111 93 21 100 203 128 194 242  2.75672
603 1 40 181 57 97 240 239 83 159 115 41 45 24 151 23 72 48 145 158 68 56 27 56 249 23 239 221 37 116 226 130 198 163  1.81708
603 1 40 177 185 113 240 205 113 223 115 61 100 24 151 151 72 48 145 26 68 24 18 122 250 19 207 221 53 108 194 128 198 171  1.90213
603 1 120 173 185 97 153 205 83 191 115 161 172 8 183 55 64 48 145 158 76 24 26 122 241 55 235 221 21 116 226 128 198 42  2.22101
603 1 104 189 153 112 240 237 87 223 51 169 108 24 183 179 64 16 145 222 68 24 26 122 216 51 239 221 53 120 226 192 198 171  2.11196
603 1 104 181 25 96 240 237 113 95 123 41 108 24 22 151 72 48 145 158 68 24 19 58 240 23 255 221 49 108 194 128 198 163  2.09761
603 1 168 165 121 113 240 207 85 191 115 57 36 24 147 21 64 49 17 158 68 56 122 126 241 23 239 203 53 116 96 128 198 170  2.43612
603 1 48 181 57 96 240 205 81 223 50 109 44 25 55 149 66 16 153 154 69 16 58 122 240 23 251 141 53 121 224 128 198 251  2.60032
603 1 104 177 185 97 240 79 113 31 123 233 44 24 159 23 64 48 149 30 84 24 147 120 241 18 239 221 53 116 194 128 198 251  2.30259
604 1 32 45 187 117 208 239 113 103 112 161 110 8 179 177 0 48 136 62 64 24 24 248 240 14 111 175 20 64 192 64 198 170  2.09964
604 1 32 172 248 81 208 237 241 71 114 55 108 24 51 177 68 56 9 58 66 24 50 250 242 51 79 143 16 97 193 192 198 170  2.16282
604 1 32 32 249 113 208 237 113 83 114 167 100 24 147 149 64 56 17 62 64 24 18 254 240 2 79 141 48 96 192 192 198 226  2.14986
604 1 8 56 187 113 241 237 113 87 123 165 110 24 190 183 64 56 163 62 64 24 18 248 176 2 79 221 20 96 194 192 199 170  2.06751
604 1 40 169 216 113 240 171 97 23 114 165 110 24 179 33 64 16 1 46 96 24 18 248 225 2 79 143 53 97 194 192 198 168  2.43326
604 1 104 44 251 117 209 237 113 22 115 167 110 24 179 181 65 56 1 126 96 24 18 248 240 34 79 223 21 33 194 192 70 234  2.0616
604 1 96 40 251 85 193 108 117 71 123 167 102 24 50 177 68 58 33 254 96 24 16 250 176 66 95 190 84 33 195 240 198 170  2.50715
604 1 40 172 251 113 240 235 113 87 114 165 110 24 55 177 64 16 51 62 64 24 50 248 160 14 111 143 52 97 224 192 198 170  2.16065
605 1 56 173 120 115 209 251 82 231 115 37 236 25 35 41 6 16 153 170 192 16 62 250 64 63 127 207 20 113 227 192 206 138  2.49799
605 1 40 172 113 121 209 255 81 103 115 37 236 24 58 53 4 52 137 186 192 24 58 186 112 63 107 223 16 115 195 64 198 234  2.39965
605 1 40 172 208 83 209 255 114 199 115 163 108 24 42 177 68 180 153 254 192 16 58 250 240 63 47 223 21 99 195 64 206 174  2.38869
605 1 40 172 241 83 209 253 113 199 123 55 108 24 58 177 68 52 137 58 194 24 50 122 242 55 111 223 20 107 195 64 198 170  2.42758
605 1 40 173 119 83 209 223 113 103 125 1 110 24 58 49 4 52 169 58 66 24 50 248 48 63 111 223 20 67 195 128 198 170  2.3177
605 1 40 172 113 83 209 239 99 247 115 35 108 24 50 49 4 52 25 186 64 24 59 250 120 63 111 222 21 96 227 192 198 170  2.165
605 1 168 172 109 123 209 255 87 255 115 119 108 24 123 125 30 49 25 154 209 24 186 254 121 63 111 223 21 113 227 196 198 234  2.76066
605 1 104 172 241 87 209 255 103 167 115 35 110 24 123 49 4 180 25 254 96 8 56 248 241 47 111 255 20 65 227 192 198 170  2.68092
606 1 32 173 249 115 208 239 103 255 114 165 108 8 115 117 64 48 25 222 64 24 58 250 249 63 109 143 53 100 225 194 198 234  1.96611
606 1 44 173 249 83 208 237 103 223 114 183 108 24 19 181 64 56 25 222 64 24 50 122 250 51 111 143 21 108 227 208 198 234  1.98413
606 1 44 165 249 99 208 237 115 223 114 53 109 24 19 53 72 48 49 158 64 24 18 122 249 51 111 141 53 101 225 194 198 226  1.90717
606 1 108 233 216 99 209 141 103 159 114 161 108 8 179 177 64 48 17 78 96 88 18 248 217 51 111 205 21 100 226 210 194 168  2.52573
606 1 36 171 232 65 240 169 99 223 114 165 108 136 19 161 194 16 27 206 64 24 18 122 236 51 110 141 37 108 225 194 198 224  2.48291
606 1 32 173 232 51 208 201 243 223 114 229 108 141 51 173 86 16 25 206 65 28 150 122 252 51 111 13 53 97 225 192 198 218  2.54148
606 1 112 173 249 98 210 233 115 215 50 165 44 8 55 183 64 16 51 222 68 24 26 90 232 51 253 133 53 105 224 194 198 234  2.22562
606 1 108 189 249 99 208 237 99 218 114 161 108 8 19 245 64 48 17 222 64 24 19 122 248 50 111 141 37 108 224 195 198 162  1.78827
607 1 104 189 249 87 241 205 119 183 123 233 46 8 186 53 64 54 1 126 68 24 83 248 240 46 111 223 21 112 194 192 198 234  2.532
607 1 104 189 185 99 241 221 119 183 123 233 44 8 190 181 64 48 147 94 192 16 19 120 184 55 111 221 21 115 194 66 199 171  2.39965
607 1 104 255 249 119 240 233 119 151 123 173 44 40 183 53 193 16 135 126 196 24 2 120 224 34 111 221 53 49 194 208 198 235  2.93746
607 1 104 188 248 83 241 249 117 151 123 191 44 56 186 177 198 52 3 94 196 24 50 120 232 51 111 223 53 115 194 192 198 235  2.49799
607 1 104 189 248 115 185 221 87 183 115 237 44 8 187 53 66 48 1 94 236 24 90 120 249 55 239 221 53 113 194 192 198 123  2.52573
607 1 104 189 249 83 240 204 119 183 123 45 108 40 190 183 192 52 3 94 68 24 82 120 232 119 111 253 52 96 194 128 198 171  2.55426
607 1 40 189 249 81 241 255 115 183 123 233 110 40 190 53 192 52 151 30 196 24 147 248 241 55 111 223 53 98 194 192 198 251  2.60032
607 1 168 188 121 83 241 221 113 191 123 61 36 56 186 21 204 52 7 26 196 24 50 124 249 55 111 221 53 119 194 128 198 235  2.7181
608 1 40 164 208 65 209 235 64 75 115 165 232 8 2 33 68 148 25 158 192 16 26 250 193 22 15 212 17 119 227 64 198 162  2.97593
608 1 40 164 184 113 209 237 113 207 115 53 108 24 18 177 72 24 153 154 64 24 26 122 218 19 79 221 21 125 194 64 198 162  2.50715
608 1 104 165 152 99 145 239 65 39 115 37 239 24 147 51 72 16 145 142 104 24 26 184 241 23 207 255 16 113 226 194 198 34  2.79279
608 1 40 164 216 97 209 107 97 11 115 165 109 24 147 33 64 16 25 158 64 24 26 250 209 18 79 221 21 117 194 192 198 162  2.532
608 1 56 173 136 33 209 175 66 207 114 165 236 25 163 33 66 16 153 142 64 16 30 250 193 31 239 199 21 113 192 72 206 138  2.62417
608 1 104 164 185 97 217 239 81 75 115 165 173 24 18 53 64 48 153 158 64 24 26 122 241 22 223 221 17 117 194 64 198 162  2.22794
608 1 40 165 154 97 209 239 83 67 115 161 109 8 18 177 64 16 153 190 64 24 26 186 208 22 111 221 1 113 194 66 194 162  2.95172
608 1 56 164 120 97 209 239 81 91 115 37 109 24 19 17 72 16 25 158 64 56 58 250 217 23 79 207 17 117 227 128 198 162  2.32024
594 0 65 181 145 83 241 173 32 143 123 57 40 88 158 178 76 180 145 30 96 24 19 120 219 115 13 158 21 102 202 64 195 173  0
594 0 101 173 145 83 249 189 70 143 123 187 40 24 226 240 76 180 145 78 96 24 51 122 250 51 47 158 21 126 194 80 194 172  0
594 0 35 172 165 83 221 189 228 143 123 243 40 88 226 248 92 191 153 78 114 29 183 120 255 115 45 30 85 118 201 92 210 140  0
594 0 97 173 145 87 233 221 100 167 123 187 40 8 178 176 68 182 129 110 96 8 83 120 242 35 47 190 85 58 74 80 194 172  0
594 0 33 165 17 65 209 191 226 175 127 33 104 88 146 48 220 180 153 14 66 24 179 248 121 23 45 158 21 116 202 0 194 172  0
594 0 101 177 145 67 249 109 98 152 107 249 41 72 210 240 76 180 145 78 96 88 19 112 251 48 45 156 5 126 200 67 194 164  0
594 0 97 160 144 81 217 189 96 15 123 177 40 24 130 176 68 188 145 14 96 24 23 122 219 18 15 158 21 118 202 64 202 134  0
594 0 97 189 145 65 185 191 64 191 123 249 46 92 146 48 196 180 145 78 108 24 151 120 249 55 47 222 21 118 202 64 202 13  0
673 1 65 172 209 83 240 169 32 135 123 177 42 120 142 178 196 188 163 94 96 24 19 120 139 99 12 158 21 98 200 64 195 173  2.10579
673 1 73 181 145 83 185 253 32 143 59 121 40 88 158 246 72 180 151 31 104 16 19 88 251 119 173 214 21 126 202 64 131 61  1.92415
673 1 65 181 145 83 241 173 96 159 123 57 104 88 158 179 72 180 145 30 96 24 19 120 219 83 13 158 21 102 202 64 195 168  1.38629
673 1 1 181 17 83 241 157 34 159 123 121 104 88 190 242 204 180 151 26 64 24 147 120 186 119 45 156 20 98 202 2 195 173  1.96077
673 1 65 184 145 83 233 189 32 151 123 249 32 92 158 178 68 190 133 95 104 24 147 120 251 96 13 156 21 110 200 64 131 189  2.05768
673 1 65 177 149 91 249 173 32 143 254 57 40 88 190 242 76 190 129 11 106 24 19 72 219 113 13 158 23 126 200 64 131 172  2.06949
673 1 1 179 145 65 240 141 32 223 122 57 40 124 158 144 204 52 183 31 68 24 147 120 153 83 44 156 53 102 200 0 195 173  2.08747
673 1 32 180 177 83 249 237 49 143 123 57 41 24 158 180 76 188 129 26 64 16 19 120 250 115 13 158 21 118 194 64 199 167  1.84042
674 1 101 172 145 83 249 45 70 143 122 187 40 88 194 224 77 188 145 78 96 24 51 122 202 51 45 158 21 126 192 113 194 172  1.81094
674 1 109 173 145 83 249 253 71 143 123 187 44 24 242 241 76 180 145 78 96 24 51 120 251 51 47 222 21 126 194 80 194 174  1.47731
674 1 101 173 241 83 249 189 103 143 123 251 44 24 34 240 204 180 17 78 64 28 179 122 254 51 47 30 21 126 194 212 194 236  2.2976
674 1 101 236 144 83 217 189 70 142 123 187 40 24 226 240 77 188 145 74 64 26 55 118 218 51 47 158 21 126 202 81 202 132  1.87243
674 1 231 237 129 91 249 156 110 175 123 19 104 24 234 226 92 180 145 78 104 94 247 72 255 119 46 62 21 124 194 214 194 140  3.07369
674 1 101 173 148 87 185 189 70 175 123 187 168 88 226 240 76 182 145 70 104 24 55 104 219 55 45 158 21 126 200 80 202 12  1.89048
674 1 100 173 213 83 217 249 102 175 123 179 40 24 106 240 76 182 145 222 224 24 50 122 235 119 47 158 85 127 194 80 198 172  2.12653
674 1 101 173 145 82 217 253 70 143 123 177 40 8 162 240 76 180 145 78 96 24 27 106 250 51 47 156 21 126 194 82 194 174  1.75302
675 1 35 172 225 83 213 189 224 207 127 115 104 24 162 248 92 188 153 74 114 29 183 248 255 119 45 30 21 102 193 76 210 172  2.14986
675 1 37 164 229 83 237 63 228 143 123 243 41 88 194 104 220 191 153 78 98 28 183 120 255 51 46 30 85 118 203 220 218 132  2.13707
675 1 35 165 161 19 221 29 228 175 123 241 40 28 146 40 94 182 153 78 112 29 151 122 255 51 45 30 21 116 201 68 210 220  2.37247
675 1 67 172 133 23 153 189 164 175 250 179 42 92 226 224 92 183 129 70 104 29 183 104 223 119 44 30 85 118 200 84 203 140  2.15201
675 1 39 172 165 27 221 191 164 175 94 115 88 94 240 120 220 173 217 74 122 29 183 120 127 183 45 30 223 116 221 92 209 172  2.5195
675 1 161 172 181 83 205 189 228 207 251 179 32 88 162 248 84 191 137 106 98 25 183 124 254 115 13 26 85 122 201 88 210 140  2.03638
675 1 39 172 129 19 205 61 230 206 91 243 168 92 194 232 93 190 153 78 98 31 183 118 223 50 12 30 85 126 201 125 218 132  2.30259
675 1 161 124 165 81 237 127 229 142 123 251 32 92 146 60 85 191 137 78 114 29 167 124 251 50 13 26 85 54 201 124 82 252  2.59027
676 1 97 40 145 85 233 124 100 6 123 187 32 72 178 176 69 190 129 110 96 8 1 120 242 96 13 190 85 58 202 112 66 172  1.98413
676 1 105 173 144 87 209 221 102 39 123 169 106 8 162 176 68 180 129 110 96 8 85 248 209 43 47 254 20 51 74 64 202 142  2.21183
676 1 97 237 145 87 233 221 102 166 251 178 40 8 178 240 69 182 129 110 96 74 103 120 250 43 47 158 85 58 72 112 202 140  2.12653
676 1 97 173 177 86 233 221 100 167 251 249 44 8 178 176 68 182 129 126 96 24 83 122 242 33 47 222 85 122 194 80 194 174  2.205
676 1 97 169 145 69 233 93 100 39 107 160 40 8 178 176 196 182 128 110 96 8 65 120 242 1 47 156 21 58 66 64 194 172  2.17816
676 1 97 173 149 87 233 93 100 167 251 187 42 88 242 48 68 183 129 102 104 8 113 120 251 35 45 190 85 50 202 112 194 44  1.91732
676 1 97 173 147 87 225 156 100 167 123 3 104 88 186 176 4 180 129 110 96 8 115 248 242 99 45 190 20 42 74 64 194 172  2.32279
676 1 105 249 145 87 233 221 101 191 123 249 36 72 190 177 196 182 133 94 96 72 195 120 250 49 47 154 85 58 74 144 194 189  2.39415
677 1 33 165 17 65 241 223 96 47 123 33 104 88 146 48 140 180 145 14 64 56 51 248 241 31 45 158 21 116 202 0 194 172  1.6581
677 1 33 165 17 65 217 175 66 47 119 33 105 88 210 48 12 180 25 142 66 56 59 186 89 31 45 158 5 116 200 74 194 164  2.30509
677 1 33 165 17 65 245 191 224 239 127 57 40 88 146 48 220 180 153 10 66 24 179 120 121 23 45 158 21 118 200 8 194 172  2.04988
677 1 33 189 17 91 209 159 226 247 127 105 104 92 178 48 148 180 153 42 66 28 179 184 113 127 45 30 20 98 202 0 194 172  2.26818
677 1 33 165 145 65 240 47 227 159 122 161 40 72 146 48 212 52 153 78 64 28 147 248 249 22 45 156 21 116 200 192 194 172  1.98595
677 1 33 173 208 81 208 187 230 175 118 161 106 88 227 32 148 180 25 78 66 24 63 248 77 63 44 158 21 100 201 200 202 140  2.36979
677 1 33 165 37 83 213 255 225 191 126 113 105 92 210 48 156 180 25 14 82 60 179 248 125 23 45 30 21 100 202 68 210 244  2.5164
677 1 33 165 81 65 241 191 226 207 123 33 105 88 146 16 220 180 153 10 66 24 151 184 253 87 44 28 21 100 203 2 202 132  1.98595
678 1 101 177 145 67 217 93 66 136 107 249 41 8 210 80 76 180 145 76 96 88 19 112 251 17 15 156 5 126 202 3 194 164  1.39634
678 1 101 33 145 67 217 125 98 136 107 249 41 72 146 240 77 190 145 78 96 24 19 114 250 0 13 156 5 126 202 99 194 164  1.68605
678 1 37 177 145 83 240 237 99 216 122 121 97 92 210 208 204 60 145 74 66 90 147 112 250 49 13 156 37 108 200 67 194 160  2.20955
678 1 101 161 152 67 248 29 98 156 106 249 45 76 210 224 222 50 145 78 96 92 151 112 255 49 46 28 37 124 200 211 202 132  2.36979
678 1 101 177 177 67 248 109 163 155 106 249 41 76 146 180 204 52 149 78 64 28 147 122 248 48 45 28 37 126 200 67 194 245  2.1848
678 1 101 185 145 67 249 109 103 152 123 185 40 72 214 241 77 182 145 94 96 90 19 112 251 50 45 156 5 126 202 115 195 161  1.86433
678 1 101 177 145 67 248 173 98 153 106 185 41 76 214 241 72 48 145 78 96 88 19 112 219 49 45 156 5 124 200 67 195 160  1.91223
678 1 101 165 145 67 249 63 66 136 123 185 41 72 210 112 76 180 145 78 64 122 19 112 217 50 45 156 5 118 202 67 202 132  1.70512
679 1 101 32 144 17 201 61 96 10 123 179 32 92 130 128 86 188 145 12 96 28 151 116 223 16 14 30 21 126 202 68 74 132  2.03256
679 1 97 32 144 85 209 191 96 7 123 161 42 24 130 176 68 190 129 110 96 24 20 248 209 2 15 222 21 115 202 64 202 142  1.78528
679 1 97 161 144 81 217 189 96 15 123 177 40 24 130 176 68 188 145 14 96 24 23 120 219 16 15 158 21 118 202 64 202 132  1.53596
679 1 97 160 145 81 201 253 224 79 123 177 32 24 130 176 68 190 137 14 98 24 19 122 242 18 15 158 21 126 194 64 194 166  1.98413
679 1 33 160 144 91 217 189 224 75 123 49 105 24 130 192 76 188 153 10 66 24 22 122 218 83 14 156 17 111 200 64 202 132  2.23961
679 1 105 164 144 81 217 253 80 143 123 49 44 24 138 176 78 188 129 14 224 24 22 120 219 19 15 223 21 127 194 64 202 142  1.83885
679 1 37 164 144 81 209 191 96 203 123 179 97 24 130 240 76 188 153 14 64 24 62 254 217 22 15 158 21 119 201 64 202 134  2.39965
679 1 97 32 144 65 89 63 64 11 123 169 161 24 130 16 68 188 153 12 64 24 31 114 209 18 15 220 17 118 202 0 74 134  2.03447
680 1 97 189 177 65 248 191 99 191 123 249 44 76 146 48 196 52 149 78 100 28 147 120 249 55 45 158 53 116 200 192 194 253  2.14558
680 1 225 189 149 83 185 191 68 191 123 251 42 92 226 48 196 183 129 70 108 24 183 104 251 55 174 222 85 118 202 64 202 13  2.09151
680 1 97 181 145 65 241 63 64 63 123 233 42 92 146 48 196 180 145 78 100 24 147 248 241 14 47 222 21 118 202 64 194 45  1.97869
680 1 105 189 132 19 153 191 66 191 115 249 174 92 242 48 78 180 145 78 232 28 191 120 249 63 47 95 21 118 202 68 202 94  2.165
680 1 105 167 16 67 185 189 66 191 123 57 45 92 198 32 202 148 145 14 108 28 159 120 201 55 174 223 53 118 202 130 202 13  2.19598
680 1 73 185 145 65 177 157 96 151 107 249 46 76 158 16 196 180 129 78 108 28 151 120 241 21 174 220 21 118 202 128 203 13  2.08949
680 1 105 181 49 65 185 95 68 191 123 121 46 88 218 48 204 180 145 6 108 56 211 120 249 23 47 222 21 118 202 132 194 45  2.29263
680 1 97 189 144 65 185 63 86 159 123 249 44 76 150 48 70 182 129 78 108 24 151 120 249 50 47 223 21 118 202 80 202 31  2.35125
595 0 104 176 57 97 57 237 81 27 106 57 45 24 150 149 72 48 129 26 76 24 19 104 250 21 205 221 49 124 192 0 71 163  0
595 0 96 169 25 96 89 205 65 7 99 33 168 8 182 147 64 48 128 186 72 24 26 42 210 53 217 157 16 120 64 0 198 42  0
595 0 64 168 153 122 25 237 97 6 234 17 168 8 182 147 64 48 129 58 104 24 19 105 210 49 205 188 16 120 192 0 67 42  0
595 0 105 185 27 90 121 205 113 39 235 9 108 8 182 145 4 48 128 58 64 8 19 40 242 53 103 253 16 122 66 0 194 170  0
595 0 96 41 25 101 89 205 97 7 106 168 40 8 182 17 64 48 128 60 72 8 3 120 209 29 205 156 17 48 64 0 66 170  0
595 0 96 248 25 113 120 205 17 158 58 169 32 40 182 149 64 48 129 58 64 16 3 106 242 53 77 148 49 122 64 0 70 187  0
595 0 64 185 185 113 184 205 113 151 234 57 44 8 182 151 64 50 129 62 108 24 18 104 242 49 205 157 52 120 192 0 199 43  0
595 0 32 168 153 113 89 237 113 71 250 49 96 24 182 145 64 24 129 58 66 16 18 122 210 49 205 148 16 123 192 0 71 170  0
745 1 64 177 57 99 248 205 49 25 106 121 45 24 150 215 72 48 129 26 72 24 19 104 250 21 205 157 49 124 192 2 135 243  2.18926
745 1 8 176 57 97 57 237 17 27 106 121 40 8 158 21 64 48 133 27 92 16 19 56 241 21 205 221 49 118 192 0 7 243  2.45341
745 1 40 48 57 113 105 237 113 26 106 121 36 24 150 149 64 56 129 24 68 24 3 116 242 17 199 217 49 124 192 0 71 163  2.35651
745 1 108 160 25 99 121 237 81 8 106 57 45 8 150 209 72 48 145 24 72 24 19 96 250 17 205 157 1 124 192 2 70 162  1.94491
745 1 228 188 57 115 57 237 81 154 250 57 37 24 150 209 72 56 129 26 72 24 51 108 250 55 207 221 17 124 192 1 70 162  2.53831
745 1 96 176 25 97 56 237 81 27 106 57 41 24 150 147 72 48 129 26 76 24 19 40 211 21 205 221 48 124 192 0 199 163  1.96433
745 1 104 177 25 97 57 207 83 27 106 169 44 8 150 17 64 48 145 28 76 24 27 120 249 21 205 221 33 116 192 2 70 35  2.35125
745 1 104 180 57 115 185 237 81 31 123 121 45 24 182 149 72 48 129 26 76 24 19 104 250 23 207 221 16 123 194 0 198 107  2.31264
746 1 96 169 153 112 217 205 81 7 235 161 168 8 182 179 64 48 129 190 104 24 26 107 210 49 251 221 21 123 192 0 198 42  1.70375
746 1 96 169 24 120 25 205 64 7 102 1 232 8 182 147 0 16 128 186 72 0 26 42 210 53 193 181 16 121 80 0 198 10  2.30009
746 1 104 169 25 112 25 205 65 167 227 49 160 8 182 147 64 48 128 190 72 88 90 106 210 53 233 217 21 120 64 0 198 42  1.9293
746 1 112 168 25 120 89 205 81 71 235 1 168 8 182 147 64 48 128 186 72 24 26 43 242 53 217 221 16 123 64 0 198 42  1.74012
746 1 96 169 25 96 89 205 67 72 98 33 168 8 182 147 64 48 144 184 72 88 11 43 210 21 249 157 1 120 64 2 66 42  1.64636
746 1 96 169 25 96 88 205 65 7 34 33 168 8 183 147 64 16 128 186 72 24 26 42 210 55 221 133 48 120 192 0 198 42  1.50395
746 1 32 169 25 248 29 205 65 71 198 1 232 8 182 145 32 80 200 170 74 24 26 43 82 29 201 148 16 120 80 8 114 170  3.21265
746 1 96 161 17 97 25 205 65 39 99 33 170 8 182 19 0 48 128 158 72 24 27 58 209 21 237 252 16 112 64 0 198 42  2.01553
747 1 65 168 25 121 25 237 97 6 238 17 168 8 182 147 64 48 129 58 104 24 19 41 210 53 205 188 16 120 192 0 67 42  1.79276
747 1 64 168 153 122 153 237 81 7 234 17 168 24 182 147 64 56 129 58 104 24 19 107 210 49 201 157 16 122 192 64 199 42  1.63732
747 1 64 168 153 122 24 237 65 138 170 17 40 8 182 211 64 16 129 58 104 24 18 72 218 49 205 181 16 120 192 1 2 42  1.92758
747 1 97 56 155 90 73 237 97 66 234 17 160 8 182 211 65 58 128 58 106 24 3 111 242 113 133 152 16 58 192 1 67 170  2.08345
747 1 65 168 8 25 56 140 96 7 238 65 106 12 182 130 80 112 128 46 104 28 151 8 211 113 140 60 18 104 200 0 67 12  3.14656
747 1 64 184 155 122 89 204 113 2 234 17 104 8 182 211 64 48 160 58 104 24 19 73 146 113 221 188 16 106 192 0 3 42  2.14772
747 1 64 168 149 115 9 205 65 6 234 49 162 24 182 147 64 58 129 54 104 24 3 105 211 49 205 184 16 120 192 0 67 42  1.7487
747 1 64 40 153 118 73 237 97 2 234 161 40 8 182 179 65 58 129 126 104 24 3 104 210 32 205 156 17 56 192 65 67 170  2.32279
748 1 105 249 17 107 121 205 67 180 107 9 108 8 190 147 0 180 128 58 64 72 67 40 242 61 231 253 0 122 74 2 66 170  2.28524
748 1 33 185 59 89 113 205 113 119 234 73 108 8 182 145 4 48 128 58 66 8 19 184 178 53 103 157 16 106 64 0 195 170  1.71202
748 1 104 185 27 122 89 205 113 103 235 1 108 8 190 147 0 48 128 58 72 8 19 43 178 53 215 253 16 123 66 0 198 170  1.98777
748 1 97 233 19 86 113 205 101 39 233 8 104 8 182 145 4 48 128 58 64 72 67 184 210 61 37 184 16 58 64 0 66 170  2.19149
748 1 104 189 61 94 105 205 85 39 235 121 44 8 182 181 4 51 128 50 120 8 83 106 242 53 103 219 80 58 66 0 198 234  2.68458
748 1 105 184 49 81 121 221 113 7 235 41 100 8 186 145 68 180 128 58 64 8 3 120 242 21 7 216 16 122 66 0 66 174  2.26096
748 1 104 189 17 120 121 205 80 39 251 9 108 24 190 145 0 180 128 58 64 8 83 40 210 55 175 221 16 122 66 0 194 171  2.38597
748 1 161 189 24 123 57 221 80 39 255 73 100 24 182 152 6 48 128 42 72 0 127 40 82 63 231 217 16 123 88 8 202 142  3.04703
749 1 104 56 145 101 89 205 65 18 107 168 40 8 182 17 65 48 128 60 72 8 1 120 241 24 205 220 1 48 66 0 70 42  1.88223
749 1 96 40 153 65 72 205 97 2 106 160 32 8 182 145 64 48 128 60 64 24 3 120 208 0 13 156 17 48 64 0 66 168  1.78082
749 1 96 169 25 101 17 207 97 39 106 169 42 8 182 17 64 48 128 62 72 8 81 248 209 29 237 156 21 112 64 0 194 42  1.8279
749 1 32 104 17 97 81 205 97 70 106 32 96 8 182 145 0 48 128 56 64 72 3 184 208 29 197 156 16 48 64 0 66 170  1.95546
749 1 96 45 25 101 120 205 65 39 106 40 40 8 182 17 0 48 128 62 72 8 67 56 208 31 229 156 0 48 64 0 66 170  2.15201
749 1 97 40 61 85 89 205 225 39 234 224 32 8 178 16 84 50 128 36 104 8 3 120 243 29 13 24 17 48 64 0 66 174  2.63806
749 1 96 233 25 117 25 205 65 36 106 168 32 8 182 145 64 50 128 124 104 72 75 120 211 61 237 153 5 48 64 0 66 42  1.97148
749 1 96 32 25 97 81 207 97 3 104 161 106 8 150 17 0 48 128 60 72 24 9 184 209 12 197 157 16 112 64 0 66 170  2.02117
750 1 33 248 49 81 120 205 177 150 106 105 32 104 182 148 196 48 134 59 68 16 131 104 226 53 13 156 48 122 64 0 71 249  2.85163
750 1 224 248 25 115 120 205 81 156 122 57 32 40 182 215 64 48 129 56 68 80 3 110 250 53 205 144 49 122 64 0 70 171  2.41073
750 1 96 248 153 116 120 205 17 158 58 169 32 8 182 149 65 48 129 126 96 16 3 106 210 51 77 148 53 58 64 16 70 187  2.35916
750 1 96 186 24 113 120 201 19 6 122 173 40 40 182 145 64 16 129 62 68 16 2 120 192 63 237 149 49 123 64 0 70 139  2.83022
750 1 96 184 57 113 120 205 49 18 58 249 32 40 182 149 64 48 135 63 64 16 3 120 242 53 77 148 49 122 192 0 7 251  2.68825
750 1 32 184 25 105 120 205 49 214 42 41 104 108 182 151 64 16 132 58 66 16 3 58 210 53 77 148 48 120 72 0 7 187  2.68092
750 1 160 248 29 123 104 205 17 222 186 59 32 24 182 149 64 57 129 58 64 16 35 110 250 55 205 147 113 120 80 0 7 187  2.90955
750 1 96 184 57 81 121 205 17 142 122 233 36 8 182 149 64 48 129 58 64 16 3 106 250 53 77 156 21 122 64 0 70 251  2.5672
751 1 96 249 185 113 248 205 113 151 234 185 36 8 182 151 64 50 128 126 108 88 83 104 242 49 237 153 53 120 64 0 198 171  2.00063
751 1 64 185 153 113 184 205 113 151 170 57 40 8 182 147 64 48 129 62 108 24 19 72 210 49 205 149 52 120 192 0 131 43  1.67665
751 1 64 184 185 113 232 237 113 23 234 29 100 24 182 151 64 58 129 58 108 24 18 120 242 113 205 157 48 104 192 0 199 171  2.02117
751 1 96 169 185 115 184 205 81 135 234 189 44 8 182 177 64 50 129 126 104 24 18 104 242 49 205 157 53 121 192 0 198 42  1.76755
751 1 72 185 57 115 185 205 53 183 170 121 44 8 190 151 64 50 133 115 124 88 83 104 250 53 237 153 53 122 192 0 135 123  2.50715
751 1 72 185 185 117 185 204 113 23 234 249 46 8 182 183 64 50 129 54 120 24 19 104 243 33 207 253 20 120 192 0 199 106  2.24432
751 1 64 168 57 115 56 201 113 151 234 53 38 8 183 151 64 48 3 62 108 24 2 120 226 53 205 137 52 120 64 128 199 106  3.03655
751 1 96 185 185 115 185 205 81 135 235 57 44 24 182 183 64 48 129 26 104 24 18 104 242 51 239 221 20 123 192 0 199 42  2.33562
752 1 32 168 153 121 217 237 49 71 254 61 104 24 182 145 64 24 137 58 66 16 18 58 210 51 205 148 16 123 208 8 199 170  1.77343
752 1 32 168 153 113 89 237 113 67 122 49 96 24 182 145 64 24 129 58 64 16 18 122 210 17 205 149 16 123 192 0 70 170  1.54178
752 1 32 40 185 81 73 237 49 70 250 179 96 24 182 145 69 58 129 58 98 16 2 124 242 48 69 152 80 59 192 64 71 170  2.08144
752 1 96 168 153 113 72 233 97 70 186 53 96 24 182 131 64 24 1 58 98 24 18 122 194 49 77 144 16 104 192 0 70 170  2.33047
752 1 96 172 152 113 217 237 81 7 250 53 40 24 166 177 64 24 129 58 96 16 18 120 210 51 205 151 20 123 192 64 198 138  2.05573
752 1 160 168 31 114 89 237 113 70 250 17 32 24 182 145 64 25 129 58 74 16 50 111 210 53 205 147 16 123 192 0 71 170  2.17156
752 1 32 168 40 57 93 141 240 71 254 49 96 25 178 152 86 24 137 42 66 17 22 122 210 49 77 29 16 121 192 8 90 138  2.54466
752 1 0 168 19 89 65 205 161 71 254 17 96 24 182 147 64 56 161 58 66 24 19 60 146 81 69 156 18 106 192 0 67 170  2.41073
596 0 32 165 57 98 217 205 67 237 115 33 168 8 50 209 72 48 153 154 64 120 90 42 248 63 125 156 5 125 64 10 198 170  0
596 0 32 165 40 11 221 205 195 239 90 101 169 9 162 232 94 16 153 138 66 29 30 42 250 55 111 28 5 125 209 10 214 206  0
596 0 36 237 185 123 221 205 71 172 82 49 172 8 242 113 72 48 153 90 64 90 122 106 251 55 111 159 5 125 208 91 198 170  0
596 0 96 173 25 106 153 205 67 239 98 33 168 8 182 209 72 48 153 154 72 88 90 43 218 55 249 221 5 124 80 2 198 42  0
596 0 37 177 57 67 216 205 227 253 106 113 41 8 210 85 76 48 153 26 66 120 211 58 249 53 109 156 5 124 64 2 194 160  0
596 0 32 173 24 75 93 205 194 239 86 33 232 8 178 217 4 48 216 170 66 72 90 58 90 63 109 156 1 121 81 10 210 170  0
596 0 33 237 49 74 217 221 199 239 123 1 232 8 50 208 4 180 152 58 66 72 83 42 250 63 47 156 4 122 82 2 194 174  0
596 0 32 173 57 91 253 205 209 239 127 61 44 24 178 217 76 48 153 26 66 24 18 106 122 55 111 156 21 127 208 8 198 170  0
817 1 32 165 24 98 217 205 66 237 115 33 169 8 18 209 72 16 153 138 64 120 90 58 216 23 255 221 5 125 64 10 194 130  1.96611
817 1 32 237 57 98 216 205 71 237 114 164 172 8 50 213 64 48 152 250 64 88 74 42 248 63 125 140 5 121 65 18 198 234  1.90717
817 1 96 173 57 66 217 205 67 237 115 161 168 8 50 209 76 48 153 222 64 80 90 106 248 63 125 156 5 127 65 2 198 170  1.83415
817 1 96 161 81 66 89 205 67 204 99 33 172 8 50 209 76 52 152 154 64 88 26 42 248 53 63 156 1 127 66 2 198 170  1.87895
817 1 40 165 57 97 93 207 67 253 115 41 172 8 178 17 72 48 152 154 64 120 90 58 248 31 111 221 1 125 66 10 198 170  2.01741
817 1 32 165 25 97 216 207 71 239 114 33 168 8 178 113 72 48 153 154 64 56 122 58 217 31 237 156 5 116 64 10 198 170  1.97508
817 1 36 165 57 106 217 205 67 201 114 33 169 8 82 209 72 48 153 154 64 56 26 34 248 23 121 140 5 124 193 2 198 162  2.08345
817 1 48 165 57 106 217 237 83 239 115 33 168 8 50 253 76 48 153 154 64 16 58 43 248 63 251 221 5 127 209 74 198 170  2.59027
818 1 161 173 44 27 220 143 199 239 94 117 232 29 242 104 30 1 217 10 83 61 254 106 127 63 109 30 149 124 81 8 210 206  2.66284
818 1 37 165 40 11 221 157 194 237 91 117 169 8 162 200 94 52 153 10 66 93 222 106 254 55 47 28 5 125 209 14 218 198  2.08949
818 1 36 173 168 27 221 233 198 239 86 53 168 9 226 232 94 16 217 202 66 17 30 106 91 55 45 22 149 125 209 74 214 142  2.52886
818 1 32 173 40 43 220 235 195 239 86 37 232 9 163 232 30 16 153 138 66 21 30 58 76 63 109 13 5 125 209 10 214 202  2.49496
818 1 33 165 169 11 220 237 195 207 90 109 185 9 178 252 94 48 153 10 83 29 155 42 250 55 109 28 5 124 209 74 214 250  2.35916
818 1 36 165 168 3 221 237 195 203 114 165 169 9 130 200 94 16 153 138 66 28 30 122 216 23 111 28 5 125 193 10 214 194  2.31011
818 1 32 165 56 42 221 221 210 239 75 53 169 9 162 248 94 16 153 138 66 16 30 42 218 23 111 221 5 127 81 10 218 142  2.44472
818 1 32 173 41 9 221 205 199 239 90 101 168 9 162 136 86 16 153 138 66 21 94 58 254 55 45 28 21 121 81 12 214 206  2.43612
819 1 36 253 57 123 217 205 87 252 90 48 44 8 246 213 73 48 153 90 66 90 67 106 250 55 111 157 5 124 80 27 70 170  1.95017
819 1 44 237 57 123 221 205 71 172 115 49 172 8 242 113 72 48 153 90 64 90 122 106 251 55 239 223 5 125 210 26 198 170  1.76463
819 1 36 173 189 123 221 205 215 239 90 181 172 8 242 253 92 32 153 90 83 91 122 106 251 55 111 159 21 125 209 90 214 234  2.62417
819 1 96 253 185 115 217 205 87 174 114 189 172 8 178 245 72 48 153 90 96 88 90 106 250 55 111 159 21 125 192 90 198 234  2.14132
819 1 36 237 25 123 221 239 199 238 86 51 168 24 242 113 72 48 217 74 66 122 122 106 91 63 109 158 5 124 208 91 210 170  2.15848
819 1 32 237 153 79 221 79 71 173 114 176 40 8 242 113 72 48 153 94 64 106 106 106 251 63 109 158 5 60 80 122 198 170  2.5195
819 1 36 237 152 107 217 77 70 140 82 177 168 8 210 241 73 16 153 90 64 82 26 98 219 51 237 148 5 127 208 91 198 130  2.49799
819 1 36 165 185 107 221 109 67 136 82 49 173 8 210 113 72 48 153 90 64 90 26 98 251 51 111 157 5 125 208 75 198 162  2.0616
820 1 48 173 25 122 153 205 87 239 226 5 168 8 182 241 0 16 137 186 72 64 90 43 218 63 249 213 5 121 80 10 198 170  2.11611
820 1 112 173 25 104 153 205 71 239 115 161 168 8 183 243 64 48 153 222 72 120 90 43 217 63 249 221 5 124 64 2 194 42  2.45924
820 1 112 161 25 106 24 205 67 237 34 33 168 8 183 211 72 48 144 154 72 88 90 43 218 55 249 141 5 124 80 2 198 42  2.09151
820 1 100 173 17 106 153 237 71 239 107 33 168 8 182 243 72 52 145 218 72 24 27 43 218 55 185 156 5 126 208 66 194 34  2.43612
820 1 36 165 25 106 153 205 83 205 34 49 169 8 150 209 72 16 153 154 72 16 26 42 218 55 233 213 5 125 208 10 198 162  2.21183
820 1 112 169 57 106 29 205 83 239 235 33 172 8 50 217 68 48 152 186 76 88 90 43 250 55 251 221 5 123 80 10 198 42  2.36446
820 1 33 225 25 106 157 205 70 237 110 41 168 8 182 209 72 48 152 10 72 88 91 43 218 53 233 156 5 124 80 10 194 170  2.55748
820 1 104 189 25 107 185 205 67 191 99 57 172 8 182 81 72 48 145 26 76 88 91 42 251 55 239 221 5 124 82 2 198 42  2.25618
821 1 36 177 57 67 217 205 67 169 106 49 41 8 210 81 76 48 153 90 64 122 83 114 249 53 109 156 5 124 64 2 194 162  1.97688
821 1 33 181 57 67 212 207 227 253 126 105 105 8 210 81 28 48 153 26 66 56 211 184 121 31 109 156 5 116 72 10 194 160  2.07944
821 1 37 161 113 67 221 221 195 233 107 113 45 8 210 92 92 52 153 26 82 120 219 122 249 21 47 28 5 126 67 10 214 228  2.61047
821 1 37 241 57 75 120 205 131 200 110 113 41 8 214 212 76 48 153 24 66 122 67 34 250 53 45 156 5 124 80 11 71 160  2.53831
821 1 37 177 57 75 248 205 83 253 106 121 45 8 210 85 76 48 157 26 86 120 211 42 251 21 111 157 37 124 80 130 198 243  2.20048
821 1 32 241 57 67 248 205 167 253 106 121 56 104 182 213 204 48 157 26 66 88 211 58 250 53 109 156 37 124 64 2 199 249  2.24668
821 1 37 161 49 65 220 141 231 237 110 49 40 72 146 80 92 48 153 10 66 120 211 58 121 53 45 156 5 124 81 10 194 160  2.59696
821 1 37 161 57 75 208 205 227 216 106 49 109 8 146 209 76 48 25 10 66 90 19 50 250 53 109 140 33 108 193 3 194 160  2.1848
822 1 32 141 25 251 93 197 195 239 86 1 248 2 176 217 32 96 216 58 2 72 90 186 90 191 109 156 130 105 17 10 244 170  2.63457
822 1 32 237 25 127 93 205 199 239 86 32 232 8 178 209 0 48 216 106 66 72 75 58 90 63 101 156 5 56 80 26 210 170  2.10373
822 1 33 173 11 75 212 143 226 231 118 1 104 8 179 193 20 48 88 170 66 88 90 186 80 63 45 140 0 96 81 10 210 168  2.3618
822 1 32 165 16 73 221 223 194 111 87 33 233 8 34 56 20 180 216 138 66 40 26 58 89 31 63 220 1 127 83 10 218 142  2.35651
822 1 32 173 25 73 93 207 195 111 86 33 232 8 178 17 20 48 152 42 66 40 90 186 81 31 109 156 1 112 80 10 210 170  1.92758
822 1 32 173 1 171 220 143 198 239 86 33 232 10 179 193 56 0 217 138 2 120 122 58 89 63 173 132 135 124 81 10 208 138  2.7219
822 1 32 233 24 74 93 205 194 236 87 32 232 8 50 217 68 48 216 170 66 72 74 42 218 63 63 156 1 123 81 10 82 138  2.05377
822 1 32 173 24 106 93 205 210 111 86 37 232 8 178 217 0 16 152 186 66 64 90 42 90 63 109 149 0 121 81 10 198 138  2.04601
823 1 97 169 123 94 221 221 246 231 235 1 232 8 50 248 4 48 136 186 66 72 87 43 178 61 63 188 20 123 65 10 194 174  2.65569
823 1 33 233 49 74 89 221 71 237 107 40 44 8 178 209 76 180 152 26 64 72 67 42 250 61 47 156 5 122 82 2 198 174  1.86111
823 1 32 173 17 90 217 221 70 239 123 1 232 8 34 241 12 180 153 250 194 64 91 42 250 63 63 220 5 123 83 2 198 174  1.94142
823 1 33 237 17 94 89 221 198 239 251 0 232 8 178 208 4 180 136 42 66 72 67 42 250 63 39 156 4 58 80 26 194 174  1.93794
823 1 33 173 49 75 209 221 227 231 127 1 108 8 178 209 4 180 152 58 66 72 83 186 112 63 47 156 0 106 82 2 194 174  1.92244
823 1 33 189 49 74 217 221 199 239 123 97 104 8 50 216 84 52 152 42 82 88 215 42 250 63 61 28 5 122 89 2 194 174  2.33304
823 1 32 163 85 73 91 201 225 107 111 21 249 0 40 203 4 52 106 153 106 152 18 42 227 85 31 184 2 74 83 130 230 164  4.08936
823 1 161 237 49 94 221 221 198 239 223 2 232 24 114 248 20 181 153 250 66 74 107 110 122 63 47 30 21 58 83 88 210 174  2.83873
824 1 32 189 57 123 252 205 211 255 127 61 60 8 178 217 76 48 153 26 70 24 82 42 122 55 111 157 53 127 80 8 198 171  1.72597
824 1 36 161 185 91 221 237 209 203 91 53 45 24 146 217 76 56 153 26 66 16 26 106 250 19 79 156 21 127 209 8 198 162  1.64119
824 1 32 165 57 219 221 237 177 207 94 49 121 26 180 221 108 32 217 27 19 17 18 58 122 247 109 156 159 127 208 8 213 170  2.7219
824 1 32 173 57 122 221 237 209 239 255 21 236 24 50 249 44 48 201 186 66 16 58 43 122 55 123 223 20 123 208 72 198 170  2.27546
824 1 32 180 121 89 124 237 225 218 127 125 60 24 178 217 222 52 153 10 66 24 130 106 122 87 79 28 17 126 81 200 86 238  2.82599
824 1 32 189 57 91 249 237 149 239 30 53 44 24 182 253 76 48 137 27 195 16 50 106 122 55 109 150 21 127 208 72 198 250  2.09151
824 1 32 164 57 91 253 237 67 239 127 57 108 24 178 209 76 48 153 26 66 24 50 58 122 55 111 156 16 124 208 8 198 170  2.09354
824 1 160 173 61 91 221 205 213 239 255 53 36 24 178 209 76 53 137 26 66 24 114 110 122 55 111 154 21 127 82 8 198 170  1.77049
597 0 1 172 157 119 176 175 101 183 126 59 106 88 247 49 0 49 129 110 104 8 51 248 81 63 237 191 116 64 200 192 194 168  0
597 0 1 184 157 113 160 173 97 23 126 123 98 92 182 179 64 56 129 14 108 24 147 252 211 17 205 159 112 96 200 64 195 169  0
597 0 129 170 151 17 168 169 96 7 254 51 98 80 183 162 192 91 1 46 106 28 51 252 195 113 140 178 114 64 200 192 195 136  0
597 0 65 188 159 113 176 172 97 23 126 25 106 80 183 179 0 120 167 63 104 24 19 216 147 119 205 190 50 64 136 192 131 41  0
597 0 193 172 157 119 169 236 97 7 254 27 98 24 182 51 0 59 129 54 104 8 51 252 211 39 205 186 80 64 192 64 195 42  0
597 0 65 164 25 113 176 174 97 23 122 41 106 88 150 51 0 48 129 14 104 24 51 248 209 7 205 190 48 64 200 0 195 40  0
597 0 1 172 27 81 112 175 97 23 126 9 98 88 182 17 0 48 145 42 66 24 51 188 81 63 77 158 48 64 200 0 195 168  0
597 0 1 140 141 57 148 171 96 7 118 51 98 80 243 33 16 104 89 46 106 28 59 252 69 31 140 174 242 64 200 200 208 136  0
889 1 33 188 60 95 181 191 228 183 126 91 110 28 242 56 22 49 137 34 122 12 183 248 115 63 111 191 84 80 200 72 218 140  2.62417
889 1 1 140 159 119 180 174 101 183 124 19 106 80 247 49 16 113 129 102 104 12 49 248 81 47 237 190 116 64 200 192 195 40  1.90213
889 1 65 173 157 119 176 174 101 183 118 179 106 88 247 35 0 48 1 110 104 28 51 216 209 47 237 174 117 64 200 192 194 40  2.02495
889 1 33 173 29 115 180 143 103 183 126 41 106 72 247 49 0 48 145 46 72 8 51 248 81 63 237 159 52 80 200 200 194 168  2.10784
889 1 1 172 157 119 184 175 102 191 126 187 106 88 246 113 0 48 129 102 104 8 51 248 219 63 173 190 117 80 200 80 195 40  1.9293
889 1 160 172 29 115 176 175 101 183 118 59 98 24 247 49 0 25 129 110 104 8 58 252 91 63 237 139 117 80 192 192 194 170  1.97688
889 1 1 188 189 119 176 239 101 183 126 123 110 88 247 49 128 49 129 126 108 8 179 248 113 63 237 191 116 64 200 192 195 169  1.84833
889 1 33 172 157 117 176 175 101 55 120 171 106 88 182 49 0 49 129 110 104 8 49 248 209 47 237 190 116 16 192 64 194 168  1.75014
890 1 65 184 157 49 168 173 49 23 62 59 34 92 182 179 64 26 133 63 108 16 19 92 211 51 205 150 116 112 200 64 131 59  1.76609
890 1 129 184 157 115 172 173 97 151 126 123 98 92 182 145 80 57 129 46 122 28 179 252 211 49 205 155 116 112 200 8 195 168  2.28033
890 1 1 56 153 113 224 173 97 23 122 187 98 88 150 179 64 56 129 46 100 24 19 248 211 0 205 159 116 96 200 64 195 171  1.78528
890 1 1 176 157 81 96 173 161 23 126 123 98 92 182 147 64 56 133 10 98 24 147 252 211 81 77 154 112 96 200 0 195 169  1.82946
890 1 1 176 157 115 176 173 113 159 126 59 99 92 150 51 72 56 133 26 108 24 179 252 251 51 205 223 48 100 200 64 195 163  2.0616
890 1 201 184 157 81 224 172 97 23 122 123 102 92 182 179 192 59 129 46 96 28 179 252 243 3 77 187 116 96 200 192 195 185  2.17156
890 1 0 168 157 113 32 237 97 22 126 59 98 24 183 147 64 56 129 62 108 24 19 252 243 51 205 159 112 96 192 64 71 170  1.94491
890 1 1 176 189 113 176 175 97 23 126 121 102 92 150 49 80 56 133 14 124 28 147 248 243 17 205 159 48 64 200 128 195 249  2.03065
891 1 65 170 151 17 172 185 224 7 254 51 98 88 182 160 212 255 3 38 106 28 183 252 199 113 12 58 118 64 200 192 203 140  2.46217
891 1 129 174 149 187 168 173 40 135 190 19 66 80 180 226 64 75 129 47 106 28 51 220 203 115 140 178 126 64 136 64 131 136  2.43898
891 1 129 168 151 89 104 173 224 7 254 19 98 80 182 128 64 57 129 42 106 28 51 252 211 113 12 186 82 64 200 0 195 136  2.23026
891 1 192 170 149 49 168 169 32 7 254 51 98 88 166 162 64 155 129 46 104 16 50 252 195 19 140 178 80 80 192 64 131 8  2.26577
891 1 1 170 199 17 96 168 104 7 126 17 98 212 181 130 208 88 35 46 106 28 19 220 199 81 140 178 50 64 200 128 195 136  2.38055
891 1 129 170 159 81 168 168 97 23 254 19 98 80 183 163 192 91 35 46 106 28 50 220 195 113 204 186 114 64 192 192 195 168  2.19598
891 1 129 174 197 21 200 171 224 135 126 179 98 212 179 160 208 91 1 110 106 28 51 252 199 51 12 34 119 64 200 192 195 136  2.8647
891 1 193 42 156 53 168 173 32 7 190 187 34 92 182 162 64 27 129 111 104 28 51 220 195 98 140 178 119 96 200 64 131 136  2.57702
892 1 65 140 159 121 144 174 97 23 126 19 106 80 247 179 0 120 35 62 104 24 51 216 147 119 205 174 114 64 136 192 161 40  1.96611
892 1 65 168 27 121 48 174 105 23 62 9 106 80 191 147 0 112 167 47 124 28 19 152 145 87 205 190 50 64 136 128 131 40  1.99326
892 1 65 188 157 115 184 172 33 151 190 27 42 80 182 179 64 122 133 119 104 24 51 76 211 115 205 182 118 64 136 64 131 41  2.12863
892 1 65 184 159 113 176 236 49 23 254 25 98 80 190 179 64 120 167 63 120 24 19 216 147 83 205 190 50 64 200 64 131 43  1.72037
892 1 1 156 29 251 176 173 41 151 62 89 74 84 180 183 32 104 197 59 58 24 179 152 83 119 205 190 58 64 152 64 161 185  2.88688
892 1 65 189 151 85 176 174 97 23 126 73 106 84 190 178 132 116 167 46 104 24 147 216 179 103 13 190 18 64 200 192 195 45  2.43898
892 1 64 174 149 113 176 172 97 23 62 25 106 120 183 179 128 88 135 63 108 24 19 216 195 119 204 182 48 64 192 192 131 41  2.14986
892 1 1 170 159 91 176 172 105 151 126 25 106 84 181 163 128 120 39 46 110 28 147 216 131 117 204 190 50 64 136 128 131 169  2.471
893 1 201 184 149 119 169 236 96 7 255 27 98 24 190 51 0 255 129 38 104 24 51 252 211 37 141 250 80 82 202 0 195 42  2.08345
893 1 193 44 159 127 9 236 97 6 254 19 98 24 182 179 0 59 129 62 104 8 35 252 211 35 197 186 80 0 192 64 67 42  1.64377
893 1 192 172 189 115 168 236 113 23 254 27 102 24 182 179 0 59 129 54 104 24 50 252 243 55 205 187 112 64 192 64 199 42  1.62837
893 1 201 188 183 85 193 254 97 39 249 83 102 24 190 48 4 191 161 54 104 8 49 252 179 103 15 250 80 66 194 64 195 46  2.05183
893 1 193 140 157 117 136 238 97 55 254 51 98 16 247 51 0 123 129 54 104 8 49 252 243 39 205 187 84 80 192 64 195 42  1.93102
893 1 192 172 157 117 137 239 96 39 254 51 98 24 182 49 0 27 129 38 104 8 50 252 211 55 141 178 80 80 192 64 195 42  1.76317
893 1 193 188 149 85 160 238 101 55 250 187 98 88 182 51 0 59 129 118 104 8 49 252 211 35 141 186 84 0 200 64 195 40  1.91732
893 1 64 40 159 115 225 236 97 7 250 27 98 24 182 179 64 58 129 62 104 24 51 252 178 35 205 190 80 64 192 64 195 170  2.02495
894 1 65 180 145 113 177 174 97 23 122 41 106 88 150 51 0 48 145 14 104 24 51 248 209 7 141 190 16 64 200 64 195 40  1.54999
894 1 65 160 26 97 16 142 96 7 120 33 98 88 150 19 0 48 128 14 104 24 19 248 209 6 141 188 16 64 200 0 202 8  2.10579
894 1 65 45 19 101 177 174 97 23 120 1 106 72 182 51 0 48 160 46 104 24 17 184 145 14 237 190 16 64 200 64 195 40  2.11611
894 1 65 181 25 97 176 143 97 55 120 41 106 88 182 51 0 48 128 30 76 8 19 184 241 7 237 188 48 64 72 0 195 41  1.84992
894 1 64 164 25 113 176 175 97 23 58 41 106 88 151 51 0 16 129 14 108 24 51 216 209 23 205 167 48 80 200 128 131 40  1.75591
894 1 65 180 29 49 176 175 96 55 122 105 106 92 150 48 16 48 129 38 108 28 183 248 209 15 141 190 48 80 200 0 195 8  2.09761
894 1 65 166 89 81 240 170 97 23 122 33 106 88 147 34 132 48 35 14 104 24 179 248 229 71 12 190 48 64 192 128 195 168  2.59696
894 1 65 36 155 113 240 238 97 19 122 43 107 24 150 51 0 56 177 30 68 24 51 252 145 2 205 190 48 64 192 64 195 162  1.91223
895 1 129 168 25 81 112 143 97 151 126 41 98 88 183 17 128 48 17 42 66 24 51 252 81 55 77 142 49 96 200 128 195 168  2.04407
895 1 1 191 19 81 240 175 225 23 126 9 122 84 182 17 128 48 151 42 70 28 147 184 65 95 44 158 48 64 200 128 195 169  1.959
895 1 161 172 30 81 208 175 224 39 126 91 98 92 178 16 20 57 137 42 66 28 183 252 81 31 13 30 16 64 200 0 203 140  2.28033
895 1 1 173 27 121 48 143 97 55 124 9 106 64 182 17 0 48 128 42 66 8 51 184 17 63 237 190 16 64 72 0 195 168  1.70788
895 1 33 60 17 89 112 239 97 82 126 107 96 88 182 17 0 48 145 58 66 8 35 188 113 31 5 158 48 0 72 0 67 168  2.21412
895 1 32 44 26 113 80 175 97 66 124 3 98 24 182 145 0 24 177 42 66 24 50 252 17 46 77 142 16 64 192 0 67 170  2.31011
895 1 161 180 59 121 116 239 225 87 126 75 112 16 182 25 16 40 153 42 82 25 179 188 113 31 197 159 50 64 216 8 211 170  2.67365
895 1 1 172 19 81 112 175 97 23 126 9 98 88 182 17 0 56 145 58 66 24 51 188 81 63 13 158 48 64 192 0 195 168  1.93448
896 1 1 142 205 121 180 171 97 23 118 33 106 208 243 33 144 96 89 46 110 28 59 248 69 31 204 174 50 64 232 200 208 168  2.34863
896 1 176 170 206 185 196 171 224 71 54 55 194 147 227 161 16 9 121 174 99 157 58 252 71 115 220 2 218 65 229 72 240 138  3.13499
896 1 33 174 205 29 212 171 224 47 118 51 98 212 243 32 148 40 89 46 98 28 183 252 71 63 12 46 117 64 205 200 210 140  2.61388
896 1 129 132 141 187 180 175 233 191 94 51 83 82 245 97 56 105 217 10 58 29 51 252 91 183 205 190 250 68 156 200 209 168  2.95651
896 1 1 172 143 61 148 171 96 143 118 51 66 80 243 96 16 72 121 46 106 28 59 252 71 63 140 166 119 64 232 72 208 136  2.57046
896 1 33 136 133 121 20 175 96 7 118 49 98 80 179 1 16 104 73 46 106 24 27 252 83 21 141 174 210 64 200 8 80 168  2.7181
896 1 33 164 140 57 149 191 224 7 118 115 226 21 179 40 18 104 201 46 106 29 191 252 85 23 140 255 16 80 200 72 218 12  2.98084
896 1 1 140 7 221 148 175 96 39 118 3 234 80 243 50 48 96 89 46 42 136 59 184 81 31 173 174 146 64 152 72 240 168  2.97104
598 0 100 160 157 113 137 109 65 143 122 179 34 24 150 51 72 58 129 94 104 24 58 124 219 2 205 158 85 116 192 64 198 34  0
598 0 69 176 189 113 168 109 113 159 122 251 36 24 150 49 72 58 129 94 104 24 19 120 251 16 205 155 117 116 200 64 195 163  0
598 0 68 164 157 115 136 237 97 143 190 51 171 24 215 243 72 59 129 86 104 24 51 72 219 51 205 134 85 116 192 64 131 34  0
598 0 69 32 149 119 137 108 97 3 234 179 43 24 214 49 72 58 129 86 104 24 17 112 251 0 141 190 85 48 192 96 195 34  0
598 0 229 164 149 85 201 111 164 175 250 179 162 24 210 48 68 59 129 70 104 24 49 108 251 18 13 26 85 118 192 96 195 166  0
598 0 100 165 153 99 152 111 67 139 122 177 41 24 214 113 72 50 145 94 104 56 27 112 217 18 237 158 5 116 192 99 194 34  0
598 0 96 173 157 117 168 111 69 175 122 179 42 24 214 49 64 59 129 86 104 8 112 120 217 34 237 158 85 52 192 112 198 42  0
598 0 96 172 157 115 153 109 69 175 122 187 168 24 246 113 72 58 129 86 104 24 58 104 219 51 237 159 85 124 192 80 198 42  0
961 1 100 160 153 113 201 109 65 139 122 179 33 24 150 241 72 58 145 94 96 24 50 116 219 18 205 158 85 124 192 65 198 162  1.12316
961 1 100 32 153 113 200 105 97 138 50 183 42 24 151 163 65 26 1 222 104 24 26 122 203 2 205 134 21 116 224 65 70 162  1.98777
961 1 96 164 157 113 137 109 65 15 122 179 34 24 150 49 64 27 129 22 104 24 58 124 211 2 205 158 85 116 192 64 194 42  1.17361
961 1 100 160 189 113 141 109 65 143 114 177 166 24 146 49 72 58 129 30 104 24 26 120 251 16 205 159 85 116 192 72 198 34  1.60321
961 1 68 164 153 113 176 111 65 159 50 179 162 24 151 51 64 26 129 94 108 24 58 92 209 2 205 134 53 116 192 64 198 34  1.63861
961 1 228 172 189 113 137 237 65 130 122 179 38 24 150 51 64 59 129 86 104 24 59 124 251 34 205 223 85 116 192 65 198 34  1.94666
961 1 100 160 157 113 168 109 65 143 122 179 35 24 214 51 72 58 145 86 104 24 58 124 219 2 205 158 85 116 192 64 198 34  1.51413
961 1 224 232 149 113 137 109 65 142 122 179 34 24 150 19 65 59 129 94 104 24 43 124 219 18 141 146 85 116 192 80 70 42  1.83885
962 1 100 176 189 113 232 109 113 159 122 251 44 24 150 53 72 58 129 94 104 24 19 120 251 16 205 159 117 116 192 64 199 163  1.07368
962 1 69 188 189 115 232 109 53 159 122 251 36 24 158 55 72 59 135 95 124 24 179 124 251 114 77 155 117 116 192 80 135 251  1.93621
962 1 37 32 189 81 232 109 225 154 122 187 36 24 146 145 65 58 137 76 96 24 19 116 251 16 77 155 117 116 192 81 66 162  2.08747
962 1 37 180 156 113 168 47 113 159 122 251 44 28 150 49 74 56 149 14 96 28 151 120 217 16 207 159 117 116 200 64 203 147  1.93621
962 1 229 176 189 113 233 109 113 27 122 251 37 24 150 21 72 59 129 28 120 24 51 116 251 16 207 219 81 116 200 64 195 178  1.72597
962 1 196 176 153 115 168 77 113 157 122 187 33 88 150 145 72 58 129 94 108 24 19 124 219 17 205 155 117 116 200 0 195 163  2.0616
962 1 65 177 157 97 168 77 33 159 106 121 34 92 214 51 72 58 133 22 108 24 19 120 251 17 205 154 117 116 200 0 131 49  1.81094
962 1 69 180 157 113 168 111 113 159 122 187 38 24 150 49 72 59 129 86 108 24 51 120 251 16 205 155 117 116 200 64 195 35  1.54412
963 1 68 164 157 115 184 236 65 159 178 49 171 24 215 243 72 90 129 86 104 24 27 72 219 51 205 167 53 124 128 64 131 34  1.39938
963 1 68 164 157 115 152 239 97 171 254 51 171 24 215 115 72 59 129 22 104 24 51 105 219 23 205 174 85 84 192 64 195 34  1.8248
963 1 68 172 149 51 136 173 36 143 186 179 40 88 214 243 72 27 129 95 104 16 50 72 219 51 141 150 85 124 192 81 131 2  1.72738
963 1 69 164 149 51 136 44 100 143 190 51 139 88 215 227 72 90 129 70 104 28 51 72 219 51 141 182 87 116 136 64 131 0  1.70375
963 1 64 180 157 115 168 237 49 143 186 51 42 24 246 55 72 58 129 87 104 16 51 72 219 51 205 150 85 116 192 64 135 42  1.63476
963 1 64 164 157 115 136 237 33 143 250 51 171 24 246 243 72 59 129 86 104 24 51 73 219 51 205 166 85 124 192 64 131 42  1.54764
963 1 196 164 157 115 136 109 97 143 254 51 163 24 215 115 72 59 129 86 104 24 51 76 219 51 205 130 85 116 192 65 131 34  1.45994
963 1 4 164 156 51 200 169 161 207 62 51 41 25 215 224 72 25 145 11 106 17 50 124 203 19 205 134 95 116 208 64 131 130  2.38597
964 1 73 52 149 117 129 110 97 19 123 179 47 24 214 51 64 62 129 86 104 24 17 248 241 0 205 254 85 84 194 96 194 34  1.80181
964 1 97 36 149 117 137 111 97 11 106 179 43 24 214 49 64 58 129 70 104 8 17 240 211 0 141 190 81 48 192 96 194 34  2.02306
964 1 69 40 149 117 137 108 97 3 234 179 42 24 214 179 65 58 129 118 104 24 17 104 219 32 141 190 85 48 192 96 195 32  1.78677
964 1 65 32 157 119 136 108 101 7 234 179 43 24 246 49 72 58 129 70 104 24 17 248 211 0 205 190 84 16 200 96 195 42  2.01178
964 1 100 32 149 87 201 108 97 130 250 179 35 24 214 241 73 58 129 94 104 24 3 112 251 32 77 190 85 48 192 113 71 162  2.28278
964 1 100 32 159 85 200 108 97 3 234 179 107 24 214 241 65 58 129 126 104 24 16 240 178 0 77 190 81 0 192 97 194 162  2.96617
964 1 69 32 149 115 137 109 97 3 106 179 43 24 214 49 72 58 129 22 104 24 19 112 251 0 141 186 81 116 192 64 195 34  2.05183
964 1 69 161 149 71 168 108 97 11 234 177 43 24 214 112 72 58 129 70 104 24 17 96 251 0 141 190 85 116 192 98 195 32  2.2187
965 1 193 164 149 21 137 62 36 175 250 243 162 24 214 48 68 191 129 70 104 28 53 109 219 2 141 58 85 118 200 96 203 4  2.24432
965 1 229 188 149 85 201 111 37 175 250 242 34 24 210 48 68 59 129 118 104 24 113 108 251 2 45 154 85 118 192 112 195 162  2.47992
965 1 197 172 149 87 137 109 164 142 250 179 162 24 246 240 77 63 129 70 104 24 51 109 219 115 13 26 85 118 192 113 195 44  2.27303
965 1 165 36 181 81 201 111 229 139 122 179 32 24 210 48 69 59 137 86 96 24 49 116 251 18 13 154 85 118 193 112 198 166  2.29511
965 1 165 164 140 17 204 47 224 139 126 179 163 24 210 40 92 59 137 70 106 29 183 124 223 18 13 26 85 116 201 72 210 132  2.17156
965 1 225 164 189 85 201 127 229 47 250 243 166 24 242 52 84 63 129 70 104 8 49 108 243 2 15 26 85 50 192 96 198 110  2.40241
965 1 229 164 149 85 200 111 228 175 122 179 35 24 210 112 76 59 145 70 104 56 49 124 219 22 13 154 85 116 192 96 194 160  2.16282
965 1 228 164 149 17 201 109 164 143 250 179 160 24 150 176 68 59 129 70 104 16 51 108 219 18 13 18 85 126 192 64 195 134  2.07744
966 1 100 164 153 97 153 111 67 139 122 177 169 24 214 49 72 58 145 94 104 56 26 112 217 18 205 158 5 116 192 107 194 34  1.16716
966 1 101 165 153 99 153 109 67 137 106 177 41 24 214 113 72 50 145 86 104 56 19 112 217 18 237 158 5 116 192 67 194 34  1.23443
966 1 100 165 29 97 184 111 67 187 118 57 171 88 215 113 72 16 145 22 108 56 59 120 217 23 237 150 37 116 192 66 194 32  1.6969
966 1 100 164 153 97 144 111 67 155 122 177 43 24 214 49 72 56 145 30 104 56 27 112 249 18 205 156 5 116 192 67 194 34  1.57867
966 1 37 165 156 35 176 47 103 137 122 179 43 24 215 97 88 24 145 78 104 62 50 112 217 54 237 159 5 116 192 67 194 130  2.08546
966 1 100 181 153 99 184 111 83 152 106 185 41 72 214 113 72 50 145 94 108 120 19 120 217 50 237 156 37 116 192 99 198 35  1.70238
966 1 100 165 153 99 216 111 71 139 114 179 169 24 215 113 72 18 145 222 104 56 58 114 217 18 237 142 5 124 192 98 198 34  1.57745
966 1 100 161 153 99 184 109 67 152 122 177 41 24 215 243 72 58 145 94 104 24 18 112 219 50 205 156 37 124 192 67 198 34  1.80181
967 1 96 172 157 117 136 111 69 175 114 179 170 24 215 51 64 59 129 86 104 8 57 120 209 10 237 190 85 52 192 112 194 42  1.50058
967 1 224 172 157 117 168 111 69 175 122 187 34 24 214 49 64 27 129 70 104 24 112 124 219 34 237 154 117 52 192 112 195 42  1.55235
967 1 104 44 157 117 169 111 69 135 122 179 46 24 150 49 65 59 129 118 104 24 48 120 241 34 237 223 85 48 192 112 198 42  1.64636
967 1 96 189 189 117 168 79 85 191 122 187 42 8 246 53 64 50 129 86 108 8 113 120 249 34 237 158 117 52 192 112 198 43  1.59209
967 1 96 173 156 53 136 47 68 167 122 179 170 24 230 32 64 18 129 102 104 0 120 120 209 42 173 150 85 48 192 112 194 10  1.86433
967 1 96 173 157 119 137 110 69 167 122 179 42 24 246 49 0 59 129 118 104 8 121 248 219 35 237 190 85 16 192 112 194 42  1.75881
967 1 224 165 29 117 137 79 69 175 122 178 34 24 214 49 64 51 145 86 104 40 121 124 217 31 237 154 85 52 64 120 198 42  1.71341
967 1 100 173 157 85 216 107 101 175 122 179 42 24 210 49 64 59 17 86 104 24 48 248 217 34 109 142 85 116 192 240 198 40  2.01929
968 1 96 172 189 115 137 109 85 175 122 179 172 24 246 49 72 59 129 86 104 24 58 104 251 51 239 223 85 125 192 80 198 42  1.22758
968 1 224 244 157 115 169 109 69 175 122 59 32 24 246 113 72 59 129 86 104 26 115 108 219 55 237 154 85 126 192 80 194 42  1.67398
968 1 100 172 153 115 184 237 67 142 114 187 168 24 247 115 73 58 129 94 108 24 58 104 219 51 237 159 53 124 192 81 198 42  2.12444
968 1 100 173 157 119 184 237 87 175 250 187 40 24 246 241 72 58 129 86 104 24 50 104 219 51 237 159 117 124 192 112 199 42  1.79878
968 1 97 173 157 119 153 108 69 191 114 187 170 24 246 115 72 50 129 70 104 24 59 104 219 35 237 255 85 124 192 80 194 42  1.69964
968 1 225 164 156 115 157 45 68 175 122 59 161 24 242 121 88 59 153 70 104 24 58 108 219 55 237 223 85 116 192 72 210 10  2.13707
968 1 96 172 149 119 153 109 69 143 50 179 168 24 246 241 72 26 129 86 104 16 58 106 219 51 237 150 85 126 192 80 198 42  1.83415
968 1 100 173 157 115 157 111 69 175 114 179 168 24 210 113 72 26 137 70 104 24 58 104 219 51 237 151 85 117 192 120 214 42  1.96969
599 0 64 171 144 51 248 137 32 143 234 177 40 73 166 224 64 18 129 79 104 16 18 104 202 49 172 148 21 124 192 0 131 136  0
599 0 64 173 18 26 217 141 32 239 190 17 168 24 166 242 64 16 129 43 106 16 50 107 218 119 189 150 23 122 208 0 131 138  0
599 0 96 173 16 20 217 137 4 231 234 160 168 8 162 160 68 16 128 46 64 0 70 107 194 63 60 148 21 59 64 0 202 142  0
599 0 65 169 1 19 152 137 38 175 170 49 168 76 182 194 64 16 1 110 104 92 83 73 207 117 172 52 5 120 72 2 131 12  0
599 0 96 233 17 114 216 205 6 236 234 48 160 8 182 208 64 16 129 122 104 82 66 107 218 53 189 144 5 122 64 18 195 170  0
599 0 64 169 24 59 152 141 4 175 174 49 168 8 182 195 72 16 129 10 104 16 82 104 219 53 237 148 21 124 64 0 131 10  0
599 0 96 169 16 50 217 205 66 239 234 49 168 8 166 240 64 16 129 234 72 80 90 107 218 53 185 148 5 123 192 2 194 138  0
599 0 32 169 8 57 88 137 160 79 254 49 232 9 166 128 64 16 137 42 74 17 22 58 194 53 156 4 16 121 80 8 203 138  0
1033 1 96 171 152 51 248 137 50 143 122 181 40 41 166 224 66 16 131 111 96 80 22 120 202 49 236 148 21 123 192 2 135 139  2.29263
1033 1 64 171 16 33 248 137 32 175 42 57 40 109 166 128 64 16 135 15 108 16 82 120 202 53 172 148 53 124 72 0 131 137  2.12653
1033 1 96 170 132 19 200 169 160 207 234 177 168 89 166 232 92 26 137 75 106 21 22 107 206 113 12 16 21 124 192 64 195 140  2.43042
1033 1 68 235 152 35 248 137 162 204 42 177 40 73 151 192 65 18 131 79 96 80 2 122 202 48 236 132 37 124 192 19 3 136  2.53515
1033 1 64 171 144 19 232 137 32 135 234 177 32 8 166 128 64 26 129 110 104 16 18 104 202 49 140 144 21 120 192 0 131 136  2.02117
1033 1 64 171 145 50 248 137 32 143 170 177 40 72 182 226 64 18 129 111 104 16 18 75 202 49 172 148 21 120 192 2 131 136  2.26818
1033 1 100 175 144 51 248 169 6 175 186 177 40 73 230 224 72 18 145 79 104 16 18 106 202 51 172 150 21 124 200 82 139 136  2.43612
1033 1 96 171 144 37 152 136 96 135 42 161 170 72 167 161 64 146 0 206 104 80 90 120 193 33 188 180 20 113 192 0 202 8  3.10109
1034 1 193 173 19 26 217 141 32 231 254 17 96 88 182 210 64 145 161 43 74 24 115 111 154 119 189 144 22 106 72 0 131 136  2.61388
1034 1 192 173 17 58 217 141 48 239 186 17 168 24 166 243 64 16 129 59 104 16 50 107 218 119 189 150 21 122 192 0 131 138  2.31516
1034 1 0 173 150 154 221 141 164 239 222 17 200 24 164 242 96 64 201 42 106 16 114 107 90 119 189 22 31 122 144 72 161 138  2.87795
1034 1 160 172 150 26 201 169 164 239 254 19 160 24 230 240 68 27 137 107 106 16 50 111 202 119 61 146 87 123 208 80 195 138  2.5195
1034 1 96 173 16 26 217 173 128 239 190 49 168 25 166 240 76 16 137 11 106 17 54 107 218 55 189 22 21 126 216 64 139 142  2.58032
1034 1 0 173 16 58 217 141 22 239 190 17 168 9 166 242 64 16 129 123 74 0 114 75 218 119 189 150 31 122 80 16 131 138  2.68825
1034 1 64 169 19 154 217 205 32 207 174 17 168 8 164 210 96 80 193 59 106 16 18 11 218 117 189 148 30 122 144 0 163 138  2.58032
1034 1 64 172 146 50 217 173 32 199 186 17 168 24 166 226 64 24 129 43 106 16 18 107 154 115 157 150 23 122 192 64 131 138  2.48591
1035 1 97 233 16 84 89 141 228 103 235 32 160 8 34 128 68 148 136 170 66 72 70 107 210 117 53 24 20 58 65 0 202 142  2.80511
1035 1 96 173 26 80 216 137 38 231 234 1 104 8 34 160 4 16 128 42 64 0 86 43 130 127 60 148 20 123 64 0 202 140  2.65569
1035 1 96 173 16 48 217 137 68 231 122 165 168 9 166 160 64 16 129 174 64 0 126 122 192 63 188 148 21 123 64 0 202 138  2.54148
1035 1 96 173 16 36 217 143 70 103 106 160 168 13 162 160 64 16 128 46 72 0 92 107 209 31 185 148 5 56 72 66 194 10  3.14656
1035 1 96 237 16 22 217 201 134 239 250 160 168 8 162 224 68 16 137 110 64 64 70 107 202 63 61 148 21 59 64 80 202 142  2.38869
1035 1 224 237 20 21 201 137 36 167 250 178 32 24 162 160 68 19 129 102 104 0 102 110 194 63 44 146 85 59 64 80 202 142  2.7219
1035 1 96 169 16 4 89 153 64 39 107 160 168 8 162 128 68 148 128 46 104 64 70 106 194 61 44 148 5 59 64 0 74 140  2.62417
1035 1 96 173 132 28 217 139 134 239 250 178 168 9 226 224 68 18 137 102 106 1 124 107 203 63 60 22 85 59 65 120 218 142  3.19418
1036 1 65 235 17 3 248 137 38 237 42 33 104 204 183 194 192 16 18 10 72 92 83 24 206 117 172 132 37 104 72 130 131 136  2.7181
1036 1 65 169 17 50 152 140 6 175 170 49 168 76 182 194 64 16 129 110 104 92 83 73 218 53 172 180 5 120 72 2 131 8  2.33562
1036 1 65 239 0 19 216 137 166 239 58 177 168 205 230 224 64 16 17 78 106 85 87 75 207 119 188 4 13 124 72 18 131 140  3.09555
1036 1 65 169 3 25 152 137 40 167 174 17 202 192 180 130 64 208 33 46 106 156 83 73 199 117 172 36 30 120 8 0 131 12  3.16415
1036 1 67 169 129 3 152 140 42 173 174 113 138 76 244 226 88 242 129 71 120 85 23 73 223 117 172 52 15 124 136 2 131 12  3.2571
1036 1 193 239 5 31 168 137 36 175 250 51 162 92 230 224 192 23 1 102 104 76 115 73 207 117 172 50 85 120 72 16 131 12  2.97593
1036 1 65 233 4 19 24 137 98 164 234 160 170 72 162 192 84 22 0 102 104 92 71 105 207 61 172 28 5 112 72 2 75 12  2.97593
1036 1 193 169 21 19 152 141 36 173 234 49 162 76 182 194 72 18 128 6 104 92 83 73 219 117 172 144 5 120 72 2 131 12  2.98084
1037 1 224 233 17 82 200 201 167 236 234 176 32 8 166 192 68 19 129 122 96 66 66 106 202 53 45 16 5 120 64 18 199 168  2.51022
1037 1 32 233 17 186 93 205 134 236 206 16 232 8 182 208 96 0 200 122 106 66 66 43 90 61 189 148 7 58 80 26 3 138  3.2378
1037 1 100 233 145 82 201 205 166 204 234 176 160 8 182 208 69 58 129 122 104 82 67 107 218 48 61 144 5 126 192 17 195 170  2.6173
1037 1 96 249 17 50 248 141 22 236 250 184 40 72 182 208 72 16 145 122 64 82 67 106 218 63 173 148 5 122 72 18 131 139  2.37247
1037 1 96 233 21 114 137 205 7 172 234 49 160 8 182 208 64 50 129 118 104 66 67 107 218 53 189 144 21 122 64 18 131 42  2.40241
1037 1 96 233 25 114 248 201 71 237 170 48 168 8 182 211 64 16 128 122 72 82 82 107 202 53 249 128 37 120 64 18 199 170  2.38597
1037 1 96 233 17 106 89 141 66 204 234 48 160 8 182 211 64 16 128 120 104 90 66 107 218 53 189 144 5 120 64 2 66 170  2.58694
1037 1 96 233 19 90 89 205 166 228 234 16 160 8 182 208 68 48 128 122 72 64 67 107 154 117 57 152 5 122 64 18 195 170  2.65569
1038 1 64 169 24 58 152 141 16 175 174 49 168 8 182 211 72 16 129 27 104 16 82 73 218 53 237 148 21 124 64 0 131 10  2.06357
1038 1 0 233 24 59 152 141 36 239 174 49 40 8 182 195 72 16 129 10 106 80 82 104 218 53 237 144 21 124 80 16 131 138  2.50409
1038 1 0 179 24 35 248 141 52 189 42 57 41 77 150 195 72 16 151 11 64 20 82 104 218 21 236 145 37 124 72 2 131 147  3.14656
1038 1 80 173 24 32 152 141 65 175 34 49 168 8 183 131 64 16 129 142 108 24 90 75 203 55 249 133 53 124 96 0 131 10  2.90042
1038 1 96 161 24 59 153 141 64 175 122 49 168 24 166 193 72 16 129 10 104 16 90 104 219 55 237 213 21 125 64 0 202 10  2.74497
1038 1 193 225 20 59 185 141 68 175 251 57 32 93 166 193 72 17 129 2 108 28 118 108 219 53 172 218 52 124 72 0 203 10  3.18206
1038 1 96 163 24 43 184 137 7 173 38 53 168 9 247 195 72 16 145 26 104 64 90 10 203 53 236 132 37 124 80 2 134 10  3.06294
1038 1 64 169 28 51 152 141 69 175 238 49 170 8 182 209 64 18 129 6 104 24 82 105 219 53 237 146 21 120 64 0 195 10  2.74109
1039 1 100 169 16 34 217 137 66 200 106 49 169 8 134 208 72 16 145 138 64 80 26 107 202 53 185 148 5 127 192 3 194 130  2.45341
1039 1 96 169 144 54 153 205 70 175 234 177 168 8 166 240 64 18 129 102 104 80 94 107 218 53 169 148 5 123 192 2 202 10  2.30009
1039 1 112 173 16 58 153 205 70 239 178 33 168 8 166 243 64 16 129 250 72 64 90 107 218 63 185 148 5 121 64 2 130 10  2.1848
1039 1 96 169 26 122 217 205 81 231 234 21 168 8 182 217 72 16 129 187 64 80 82 107 154 53 249 149 20 123 64 0 199 138  2.50715
1039 1 96 169 145 114 217 205 66 207 234 177 168 8 166 241 64 18 129 250 104 80 26 107 218 49 185 148 21 123 192 2 198 138  2.49799
1039 1 96 173 24 34 209 205 118 231 106 161 40 8 166 241 64 16 145 106 64 80 82 122 216 55 253 213 5 123 200 2 202 138  3.17009
1039 1 96 173 136 50 221 205 198 239 250 177 168 9 162 232 84 16 137 234 106 81 94 107 218 55 189 22 21 123 193 88 218 142  3.04178
1039 1 96 169 16 42 217 141 66 237 235 33 168 8 166 208 64 144 136 170 72 80 94 43 218 53 185 212 5 123 64 2 202 142  2.35651
1040 1 32 171 4 25 92 139 160 111 118 49 202 201 162 128 80 128 73 46 106 21 30 250 199 21 12 6 17 113 81 8 218 140  3.07911
1040 1 32 233 8 59 92 137 162 204 206 49 232 9 166 200 80 0 136 42 74 85 6 43 74 53 172 4 9 121 88 10 91 138  2.98578
1040 1 32 163 0 41 88 137 64 79 110 37 232 9 167 128 64 16 136 138 74 20 30 58 194 21 188 148 16 121 80 8 202 138  2.78062
1040 1 176 168 142 185 76 139 224 79 22 55 192 155 35 200 114 9 105 170 107 149 62 254 71 49 220 2 219 113 245 8 246 202  3.57555
1040 1 32 168 140 185 76 169 160 79 222 51 224 25 166 128 64 11 201 42 106 17 18 127 195 49 28 2 82 121 208 8 219 138  2.93276
1040 1 32 169 26 32 80 137 34 103 122 33 104 9 167 128 64 16 152 170 66 16 22 186 192 55 252 133 16 105 64 0 203 138  2.80511
1040 1 32 161 16 57 216 169 160 79 62 49 104 89 166 128 64 16 137 11 66 17 18 58 194 23 12 4 16 104 216 0 131 138  2.72953
1040 1 32 169 26 25 72 137 160 71 238 17 224 8 166 128 64 16 136 42 106 16 22 43 194 113 156 16 18 121 64 8 203 138  2.58362
600 0 64 189 155 115 178 237 55 151 58 33 106 8 182 247 64 48 183 127 104 16 19 216 154 119 237 134 53 96 192 66 135 187  0
600 0 0 141 159 187 156 231 33 239 30 17 74 18 244 243 32 64 241 59 42 144 50 152 91 119 237 166 158 64 144 72 165 170  0
600 0 64 173 154 51 146 170 34 167 62 1 106 8 183 163 0 16 51 47 104 16 18 152 129 119 172 166 20 64 224 64 131 8  0
600 0 64 172 155 123 152 237 49 135 190 17 104 24 182 243 64 16 129 59 104 16 50 73 154 55 237 182 20 104 192 64 135 42  0
600 0 48 173 27 123 144 235 99 103 54 1 234 24 183 179 0 16 49 186 72 16 58 184 81 63 237 166 20 64 224 0 198 170  0
600 0 0 173 19 123 208 237 39 231 126 1 106 16 182 243 0 48 177 58 66 24 51 184 16 127 237 174 22 64 192 64 163 170  0
600 0 64 173 157 63 152 168 39 175 54 17 106 16 247 227 8 80 17 110 104 24 50 216 203 55 236 166 55 64 128 64 131 40  0
600 0 64 173 151 119 145 236 37 167 186 19 106 24 246 243 0 18 161 126 104 16 50 216 155 39 237 182 84 64 192 64 135 42  0
1105 1 64 189 155 83 210 236 39 151 58 225 106 24 182 183 64 48 51 127 96 24 19 216 184 99 109 166 53 96 192 64 135 184  2.34341
1105 1 64 189 155 115 178 237 55 215 58 137 106 40 190 247 64 48 183 127 104 16 19 216 186 99 237 150 53 98 192 82 135 187  2.00992
1105 1 64 189 155 115 240 141 55 247 58 169 106 76 182 243 64 16 183 127 64 16 19 216 152 63 237 134 53 96 200 66 131 187  2.01929
1105 1 65 189 155 123 176 236 59 151 62 73 106 64 188 247 72 112 183 63 120 24 19 152 187 119 237 180 62 64 136 2 131 57  2.14986
1105 1 84 181 155 115 146 236 51 159 58 33 107 24 151 247 72 48 183 31 104 16 19 216 153 119 253 165 53 100 224 66 135 35  1.96077
1105 1 0 189 57 115 178 237 55 255 62 51 40 56 190 247 72 16 183 27 83 16 51 88 26 119 237 150 61 102 192 64 135 187  2.36979
1105 1 64 189 153 115 184 205 55 191 58 57 40 8 247 247 72 48 151 95 108 16 83 88 219 55 237 135 53 120 192 82 135 59  2.04022
1105 1 64 189 153 51 178 233 51 135 58 165 42 185 183 183 64 16 167 127 105 16 18 216 153 55 237 135 53 112 192 64 135 251  2.33562
1106 1 148 140 151 191 152 227 166 239 182 19 194 18 244 242 40 73 249 123 42 128 50 223 27 127 185 166 223 76 144 112 165 170  3.04703
1106 1 0 141 27 187 148 229 33 231 30 1 72 18 180 243 32 64 217 59 43 16 18 152 83 55 237 166 158 64 144 72 165 170  2.57702
1106 1 0 140 159 187 146 226 33 135 62 17 74 18 245 243 32 104 115 59 42 144 19 152 19 119 205 166 26 64 176 64 165 170  2.38869
1106 1 0 157 25 187 180 231 175 255 30 9 88 82 245 247 40 64 221 59 23 145 51 152 91 191 237 135 190 192 148 72 181 187  3.13499
1106 1 0 141 7 155 148 131 171 239 22 1 74 82 245 226 48 64 121 42 42 157 50 152 79 127 172 38 158 64 144 8 177 168  3.20645
1106 1 18 172 142 187 212 163 239 239 22 23 202 147 225 233 56 64 121 234 51 145 58 252 79 127 237 6 158 65 181 88 244 138  3.52337
1106 1 2 141 143 191 156 230 175 175 158 19 202 18 244 246 40 96 209 123 59 129 115 201 91 255 173 38 223 64 144 88 181 42  3.23145
1106 1 0 141 159 187 153 229 53 239 158 19 72 16 244 243 32 64 193 59 42 16 50 200 91 119 237 182 94 74 144 72 165 170  2.5164
1107 1 64 173 147 115 146 168 34 135 58 1 106 8 183 179 0 16 51 63 104 16 18 152 129 103 173 166 20 64 224 64 131 40  2.06554
1107 1 80 173 139 49 146 170 43 135 54 1 74 145 181 163 0 80 51 15 104 148 18 152 133 119 236 166 26 64 160 0 163 8  2.78872
1107 1 80 173 154 51 146 171 50 167 58 165 106 153 167 163 64 16 51 111 104 16 50 216 129 55 236 135 21 97 224 64 131 10  2.51022
1107 1 64 175 146 55 208 170 38 167 58 3 106 216 167 226 0 16 51 111 96 28 50 216 128 111 172 166 20 64 192 64 131 136  2.62762
1107 1 0 175 90 59 242 171 34 247 62 1 106 232 183 227 128 16 55 59 68 16 18 152 129 127 236 134 52 64 232 192 131 137  2.66643
1107 1 65 173 26 43 144 172 106 167 46 1 106 76 183 162 0 80 179 47 104 28 19 152 145 119 172 172 18 64 200 2 131 8  2.66643
1107 1 64 175 22 59 146 136 32 39 190 1 106 16 166 163 0 80 35 47 104 16 18 216 131 119 172 166 22 64 192 0 163 8  2.69934
1107 1 80 175 131 1 210 170 34 71 62 33 234 200 163 162 0 84 121 174 106 152 18 152 197 87 188 36 22 64 225 66 163 168  3.77226
1108 1 64 189 27 123 145 236 49 7 190 17 106 24 190 183 0 16 129 59 104 16 18 88 146 119 205 183 16 75 192 0 135 42  2.0616
1108 1 192 172 155 122 216 237 53 199 186 19 104 24 182 243 64 24 129 123 96 16 50 78 154 51 237 134 20 104 192 80 135 170  1.94841
1108 1 64 172 153 123 184 237 49 135 186 25 104 24 182 243 64 16 129 59 104 16 18 72 138 55 205 166 52 104 192 64 135 43  1.96969
1108 1 64 172 155 122 152 236 49 135 190 17 234 24 182 243 64 80 161 59 104 16 50 73 146 119 217 182 22 74 128 64 167 42  1.90046
1108 1 80 173 153 122 152 237 81 143 182 17 170 24 183 243 72 80 129 27 104 16 58 73 219 55 233 167 52 120 128 64 135 42  2.11196
1108 1 64 173 155 126 153 237 23 167 190 19 232 24 182 243 0 16 129 123 104 0 50 105 154 55 233 182 20 123 192 80 135 42  2.11196
1108 1 0 172 159 123 153 237 49 199 190 17 104 16 180 243 64 24 129 59 106 16 18 72 154 115 205 150 22 106 208 64 135 170  2.03447
1108 1 0 189 25 123 153 237 21 175 62 53 104 24 182 247 8 16 129 27 107 16 50 72 91 55 237 150 20 123 208 64 135 170  2.14345
1109 1 32 165 27 121 144 205 97 103 52 1 106 24 183 147 0 16 128 58 74 0 26 184 81 23 237 164 16 64 64 0 198 170  2.48291
1109 1 48 173 18 127 209 235 102 231 54 5 234 24 99 225 0 16 121 170 66 0 58 186 65 63 189 166 20 65 225 72 230 170  2.48291
1109 1 32 173 27 119 144 207 103 39 116 1 234 8 183 177 0 16 144 62 72 8 58 184 209 47 237 166 20 80 192 64 198 170  2.62762
1109 1 112 173 27 120 144 239 67 231 50 1 234 24 55 179 0 16 49 190 72 16 58 154 209 63 249 166 20 80 224 64 134 42  2.15417
1109 1 16 165 29 123 144 239 99 255 54 33 107 24 247 115 8 16 49 26 72 24 58 184 89 63 237 135 49 80 224 194 134 162  2.47694
1109 1 16 173 27 57 146 235 35 103 54 5 104 25 183 179 0 16 185 187 64 16 58 186 0 63 233 134 16 97 224 0 135 170  2.7181
1109 1 80 165 43 41 16 235 99 71 54 69 202 137 147 133 16 48 48 175 89 29 27 152 113 31 237 36 0 64 225 2 166 122  3.80541
1109 1 16 173 27 123 146 235 99 39 118 1 106 16 183 51 0 48 51 62 72 24 50 184 49 63 237 167 52 64 224 0 199 42  2.7219
1110 1 0 189 27 123 210 237 33 103 62 1 106 16 180 179 0 48 179 59 66 24 51 152 16 127 237 166 50 64 192 64 163 170  1.91054
1110 1 132 156 147 94 147 237 182 239 254 19 106 16 124 243 40 165 177 122 106 10 115 105 26 127 57 182 87 74 210 112 163 170  3.20645
1110 1 1 173 19 27 208 141 47 231 126 1 104 64 180 210 0 48 177 43 66 28 83 152 18 127 173 172 22 64 72 0 163 168  2.25142
1110 1 1 165 27 123 144 237 99 199 126 1 107 16 246 243 8 48 177 59 74 24 19 184 24 119 237 172 18 64 192 66 163 162  2.31264
1110 1 0 173 27 91 208 239 39 231 126 1 106 16 182 243 0 48 49 58 66 24 51 184 56 127 109 142 20 64 192 64 199 168  2.01741
1110 1 8 173 19 125 145 206 102 103 252 1 110 0 190 179 0 244 160 58 72 8 83 185 17 127 233 255 22 64 66 0 227 170  2.58032
1110 1 0 237 19 127 208 205 103 231 124 1 106 8 182 243 0 48 176 122 64 8 115 184 16 63 237 190 20 64 64 16 195 170  2.00805
1110 1 133 173 26 63 210 175 230 239 126 19 105 89 126 248 24 17 179 107 66 63 119 248 26 127 188 14 5 96 233 83 139 138  4.00359
1111 1 64 173 153 63 184 140 103 191 50 1 106 72 247 227 72 80 17 110 104 24 18 88 203 55 237 166 53 104 128 210 131 40  2.4651
1111 1 0 174 140 31 216 163 39 175 54 183 234 144 227 226 0 81 121 238 106 144 58 218 207 63 236 38 215 65 177 112 166 136  3.27017
1111 1 0 173 28 123 144 139 39 175 118 17 106 16 247 99 8 80 17 74 104 24 114 216 75 63 236 167 53 64 224 192 131 40  2.8647
1111 1 64 173 159 63 152 168 39 175 190 19 74 80 245 227 8 80 51 111 104 24 51 216 203 55 172 166 63 64 136 64 131 40  2.44761
1111 1 65 173 134 31 216 168 44 175 190 17 74 80 245 226 8 80 49 110 106 140 50 216 159 119 44 38 87 72 136 64 163 136  3.0523
1111 1 4 175 140 59 152 169 38 175 62 19 107 149 247 226 74 16 145 79 104 21 54 216 203 55 236 166 63 68 200 66 131 128  3.21888
1111 1 80 173 157 127 152 236 71 175 182 17 234 24 247 243 8 80 17 118 104 24 58 201 219 55 233 167 53 80 128 64 131 42  2.41631
1111 1 64 165 29 123 176 200 33 191 62 17 107 112 247 243 136 112 19 30 104 24 51 216 203 55 237 167 54 64 128 128 135 41  2.8824
1112 1 64 172 151 119 145 236 53 167 186 19 106 24 190 179 0 26 161 127 104 16 50 216 147 103 205 182 84 67 192 64 135 42  1.65287
1112 1 80 173 151 119 153 238 37 167 186 179 170 24 246 243 64 18 161 119 104 16 50 201 155 39 169 166 85 82 192 64 135 42  2.18258
1112 1 64 173 156 119 153 233 53 167 250 183 42 24 246 241 64 19 129 126 104 0 114 248 219 55 237 183 85 113 192 80 135 42  2.5672
1112 1 64 173 159 87 210 232 37 167 250 147 106 24 246 243 0 19 33 126 96 0 114 248 138 111 109 166 85 0 192 112 199 170  2.58032
1112 1 64 173 159 119 145 204 103 167 250 1 106 8 246 243 0 48 161 118 104 8 51 248 187 47 237 191 20 64 192 66 199 42  2.07346
1112 1 64 173 159 119 136 236 37 167 186 19 106 16 246 247 64 123 161 119 104 24 51 201 155 99 237 166 86 64 128 80 135 42  2.3969
1112 1 65 173 151 95 145 236 36 167 254 19 106 88 246 242 8 244 161 126 104 8 51 216 155 119 173 182 84 66 200 64 131 40  2.68092
1112 1 72 173 147 119 145 236 103 167 50 131 106 24 246 243 64 16 145 126 104 24 58 216 219 35 237 182 20 64 192 80 134 42  2.41912
3 0 80 185 27 112 58 204 49 55 170 9 162 40 191 151 0 16 166 55 108 0 82 73 146 117 209 161 48 88 64 0 135 43  0
3 0 88 189 31 117 16 206 117 55 48 5 238 8 247 55 0 16 34 182 108 8 120 217 145 15 241 231 48 0 96 128 134 42  0
3 0 80 56 159 116 42 236 17 22 176 155 162 56 183 183 0 91 167 119 108 0 40 205 147 32 209 227 112 16 224 96 7 43  0
3 0 80 121 27 100 16 204 83 116 161 128 234 8 55 151 0 48 160 181 76 64 73 139 176 45 241 225 32 24 96 2 38 42  0
3 0 216 123 126 116 42 200 21 54 161 140 166 169 111 183 3 19 166 247 237 66 104 203 162 109 243 227 100 155 96 176 39 123  0
3 0 80 141 30 62 8 142 36 39 188 2 202 1 247 227 0 83 160 103 104 128 104 201 147 109 241 162 94 0 0 64 163 10  0
3 0 112 233 27 124 24 205 81 103 162 4 160 8 183 211 0 16 128 179 76 64 74 11 210 61 241 225 32 57 96 0 6 42  0
3 0 193 121 159 117 40 78 85 55 168 170 162 72 247 55 1 51 132 118 108 8 105 201 211 40 225 251 116 16 72 112 3 59  0
1177 0 64 184 31 113 40 204 49 23 170 25 162 8 183 151 64 50 166 55 108 16 3 73 147 1 197 161 48 80 64 0 7 43  0
1177 0 65 185 63 117 50 204 57 55 168 73 98 108 191 151 0 48 166 55 125 0 211 152 179 69 197 185 50 192 72 0 135 123  0
1177 0 64 187 19 36 42 140 48 48 170 8 162 108 190 147 64 16 166 53 108 64 67 73 146 85 144 176 32 58 72 0 3 25  0
1177 0 88 185 27 116 51 204 49 55 169 13 102 40 190 151 0 16 166 55 236 0 18 201 178 101 211 241 48 75 66 0 135 43  0
1177 0 208 185 31 120 42 204 17 39 170 25 162 56 190 151 0 19 162 55 108 0 82 73 146 117 209 161 112 90 64 0 135 43  0
1177 0 80 187 26 50 186 136 16 183 170 25 170 104 183 147 64 80 166 183 108 16 90 73 131 53 248 229 52 88 32 0 131 11  0
1177 0 0 185 27 120 50 204 49 119 172 9 106 96 190 151 0 16 166 59 76 0 82 153 130 125 225 165 50 64 64 0 167 171  0
1177 0 80 185 155 188 58 204 17 55 170 13 138 41 191 183 64 82 166 55 109 0 18 73 146 117 217 165 58 88 0 0 167 123  0
1185 1 64 185 159 117 40 204 49 55 170 185 34 40 182 151 64 50 134 119 108 0 67 73 179 33 205 161 52 112 64 0 135 59  2.10169
1185 1 80 185 31 113 40 204 81 23 174 25 162 8 183 151 64 114 160 55 108 24 27 73 179 17 201 225 48 88 0 0 135 42  2.07744
1185 1 64 56 31 112 40 204 49 18 170 25 162 8 190 151 64 58 166 53 108 16 3 73 146 65 209 177 48 88 64 0 7 43  1.8531
1185 1 64 176 31 113 40 204 49 23 174 25 98 80 183 147 64 122 166 55 108 24 19 201 147 65 197 177 114 64 0 0 131 43  2.00248
1185 1 80 48 57 96 40 204 81 17 170 61 166 40 151 151 64 18 166 21 109 16 10 73 179 1 209 225 48 120 96 128 7 115  2.37247
1185 1 64 184 29 113 56 205 49 19 174 57 162 104 183 151 0 18 134 55 108 16 3 73 211 21 205 161 48 80 64 0 7 59  2.24432
1185 1 64 48 27 113 32 204 113 23 168 9 226 8 183 147 0 24 162 53 108 16 2 217 147 1 197 161 48 80 64 0 7 43  2.28524
1185 1 64 248 159 116 42 204 49 148 170 184 166 8 183 215 64 50 166 117 108 80 67 77 178 33 205 161 53 56 64 0 7 43  2.49193
1186 1 64 185 61 63 40 204 61 55 168 89 98 109 190 151 0 19 134 55 125 5 211 72 178 117 197 177 122 200 72 0 135 123  2.81341
1186 1 65 187 31 61 48 140 41 55 172 73 98 100 189 151 128 112 166 63 124 12 211 152 147 69 196 184 58 192 8 128 131 57  2.09557
1186 1 64 177 63 113 50 204 57 55 172 73 98 116 191 151 0 48 166 55 125 0 147 216 179 69 205 179 58 192 64 0 135 123  2.34341
1186 1 65 185 31 101 178 206 53 55 40 73 106 108 190 54 128 48 166 55 108 0 209 216 177 77 237 180 52 194 72 0 135 121  2.53831
1186 1 64 56 123 113 114 204 121 23 40 73 118 40 191 151 128 48 166 61 93 0 131 216 176 69 199 249 48 192 64 128 7 251  2.63806
1186 1 65 185 59 101 50 204 57 55 168 72 110 108 191 151 128 48 166 55 125 12 193 152 177 77 229 185 32 128 72 128 7 121  2.45632
1186 1 82 153 63 185 50 198 57 55 172 73 82 101 189 151 32 112 166 51 127 129 147 153 51 85 197 163 58 192 8 0 165 123  2.90042
1186 1 73 185 63 117 32 204 113 55 232 73 102 12 190 151 0 48 166 55 124 8 211 152 179 69 199 249 48 64 72 0 131 123  2.15201
1187 1 64 187 19 52 42 140 48 55 170 8 162 108 190 146 0 16 166 55 108 0 67 73 146 85 144 176 48 58 72 0 3 25  1.69964
1187 1 80 251 27 100 42 137 54 224 170 168 168 104 190 211 65 16 166 125 108 66 66 75 138 113 241 132 37 58 64 50 7 11  2.471
1187 1 64 187 19 36 50 140 50 50 168 8 106 108 190 147 0 16 166 55 108 64 1 137 144 77 176 180 32 2 72 2 3 25  2.47992
1187 1 64 179 26 36 42 136 56 49 170 8 162 237 191 135 192 18 166 53 108 4 67 73 131 69 208 176 32 184 72 128 3 25  2.23493
1187 1 65 49 27 108 40 140 49 24 174 8 163 76 190 215 64 112 166 53 108 72 3 1 146 81 209 249 35 58 72 2 3 51  2.31516
1187 1 80 58 18 32 50 137 48 80 42 168 34 236 159 131 192 16 38 61 76 80 2 89 128 64 144 128 33 40 104 0 3 25  2.62073
1187 1 65 251 19 20 40 140 32 0 170 8 162 104 190 146 192 150 166 117 108 64 67 73 130 97 144 176 32 58 72 0 3 41  2.3076
1187 1 65 249 19 54 42 204 55 180 170 72 162 108 254 215 64 50 166 117 108 66 67 73 154 117 177 176 37 58 72 18 3 57  2.34341
1188 1 72 185 59 116 49 204 113 55 233 9 102 8 190 151 0 48 166 55 108 0 19 169 178 101 211 253 16 75 66 0 7 43  1.7148
1188 1 88 185 155 118 187 204 53 183 171 141 46 40 190 183 64 50 166 119 236 16 82 73 178 101 251 245 52 75 66 0 135 43  2.14345
1188 1 216 185 19 124 59 204 17 55 185 9 230 56 190 151 0 181 166 55 236 0 115 73 178 103 243 241 16 90 66 0 135 59  2.43042
1188 1 88 185 18 116 57 204 113 39 169 13 174 40 174 147 0 16 162 55 236 0 18 9 146 37 251 245 16 91 66 0 135 43  2.205
1188 1 88 57 59 116 19 200 49 103 168 5 230 41 46 151 0 16 166 55 233 0 2 201 178 101 209 225 16 11 64 0 39 123  2.22562
1188 1 88 49 91 96 50 200 49 83 41 13 102 40 31 151 0 16 38 189 204 16 18 217 176 68 211 225 48 67 98 128 7 51  2.46805
1188 1 88 185 27 116 34 200 49 55 169 13 102 40 63 151 0 16 166 183 236 0 82 73 162 69 211 241 48 75 98 128 135 43  2.07744
1188 1 200 185 31 114 51 204 49 55 185 29 102 56 190 151 0 17 166 51 236 0 114 201 178 117 195 243 112 67 66 0 135 59  2.33047
1189 1 208 185 23 116 43 200 20 39 169 25 162 56 174 146 0 147 162 55 236 0 114 73 130 117 145 242 80 91 64 0 135 43  1.89879
1189 1 80 185 31 122 10 200 49 39 174 17 162 56 190 151 0 83 162 51 104 0 18 73 146 117 209 162 82 91 0 0 167 43  1.8547
1189 1 208 177 31 122 42 204 17 57 168 25 163 56 214 215 8 19 166 21 108 32 82 65 154 85 209 161 96 88 64 2 135 35  2.38325
1189 1 216 185 63 120 41 204 81 39 234 25 166 24 190 151 0 51 128 55 108 0 91 73 178 53 209 249 80 90 64 0 135 43  2.00805
1189 1 208 177 29 112 42 200 17 55 170 61 162 57 183 151 0 19 134 55 109 0 122 73 131 21 209 163 112 88 64 0 135 59  2.11611
1189 1 208 185 31 120 40 204 17 39 170 25 162 56 182 151 0 19 163 55 108 0 114 77 146 53 217 178 112 122 64 0 135 43  1.71758
1189 1 208 249 31 114 170 204 21 181 170 24 160 40 190 215 64 51 166 119 108 66 83 73 186 117 249 161 116 122 64 16 135 59  2.12863
1189 1 208 185 31 124 106 200 53 103 168 17 228 56 63 151 0 51 162 179 108 0 82 79 146 97 209 161 112 72 96 0 167 43  2.24432
1190 1 80 185 27 120 186 200 81 183 162 25 170 56 183 147 64 80 163 183 108 16 90 73 130 53 249 229 52 120 32 0 135 43  1.8579
1190 1 80 179 30 32 186 139 48 39 168 41 170 233 151 146 0 16 166 55 108 16 86 201 129 29 248 225 36 81 96 0 139 11  2.98578
1190 1 80 235 27 50 58 136 3 180 162 57 162 104 183 195 64 82 38 247 108 80 74 73 139 53 248 161 37 120 32 130 3 41  2.51022
1190 1 80 187 26 56 58 136 16 39 170 9 170 237 175 131 0 80 166 183 236 16 26 9 131 53 248 229 48 89 40 0 139 11  2.04022
1190 1 80 185 25 98 186 200 23 189 162 9 170 104 247 215 72 80 54 215 108 80 90 73 139 53 249 229 37 88 32 130 135 43  2.41073
1190 1 80 187 158 54 184 140 20 183 170 25 170 104 183 243 64 82 135 119 108 16 90 73 131 53 248 229 52 88 8 0 131 11  2.14772
1190 1 80 187 28 49 186 136 16 183 170 25 170 237 183 3 128 16 134 55 108 0 82 201 195 53 232 167 52 80 104 128 131 25  2.88688
1190 1 80 187 26 32 178 136 23 183 170 173 170 105 183 147 64 16 166 255 108 80 90 75 128 37 248 165 53 120 96 0 135 11  2.64156
1191 1 16 185 27 121 50 204 49 119 172 9 106 32 191 151 0 80 166 59 76 16 18 153 0 125 233 165 50 64 0 0 167 43  1.92415
1191 1 0 171 31 121 112 136 33 119 172 9 98 96 188 147 128 80 166 59 110 8 82 153 130 117 196 176 50 64 64 0 163 169  2.31011
1191 1 64 187 27 124 50 200 49 119 172 9 106 104 190 147 0 16 166 59 108 0 82 137 130 125 241 164 48 8 64 0 167 43  2.08747
1191 1 0 249 27 113 50 205 53 119 184 8 98 104 191 151 0 16 166 59 68 64 67 184 144 61 229 165 48 64 64 0 135 187  2.32279
1191 1 16 253 27 126 114 204 55 247 184 9 104 96 60 215 0 16 166 59 69 64 66 155 130 127 241 164 62 138 64 16 167 187  2.59696
1191 1 80 181 27 104 50 204 51 119 172 9 232 104 191 215 0 16 182 59 77 0 83 137 144 95 241 165 34 72 96 2 167 59  2.63109
1191 1 0 185 63 122 50 204 49 119 172 13 110 32 190 151 32 48 166 59 75 0 82 137 50 125 225 177 50 74 64 0 167 171  2.34601
1191 1 0 187 27 57 50 136 57 119 44 13 98 225 189 135 128 16 38 59 79 128 66 152 0 125 228 165 58 192 96 128 39 185  2.33304
1192 1 80 185 155 190 186 204 23 183 170 29 138 41 183 247 64 82 166 119 109 80 82 73 154 117 249 165 47 120 0 2 167 59  2.43042
1192 1 80 185 27 184 56 204 81 23 174 13 170 9 183 151 64 80 166 183 109 0 26 9 146 21 217 229 58 120 32 0 135 123  2.10579
1192 1 82 248 59 190 58 196 25 84 170 77 134 13 189 215 66 80 166 191 125 197 2 75 178 117 209 177 58 184 0 2 39 123  3.26361
1192 1 80 185 155 52 186 204 17 55 170 141 170 41 191 183 64 82 166 119 109 0 18 73 146 97 249 165 62 88 128 0 135 123  2.08546
1192 1 80 189 31 186 184 236 17 55 174 29 138 17 183 247 0 80 167 51 109 16 26 9 146 53 217 167 58 88 128 0 167 59  2.69563
1192 1 80 185 189 52 56 204 25 191 170 125 138 9 183 247 64 114 135 119 125 0 91 73 251 53 249 231 63 120 0 0 135 123  2.63806
1192 1 80 187 159 188 58 200 57 55 174 13 202 177 189 183 0 82 166 55 109 128 18 73 131 117 217 167 58 200 0 0 167 123  2.34081
1192 1 80 187 26 62 58 200 17 39 174 13 138 173 191 199 2 80 166 55 237 0 2 9 130 125 248 165 58 217 0 0 39 91  2.72953
1178 0 80 41 159 101 0 74 101 55 32 161 234 8 183 51 0 18 32 246 108 8 24 216 145 8 213 167 112 0 96 224 134 42  0
1178 0 216 180 63 117 16 206 81 55 49 5 230 24 183 55 0 17 32 182 108 8 56 221 241 15 211 227 112 81 98 128 134 42  0
1178 0 88 173 31 116 144 206 87 55 176 132 238 8 119 51 0 16 32 246 108 8 120 201 145 47 251 231 52 17 96 128 134 42  0
1178 0 208 175 30 53 48 138 101 55 52 0 98 72 183 3 0 17 34 174 76 8 104 152 129 15 224 163 48 0 96 128 130 40  0
1178 0 72 189 31 117 48 206 117 55 44 9 110 0 191 55 0 112 38 54 108 8 81 152 177 13 229 239 48 0 96 128 135 41  0
1178 0 88 60 95 117 50 234 117 55 48 134 110 40 63 55 0 16 38 247 108 0 32 216 129 47 241 231 48 0 96 192 135 43  0
1178 0 88 157 31 125 146 194 127 55 52 1 234 160 247 55 0 80 54 183 109 128 57 153 17 63 249 231 50 64 32 128 167 59  0
1178 0 80 183 31 37 146 202 53 55 48 165 234 169 247 39 0 16 54 183 109 32 120 217 129 15 249 167 52 64 96 128 135 123  0
1257 1 112 41 254 101 64 106 117 103 96 135 238 9 51 49 2 18 40 182 96 0 24 250 241 8 215 167 80 1 97 96 198 202  2.78466
1257 1 88 41 154 101 16 74 113 23 32 165 238 8 183 51 0 18 32 190 108 8 8 216 145 8 215 229 48 1 96 128 6 42  2.21641
1257 1 80 161 159 101 0 78 101 55 32 129 234 72 247 51 0 82 32 246 108 8 89 217 145 9 241 166 116 0 32 224 131 40  2.07346
1257 1 80 40 159 101 0 78 97 51 32 160 226 8 183 51 0 18 32 180 108 8 8 216 145 12 213 163 112 0 96 128 6 40  1.91562
1257 1 112 8 142 53 9 203 97 35 36 165 234 9 163 33 0 24 72 164 106 0 8 250 65 12 213 166 80 17 97 8 86 10  3.79424
1257 1 80 45 159 117 128 106 101 55 48 163 234 8 247 51 0 18 32 246 108 8 56 217 145 10 241 167 116 0 224 224 134 42  1.93102
1257 1 112 161 157 101 8 74 69 55 32 33 170 8 247 51 0 18 0 150 108 8 88 248 193 13 213 167 112 16 96 0 198 42  2.52261
1257 1 88 57 255 101 128 78 117 55 97 165 110 8 123 55 0 50 32 246 108 8 24 216 177 8 199 239 116 0 98 224 198 106  2.31264
1258 1 216 180 31 117 16 206 81 55 48 15 230 24 183 55 0 17 32 182 108 8 56 220 241 15 193 227 112 80 96 128 134 42  1.43759
1258 1 88 177 61 117 25 206 81 55 225 37 166 24 247 55 0 51 0 182 108 8 56 201 241 13 195 251 80 81 98 128 198 106  1.77196
1258 1 120 172 110 53 16 238 81 55 49 69 230 25 179 45 2 17 160 166 237 4 60 252 241 15 195 231 112 81 96 128 70 90  2.56071
1258 1 216 164 31 116 8 78 85 55 176 23 166 24 247 55 8 83 33 150 108 40 120 205 209 15 209 227 112 80 32 128 134 42  1.92244
1258 1 184 4 30 125 17 238 81 103 53 6 230 25 115 55 0 17 104 182 109 160 40 255 81 15 211 227 80 17 97 0 102 42  2.56395
1258 1 216 48 127 117 48 206 113 51 49 77 230 24 63 23 2 49 38 180 109 8 40 221 177 15 211 235 48 1 98 128 70 123  1.96969
1258 1 184 164 126 116 80 203 113 119 113 5 230 24 51 23 0 17 40 190 68 8 120 251 48 13 243 235 112 65 99 128 198 234  2.35651
1258 1 216 180 63 116 1 94 85 55 49 71 230 24 63 55 2 49 32 182 236 40 120 221 177 15 243 235 80 1 98 128 134 122  1.90046
1259 1 120 173 122 108 16 206 87 55 32 4 238 8 51 55 0 16 32 182 108 8 88 171 177 47 243 239 48 17 96 128 198 42  1.75446
1259 1 88 173 31 116 144 206 87 55 176 5 238 8 247 179 0 16 32 246 108 0 120 201 145 47 249 231 52 81 96 0 134 42  1.4535
1259 1 88 173 158 52 144 138 87 183 176 166 174 9 119 35 2 18 33 230 108 0 120 201 129 47 251 231 117 17 96 224 142 10  1.87405
1259 1 88 173 18 116 145 206 117 103 241 4 238 8 46 179 0 20 160 182 232 8 120 185 144 47 243 247 20 3 98 0 198 42  1.91393
1259 1 88 173 63 116 144 206 87 55 240 133 174 8 119 55 0 51 32 246 108 8 120 201 177 47 251 239 116 17 98 192 198 106  1.64896
1259 1 88 173 159 116 152 78 71 183 176 166 174 8 247 55 0 82 33 246 108 8 120 201 241 47 249 231 117 16 32 224 134 42  1.65942
1259 1 88 189 23 116 145 206 70 55 161 129 174 8 127 51 0 150 32 246 108 8 89 201 145 45 187 231 20 80 98 128 130 42  2.15848
1259 1 216 173 31 118 16 206 71 55 176 0 238 8 247 115 0 17 32 246 108 106 104 201 145 47 241 227 100 16 96 162 134 42  1.67665
1260 1 192 171 30 117 32 138 101 55 112 12 102 120 183 3 128 17 34 38 108 8 96 252 129 15 228 163 112 0 96 128 194 41  2.24196
1260 1 208 174 94 53 48 138 97 55 52 2 98 216 183 35 128 81 34 182 108 8 120 220 193 15 228 163 112 0 32 128 130 40  2.39142
1260 1 217 239 22 53 48 138 100 55 49 0 226 204 175 35 128 145 38 166 108 12 105 217 129 47 160 227 112 0 106 128 138 8  2.45341
1260 1 208 173 19 52 16 138 101 55 48 0 106 72 183 131 0 16 34 174 76 8 105 152 128 15 240 164 48 0 96 128 163 40  2.27789
1260 1 80 175 31 117 48 138 103 55 52 8 106 104 183 35 128 16 38 62 76 8 96 152 1 47 228 166 48 0 96 128 131 41  2.22562
1260 1 81 171 30 37 48 142 105 55 52 1 98 197 183 3 0 80 38 175 108 12 88 152 145 13 228 165 48 64 40 128 131 8  2.45924
1260 1 176 46 90 53 112 139 117 119 52 6 98 9 55 3 0 17 32 170 68 0 104 190 0 15 244 163 48 1 96 128 70 138  2.64156
1260 1 152 237 31 125 16 138 101 55 52 0 226 0 183 3 0 81 32 190 76 72 104 152 1 61 225 227 48 0 96 128 162 40  2.25379
1261 1 217 157 127 117 50 206 125 55 124 74 102 80 255 55 128 113 38 55 124 8 241 216 177 79 231 235 112 128 98 128 167 121  1.98413
1261 1 72 189 63 101 48 206 113 55 40 73 110 8 191 55 0 48 166 55 124 8 81 216 177 13 229 239 48 0 96 128 135 59  1.65679
1261 1 65 157 31 109 48 142 105 55 44 9 106 64 247 51 128 112 38 54 124 8 81 152 49 13 229 175 50 64 8 128 131 41  1.76609
1261 1 8 191 31 117 48 206 113 55 60 9 110 112 191 55 128 112 38 62 108 8 49 152 33 15 229 231 48 0 96 128 135 41  1.94316
1261 1 72 189 59 119 48 204 117 55 232 13 110 8 183 183 0 48 162 62 76 8 80 184 176 47 229 173 48 0 64 128 199 43  2.13495
1261 1 88 141 31 125 17 206 101 55 236 0 110 0 191 51 0 112 32 54 104 8 65 185 17 45 227 239 16 0 98 128 227 42  2.14132
1261 1 72 189 19 117 49 206 117 55 121 9 110 8 190 179 0 52 162 62 76 8 65 184 176 79 231 255 16 2 66 0 135 43  2.35125
1261 1 88 185 127 101 48 206 113 55 33 77 110 40 191 23 128 48 38 182 108 8 89 152 241 13 231 237 48 0 98 128 134 123  2.06949
1262 1 24 60 123 117 114 202 117 119 112 4 110 40 63 55 0 48 34 190 68 0 32 184 160 47 247 239 48 1 97 128 70 171  2.43898
1262 1 88 188 219 117 178 234 117 55 48 135 110 56 63 55 0 16 55 255 108 0 48 216 161 47 249 231 52 0 224 192 135 43  2.17595
1262 1 88 190 94 117 50 170 48 55 57 7 110 185 47 39 0 16 38 183 236 0 48 216 129 111 230 231 48 1 98 192 143 11  2.49799
1262 1 88 62 91 101 50 234 113 54 49 132 110 168 63 23 128 16 38 180 236 0 8 216 129 14 211 231 48 1 98 128 6 43  2.51331
1262 1 16 60 94 117 18 234 49 103 48 134 110 8 63 55 0 17 34 191 64 128 32 217 17 111 241 167 16 1 97 64 39 170  2.76066
1262 1 216 60 87 116 115 234 117 119 121 10 110 56 63 55 0 49 34 183 68 32 97 253 176 79 243 239 112 2 98 192 135 43  2.81759
1262 1 88 127 27 117 50 138 55 55 48 134 110 232 191 163 128 16 38 127 108 0 96 216 129 47 228 231 52 0 96 208 135 41  2.50715
1262 1 88 60 95 117 50 74 117 55 48 130 106 40 127 55 0 19 38 247 108 32 96 217 129 47 241 231 116 0 96 240 135 43  2.25142
1263 1 80 141 31 253 18 194 103 55 52 0 234 0 119 55 32 112 114 182 44 168 121 153 49 63 241 166 50 0 32 128 164 40  2.63806
1263 1 88 159 94 61 18 194 123 55 52 5 238 165 127 39 2 80 54 183 237 128 56 153 1 63 250 231 58 193 32 128 175 91  2.3618
1263 1 24 157 63 237 150 198 127 119 20 69 222 2 245 119 32 64 118 179 31 169 120 153 49 191 241 231 170 192 52 138 165 122  3.18206
1263 1 88 157 63 109 178 198 127 55 52 73 206 160 255 55 0 112 54 247 125 160 121 153 177 111 249 231 62 192 32 128 167 123  2.12444
1263 1 88 159 87 125 50 194 41 55 52 1 106 224 253 39 128 80 54 183 108 136 49 152 1 79 228 166 58 192 32 128 167 57  2.5195
1263 1 88 149 31 249 146 238 121 55 52 5 234 145 247 55 0 80 55 183 109 144 58 153 17 31 249 231 58 64 160 128 167 58  2.43898
1263 1 24 189 90 124 210 194 117 119 52 5 238 32 63 183 32 80 54 187 199 128 122 155 16 95 243 231 50 65 97 128 167 171  2.8647
1263 1 88 157 31 125 146 206 99 55 52 9 234 96 247 55 0 80 55 55 108 8 57 153 17 63 233 231 50 64 40 128 167 59  2.17595
1264 1 80 181 31 37 146 74 53 53 32 160 235 232 247 55 8 19 54 151 108 32 113 217 145 13 249 163 100 0 96 130 135 57  2.67365
1264 1 80 183 95 101 18 202 113 51 32 37 235 169 87 39 0 16 54 151 109 32 24 217 129 12 249 167 32 64 96 130 135 115  2.24196
1264 1 80 175 255 53 146 74 53 55 48 167 234 185 119 39 0 19 55 247 109 160 120 217 129 15 249 167 116 1 96 224 135 123  2.33047
1264 1 80 181 59 36 146 202 53 119 48 69 110 169 55 183 2 16 54 191 77 0 80 153 161 15 249 165 52 65 96 0 135 123  2.50715
1264 1 88 191 30 37 178 142 53 55 32 237 110 237 255 39 2 16 38 183 236 36 208 217 145 13 248 231 52 192 104 128 135 91  2.60032
1264 1 80 191 27 37 178 202 87 55 48 173 170 233 247 39 0 16 54 247 109 32 88 217 129 15 248 167 37 208 96 130 134 123  2.54785
1264 1 80 183 31 53 146 143 21 55 48 37 170 189 247 39 0 17 55 55 108 32 120 217 145 15 233 167 52 80 96 0 135 123  2.5195
1264 1 80 183 90 37 50 138 113 55 48 37 234 173 39 39 2 16 54 191 204 32 120 152 129 15 240 231 48 65 96 128 135 91  2.5164
1179 0 208 62 159 116 170 104 53 55 184 187 162 120 247 183 0 91 167 119 108 0 48 205 131 34 217 163 116 16 224 112 135 43  0
1179 0 212 48 159 116 42 110 17 16 160 154 163 56 215 151 1 91 166 245 108 2 41 197 147 0 209 227 112 16 96 33 7 51  0
1179 0 80 184 159 118 168 236 81 151 178 27 162 24 247 247 64 91 163 247 108 16 58 77 147 33 217 227 116 88 160 64 135 43  0
1179 0 80 44 159 116 8 108 81 22 178 191 162 24 183 183 65 27 129 246 108 0 40 77 211 32 209 227 112 17 224 96 6 42  0
1179 0 208 120 159 116 40 236 81 22 160 146 162 24 183 147 1 91 160 244 108 8 8 197 147 32 209 227 112 16 96 113 7 42  0
1179 0 80 56 159 52 42 236 17 22 170 159 162 57 191 183 64 91 167 119 109 0 8 77 147 33 209 227 122 25 160 64 7 27  0
1179 0 80 56 159 116 34 232 49 18 184 138 98 56 191 183 1 26 166 119 108 0 0 221 130 104 209 163 112 0 192 96 7 43  0
1179 0 88 60 191 116 170 110 21 55 176 159 166 56 255 55 0 27 167 119 237 0 56 205 179 10 211 227 116 17 224 96 135 123  0
1329 1 208 126 158 52 170 40 52 55 184 186 162 253 247 163 65 27 167 119 108 0 96 205 131 34 208 163 117 16 200 112 131 11  1.83571
1329 1 208 190 159 53 170 234 21 55 180 187 162 120 247 55 0 91 39 119 108 0 57 205 131 47 201 163 116 16 160 96 135 59  1.73585
1329 1 208 188 159 116 170 232 53 39 184 155 162 56 182 183 0 27 163 119 108 0 48 205 131 35 217 163 116 19 192 80 135 43  1.66073
1329 1 208 52 159 117 162 106 53 23 184 187 98 56 151 55 0 27 167 119 108 0 48 220 129 2 197 163 116 0 224 80 135 43  1.94142
1329 1 208 62 150 52 170 40 52 39 185 155 162 248 239 162 128 219 167 119 236 0 52 205 131 98 144 243 116 19 224 112 139 9  2.3279
1329 1 80 165 159 117 170 106 21 39 168 179 170 56 215 51 64 27 163 119 108 0 56 201 131 0 217 163 117 16 224 96 135 35  2.10784
1329 1 208 62 159 116 170 104 21 183 178 187 162 120 247 183 65 91 167 119 108 0 56 77 131 34 217 163 117 16 160 112 135 43  1.39534
1329 1 192 190 151 85 170 108 53 55 184 155 34 120 254 183 128 123 167 119 108 0 49 205 163 99 141 178 116 2 192 96 135 41  2.22562
1330 1 216 48 31 117 42 110 17 18 184 122 163 56 159 23 0 59 166 149 108 0 41 197 179 0 209 227 112 16 96 0 7 51  1.77934
1330 1 212 58 158 52 42 42 16 16 160 154 163 253 215 227 1 91 166 245 108 2 40 197 131 0 208 227 97 16 104 33 3 3  1.842
1330 1 208 20 31 126 42 110 17 48 180 26 227 56 247 119 1 91 166 245 108 34 41 197 147 13 209 227 112 16 96 97 39 35  2.07147
1330 1 212 16 159 245 42 110 57 16 172 219 195 16 215 151 1 91 166 53 125 128 33 197 147 64 209 163 122 0 136 33 39 51  2.34601
1330 1 212 112 159 116 42 110 85 16 160 158 163 56 215 183 1 91 166 245 109 2 40 197 147 0 209 227 112 16 32 113 39 51  1.97688
1330 1 84 56 159 116 42 110 17 18 160 170 162 40 215 183 1 27 166 245 108 2 9 193 147 8 209 227 97 16 224 97 7 51  1.88059
1330 1 212 48 159 118 40 108 17 16 168 154 163 56 215 247 73 123 162 117 108 2 9 69 179 0 209 163 113 24 192 97 7 35  2.2187
1330 1 80 48 159 100 42 76 81 16 160 184 163 120 151 151 64 90 38 149 108 16 9 69 147 0 209 225 113 16 32 160 7 35  2.04022
1331 1 208 188 159 118 138 236 17 167 178 19 162 24 247 247 64 91 163 247 108 16 58 77 147 35 217 227 116 89 160 64 135 42  1.6874
1331 1 84 184 159 246 168 236 85 151 166 147 170 16 247 247 72 90 161 119 108 24 27 73 155 33 217 231 119 80 160 112 135 42  2.34341
1331 1 208 184 159 118 168 236 85 151 178 27 162 56 183 247 64 91 163 247 108 0 42 79 130 33 209 163 116 56 160 80 135 43  1.92758
1331 1 216 184 151 118 40 232 65 150 179 27 166 120 255 243 64 127 35 246 108 24 43 77 131 33 217 227 112 88 162 128 7 41  2.46805
1331 1 80 184 159 117 168 236 81 23 182 27 162 24 183 179 64 91 129 55 108 16 58 205 147 33 201 227 112 80 128 64 135 43  1.51754
1331 1 88 188 159 118 168 236 85 55 178 155 166 24 247 183 0 123 129 246 108 8 57 77 179 33 217 227 116 88 160 64 135 42  2.08747
1331 1 80 185 157 118 168 76 85 159 162 185 170 8 247 247 64 90 167 247 108 16 26 73 155 32 217 227 117 88 160 96 135 43  1.86756
1331 1 88 184 159 116 170 232 81 23 162 29 162 56 183 183 64 90 35 247 109 16 26 73 131 33 217 231 112 88 160 192 135 43  2.11403
1332 1 208 44 159 116 136 108 85 6 176 182 162 24 183 183 65 27 129 247 109 0 40 77 147 32 209 227 116 25 224 112 6 42  1.7487
1332 1 208 44 157 117 8 110 65 50 176 187 162 24 247 51 0 91 1 246 108 8 40 205 211 12 193 227 113 16 224 96 6 42  2.02875
1332 1 88 40 157 116 8 108 65 22 162 179 162 24 183 183 64 91 1 246 108 8 8 77 211 33 209 227 112 24 160 64 6 42  2.17816
1332 1 88 42 156 116 40 40 81 18 162 190 162 40 183 35 65 27 3 246 108 0 8 73 195 32 208 227 113 49 224 224 6 43  2.56395
1332 1 80 40 159 117 9 236 81 7 178 183 162 24 183 179 0 27 129 54 104 0 40 205 211 1 193 227 80 17 192 64 6 42  2.11196
1332 1 80 56 159 116 8 108 81 18 162 171 170 8 183 183 65 26 129 246 108 0 8 73 211 0 209 167 112 24 224 96 6 42  2.07147
1332 1 80 46 142 52 8 44 80 22 176 143 162 29 167 163 3 27 129 230 108 4 44 205 195 42 208 231 112 17 232 96 10 10  2.7766
1332 1 240 60 191 116 40 108 81 22 176 190 166 24 183 183 65 27 129 246 108 0 40 111 242 2 211 227 112 57 224 96 70 43  2.41912
1333 1 216 120 159 116 40 204 81 22 160 158 166 24 183 151 1 123 34 244 108 72 8 205 179 32 211 227 112 16 98 145 6 43  2.15848
1333 1 208 120 191 116 32 237 113 22 232 158 166 8 182 149 1 27 160 116 108 72 0 229 178 32 209 243 112 16 192 113 71 106  2.31264
1333 1 208 104 151 116 40 172 97 18 176 146 226 88 183 147 1 91 33 244 108 10 40 197 131 40 209 162 112 0 32 241 35 40  2.55105
1333 1 208 40 159 117 40 236 97 18 172 19 162 24 183 147 0 91 128 52 108 8 8 205 147 0 193 163 112 16 64 0 7 42  2.09761
1333 1 216 120 159 116 9 236 81 2 160 134 162 24 183 183 1 91 160 245 108 0 40 199 146 40 209 227 80 25 96 113 39 42  2.21412
1333 1 208 120 159 116 8 108 85 22 160 146 162 24 183 179 1 91 161 245 108 2 104 69 147 32 209 227 116 24 96 112 7 42  1.88223
1333 1 80 104 159 116 8 108 65 18 160 146 162 8 247 179 65 90 32 244 108 8 8 197 147 32 209 227 113 16 160 113 3 42  2.14986
1333 1 208 104 158 52 40 168 80 6 160 146 162 25 183 131 3 91 160 229 108 0 12 197 131 32 208 227 112 17 96 17 11 10  2.75279
1334 1 80 56 159 189 42 236 49 22 174 31 194 49 191 183 0 91 167 55 109 0 2 205 147 97 193 227 122 1 160 64 39 59  1.86111
1334 1 80 56 159 52 42 236 49 22 170 219 130 93 190 183 64 91 167 119 125 0 1 77 147 97 209 242 122 26 136 64 3 123  1.90213
1334 1 88 56 191 116 42 236 17 22 170 31 166 57 191 183 64 27 167 119 109 0 2 77 179 33 211 227 112 25 224 64 7 123  1.81554
1334 1 80 58 158 52 42 172 16 18 170 155 162 253 183 163 64 90 167 119 108 0 8 77 131 33 208 227 122 24 168 64 3 27  1.80941
1334 1 80 56 159 52 42 236 17 22 170 191 170 41 183 183 65 90 167 119 109 16 8 73 147 32 217 231 127 56 160 112 7 123  2.11611
1334 1 80 56 158 180 42 232 21 7 170 151 130 185 183 183 64 91 167 119 109 1 8 77 131 33 209 227 126 25 160 112 167 91  1.96255
1334 1 208 56 158 52 43 236 16 6 184 31 162 57 175 183 2 91 167 247 237 0 44 77 146 97 209 243 90 27 0 64 47 27  2.2187
1334 1 88 122 158 52 42 168 17 150 162 191 130 237 191 167 65 90 167 247 237 16 10 77 131 32 216 231 125 153 160 113 7 27  2.55748
1335 1 64 58 159 117 34 234 49 18 188 15 102 176 191 151 128 90 38 53 108 0 0 220 163 64 197 163 112 0 224 128 7 43  2.10579
1335 1 88 56 159 116 34 232 49 22 184 143 102 40 191 183 65 26 166 119 108 0 0 217 162 40 193 231 116 0 224 240 7 43  2.06357
1335 1 64 56 159 117 98 236 49 18 184 155 98 88 190 183 1 59 167 127 104 0 33 220 146 96 197 163 112 0 200 64 3 187  1.84516
1335 1 80 56 159 116 2 232 49 2 168 130 226 40 190 183 1 26 162 119 104 0 0 201 146 104 209 166 80 2 192 96 39 43  1.63347
1335 1 80 62 155 116 34 234 51 18 184 138 106 104 55 183 1 26 38 255 108 0 32 213 128 106 209 167 112 0 224 241 7 43  1.93794
1335 1 216 56 159 116 35 236 49 18 185 138 102 56 190 183 1 59 166 119 236 0 33 205 178 104 211 243 112 3 66 64 7 43  1.95193
1335 1 64 58 159 53 32 168 48 18 184 139 98 120 183 179 0 27 166 55 108 0 0 221 131 64 196 178 112 0 192 64 3 9  2.01178
1335 1 64 120 191 117 34 232 49 2 184 190 34 40 182 151 65 59 166 117 108 64 0 221 162 96 197 163 112 0 64 49 7 107  2.60707
1336 1 88 60 159 116 171 108 21 55 185 158 166 56 254 55 1 27 167 119 236 0 40 205 179 42 211 243 84 19 194 112 135 59  2.32279
1336 1 88 56 191 116 162 236 81 23 177 223 166 56 191 183 0 59 167 247 253 16 56 201 179 0 219 239 116 17 224 192 135 123  2.21183
1336 1 216 62 190 117 170 106 21 55 176 191 166 185 255 55 2 27 39 119 237 0 56 205 163 10 195 227 112 17 224 224 135 123  1.98595
1336 1 216 60 191 117 170 110 21 183 176 159 166 56 247 55 1 91 167 119 109 0 56 205 179 42 201 227 117 16 160 112 135 123  1.9679
1336 1 216 188 191 116 43 126 21 55 185 95 166 56 255 55 2 123 167 119 252 0 185 205 179 15 211 243 112 19 98 96 135 123  2.41352
1336 1 88 180 191 116 138 106 21 39 176 183 166 56 223 55 0 27 167 247 236 32 56 205 179 12 217 227 117 17 224 96 135 107  2.19373
1336 1 216 60 158 116 138 110 85 55 176 150 166 25 247 55 0 91 167 247 109 0 104 205 147 42 211 227 116 17 96 112 135 123  2.54785
1336 1 216 60 191 117 139 236 53 55 184 223 230 24 190 183 0 59 167 119 233 0 48 205 179 99 195 227 84 3 192 64 167 123  2.62073
1180 0 120 121 59 108 16 204 83 116 161 4 238 9 55 151 0 16 176 189 77 64 72 139 176 45 243 229 32 25 96 2 38 106  0
1180 0 112 57 27 100 48 206 81 119 225 8 234 8 55 151 0 48 160 180 76 96 73 171 176 13 243 233 32 16 96 0 70 43  0
1180 0 80 121 31 102 8 204 87 48 160 128 170 8 119 215 1 50 160 245 108 98 73 195 146 45 241 161 32 24 96 50 38 42  0
1180 0 88 121 27 100 50 204 115 116 160 136 102 8 63 151 0 48 38 189 76 72 65 153 176 45 241 233 32 0 96 130 39 59  0
1180 0 88 57 19 100 25 204 83 100 225 128 174 8 62 151 0 52 160 180 108 72 73 171 176 44 243 253 0 26 98 2 70 42  0
1180 0 80 121 27 36 50 140 83 80 160 136 234 104 183 211 1 16 182 253 76 66 73 131 144 44 241 229 33 24 104 51 3 43  0
1180 0 80 121 27 100 18 202 51 102 168 128 234 8 63 151 0 48 34 189 72 64 65 155 144 109 241 164 0 0 96 2 39 170  0
1180 0 16 89 27 236 18 198 91 112 164 0 234 0 55 215 32 80 246 185 93 226 72 139 16 125 241 229 42 8 48 2 39 42  0
1401 1 120 121 123 108 18 200 83 116 33 4 236 41 63 151 0 16 54 189 205 96 72 139 176 13 243 229 32 57 98 130 38 123  1.80637
1401 1 88 233 27 108 16 204 87 118 161 4 238 8 55 151 0 80 160 255 77 64 72 139 144 45 241 229 32 25 96 2 38 42  1.70788
1401 1 88 121 42 36 19 204 91 101 161 68 238 9 63 159 2 16 164 181 221 193 76 139 176 13 243 229 0 27 97 6 38 90  2.31011
1401 1 120 121 42 38 17 204 83 116 161 76 238 13 55 199 2 16 128 174 205 68 72 139 144 45 243 229 32 25 96 2 38 90  2.44472
1401 1 120 121 59 110 16 204 83 116 161 68 228 8 55 151 0 48 160 188 93 66 74 139 176 45 243 233 32 25 96 130 102 122  2.00063
1401 1 112 32 26 36 16 206 81 64 33 132 226 9 23 151 2 16 176 189 77 0 8 147 144 12 211 229 32 17 96 2 38 66  2.34601
1401 1 56 121 123 108 81 207 83 116 161 4 236 9 51 151 0 16 184 185 69 64 72 187 48 61 243 237 0 9 97 2 102 234  2.05964
1401 1 120 57 187 100 56 204 83 16 163 173 174 9 55 151 64 16 132 189 77 80 10 11 240 32 251 229 32 56 96 130 6 122  2.58032
1402 1 80 61 27 124 112 204 85 119 161 8 234 8 55 183 0 48 160 179 68 0 73 171 176 47 241 237 48 8 96 0 230 43  2.65926
1402 1 80 57 27 100 48 206 65 55 32 168 170 8 183 23 0 48 128 180 76 104 73 139 241 12 241 225 32 16 96 0 6 43  2.41912
1402 1 112 41 31 100 16 207 67 101 224 8 234 8 55 147 0 16 160 180 76 96 72 171 144 13 241 169 32 16 96 2 70 42  2.20048
1402 1 112 57 123 100 16 78 81 99 97 236 226 9 19 29 6 48 168 181 93 32 200 187 176 12 211 233 32 17 97 0 70 122  2.80099
1402 1 112 53 27 96 48 207 81 115 161 168 168 40 23 151 0 48 164 181 76 32 9 11 176 12 241 225 32 120 96 0 6 51  2.71432
1402 1 240 113 59 100 32 205 81 80 225 8 166 8 55 151 0 49 160 180 76 104 72 167 176 12 211 233 32 24 96 128 70 43  2.38869
1402 1 96 57 27 100 113 206 113 119 233 8 106 8 54 147 0 48 160 60 68 8 65 187 176 13 243 248 0 2 64 0 70 171  2.57374
1402 1 112 121 123 100 48 206 87 119 225 8 238 8 55 151 0 48 160 180 76 104 73 171 176 13 243 233 32 16 96 128 70 43  1.94666
1403 1 208 105 23 100 10 76 71 96 161 128 162 8 55 147 1 19 32 245 108 98 72 67 146 8 241 224 64 24 96 50 38 42  2.06357
1403 1 80 121 31 118 9 204 87 96 161 128 234 8 118 215 1 50 160 245 104 66 73 195 146 45 241 160 0 26 64 51 38 58  1.78379
1403 1 80 249 27 102 8 204 87 180 160 136 170 8 247 215 64 50 160 245 108 66 73 75 186 41 241 225 37 56 96 50 6 42  1.55471
1403 1 80 105 31 102 8 204 71 32 160 128 226 8 247 211 0 82 160 244 108 74 72 203 146 45 241 225 96 24 96 34 34 42  1.88717
1403 1 80 121 31 100 8 206 71 48 160 128 162 8 119 215 1 114 32 244 108 106 73 195 178 44 241 161 32 24 96 179 38 42  1.66601
1403 1 112 121 63 78 72 204 87 96 224 192 226 8 114 212 5 51 160 244 104 98 73 163 178 45 113 168 64 24 65 50 102 106  2.84731
1403 1 80 121 47 36 8 78 95 112 160 192 170 9 119 215 1 50 164 245 125 227 73 195 178 12 241 225 41 24 96 50 38 122  2.40241
1403 1 80 105 31 102 26 202 87 164 160 128 170 8 119 243 1 82 48 245 108 98 72 195 137 45 241 225 37 25 96 50 38 42  2.22331
1404 1 81 121 27 101 50 206 123 52 44 72 106 96 191 151 128 112 38 61 76 72 65 152 177 109 229 233 34 0 104 130 35 57  2.50409
1404 1 16 121 59 100 48 206 115 116 232 136 110 8 183 151 0 48 162 125 68 72 65 185 176 45 241 173 32 0 64 130 103 171  2.43326
1404 1 216 121 27 126 114 204 119 116 160 8 228 8 63 151 0 49 34 185 76 72 97 143 176 111 241 233 32 8 96 128 39 43  2.55105
1404 1 88 121 91 100 50 206 115 112 33 136 102 40 63 151 0 48 38 189 76 72 73 155 176 12 243 233 32 0 98 130 39 59  1.86918
1404 1 88 249 123 102 114 204 115 244 161 200 110 40 63 215 64 48 54 253 76 72 67 219 178 45 251 233 37 40 96 146 7 59  2.91415
1404 1 88 123 26 36 18 140 114 116 161 128 102 204 63 135 0 144 38 189 204 72 73 153 144 45 240 225 32 0 106 130 43 25  3.14656
1404 1 88 121 59 100 48 204 115 84 168 72 102 8 191 151 0 48 166 61 93 72 193 153 176 45 243 233 32 0 96 130 7 123  2.15417
1404 1 88 121 27 100 18 206 99 52 160 128 230 8 55 151 0 112 38 244 108 72 73 153 177 45 241 225 32 0 96 130 39 57  2.47397
1405 1 120 121 115 100 17 221 83 118 225 164 174 8 63 151 0 180 160 180 204 64 72 171 176 44 243 253 0 59 98 128 70 42  2.13073
1405 1 88 57 59 100 25 204 83 16 225 136 174 8 62 151 0 48 160 180 108 72 9 43 176 12 211 253 0 26 98 2 70 43  1.90381
1405 1 89 121 19 100 25 204 67 36 233 72 170 8 190 147 0 180 160 180 76 72 73 11 176 109 177 248 0 26 74 2 3 42  2.39965
1405 1 120 105 19 100 17 206 71 102 225 128 230 8 54 147 1 52 160 244 104 72 73 171 176 44 243 248 0 18 66 16 70 42  2.3618
1405 1 120 57 18 100 25 220 82 96 233 128 170 8 46 150 4 180 160 181 236 64 77 171 178 44 179 241 0 27 66 6 78 14  2.14345
1405 1 88 41 19 100 25 204 67 52 161 160 174 8 63 151 64 54 32 244 108 72 73 75 176 44 251 245 5 56 98 130 6 42  2.42193
1405 1 104 121 51 86 65 204 115 100 233 8 230 8 62 151 4 52 160 184 64 72 65 171 178 109 115 248 0 10 66 2 70 170  2.47694
1405 1 88 125 59 102 25 204 87 103 225 128 238 8 62 247 0 48 160 246 104 72 73 171 178 47 243 253 4 27 98 18 230 42  2.30509
1406 1 80 121 27 36 58 142 67 48 160 136 234 108 247 211 1 80 54 245 108 98 73 129 145 45 241 229 33 24 40 162 3 57  2.23026
1406 1 80 123 147 36 58 136 2 64 169 136 170 108 167 194 65 18 166 253 76 64 73 203 128 40 176 244 37 58 72 50 3 9  2.61047
1406 1 84 121 27 38 50 140 51 112 168 136 234 109 126 215 1 16 182 253 76 98 65 131 144 108 241 164 33 10 72 51 35 19  2.35388
1406 1 88 121 27 100 50 140 87 116 160 136 234 104 183 211 1 16 182 253 76 66 72 139 128 44 241 229 32 24 96 51 35 43  1.94841
1406 1 80 59 27 100 50 139 83 80 32 168 170 104 23 147 1 16 182 189 76 96 8 131 128 12 209 229 33 56 96 163 7 35  2.40795
1406 1 81 107 27 36 48 140 74 16 160 128 234 205 183 131 1 80 166 173 76 196 73 139 128 44 240 229 42 24 40 2 35 8  2.65214
1406 1 84 121 27 98 58 205 19 80 160 200 168 104 183 215 65 48 182 253 76 66 75 3 152 61 241 193 33 56 104 3 7 51  2.73722
1406 1 80 57 27 36 48 204 83 80 160 200 234 76 183 215 65 16 180 253 76 64 9 131 144 8 241 229 33 56 72 35 3 51  2.51022
1407 1 80 41 27 100 18 202 51 96 32 128 234 8 55 151 0 16 50 189 72 192 8 155 144 76 241 164 0 0 96 2 39 42  1.93448
1407 1 80 61 27 100 19 202 51 103 169 128 234 40 62 151 0 48 162 181 200 64 65 137 176 109 177 229 0 3 96 2 39 59  2.34081
1407 1 81 121 19 100 19 206 35 102 169 128 106 8 62 147 0 48 162 61 72 72 65 153 144 109 177 188 0 2 72 0 35 170  2.64156
1407 1 80 105 123 100 82 202 49 70 168 132 234 136 55 151 1 48 38 189 65 192 64 155 160 76 241 164 32 0 97 16 39 234  2.45632
1407 1 64 57 27 100 82 200 35 102 168 128 234 8 54 151 0 48 34 255 104 64 65 139 178 109 241 164 0 8 64 2 39 170  2.5195
1407 1 16 253 27 110 18 207 55 100 236 0 106 8 54 151 0 48 162 59 64 66 65 185 16 61 241 164 0 2 96 18 39 170  2.57046
1407 1 80 105 19 124 18 202 102 102 160 0 226 8 55 147 0 48 34 252 72 72 73 155 144 109 177 160 0 0 96 16 35 40  2.55748
1407 1 80 105 82 36 83 200 50 100 169 128 234 9 46 130 0 16 162 189 192 64 64 155 128 109 177 160 0 11 97 2 39 138  2.51022
1408 1 16 89 27 238 27 196 19 96 172 64 232 0 116 215 33 112 244 185 91 226 73 139 50 125 241 164 10 10 16 3 39 58  2.83022
1408 1 80 217 27 236 18 198 91 116 164 0 234 0 183 215 32 80 118 185 93 232 73 139 16 61 241 165 34 8 48 130 39 42  2.54466
1408 1 80 105 27 172 18 194 83 96 164 4 234 9 55 215 33 80 242 185 77 226 72 139 0 61 241 229 42 9 32 2 39 10  2.7766
1408 1 82 123 11 172 18 198 27 112 164 68 202 165 55 135 32 80 246 189 93 229 72 139 144 77 241 229 170 136 32 2 39 91  2.90498
1408 1 146 89 111 236 22 198 251 116 164 64 210 130 53 159 49 97 110 177 31 227 105 143 48 237 241 169 170 128 53 178 53 122  3.76145
1408 1 16 73 59 236 20 198 91 116 132 8 218 2 55 223 32 64 248 185 31 193 72 139 16 191 241 229 170 8 52 10 52 42  3.38877
1408 1 90 89 59 236 19 198 123 96 165 0 238 2 127 215 32 112 246 181 221 226 72 131 48 237 243 229 10 11 34 34 39 42  3.33822
1408 1 24 221 27 238 18 198 83 248 165 8 233 32 127 215 40 80 182 185 77 226 75 131 24 127 241 229 34 8 48 2 39 51  3.16415
1181 0 216 122 126 116 43 216 21 54 169 206 166 169 47 183 3 19 166 247 237 66 104 79 162 105 243 243 116 155 98 180 7 123  0
1181 0 88 59 222 52 42 216 20 55 169 204 174 173 47 167 2 18 166 247 237 64 76 203 130 40 242 241 100 155 98 164 15 91  0
1181 0 216 255 126 100 42 74 87 53 161 172 166 169 127 55 2 19 38 245 237 98 104 203 161 45 243 227 101 145 96 176 134 123  0
1181 0 216 127 94 116 42 74 87 180 160 142 166 169 127 231 1 19 38 245 236 98 104 193 131 44 242 227 101 25 96 240 7 59  0
1181 0 90 123 238 52 34 194 63 54 160 196 198 165 125 231 3 83 38 247 253 199 72 201 135 109 240 227 110 129 36 180 39 91  0
1181 0 208 122 126 116 66 202 53 102 184 134 230 169 63 167 3 19 38 245 237 192 96 221 162 108 115 163 112 1 97 176 39 251  0
1181 0 216 121 30 62 11 200 23 228 161 140 166 41 111 247 3 19 162 247 237 66 104 75 130 45 243 227 68 27 96 48 39 91  0
1181 0 218 221 127 126 42 194 31 244 181 76 230 161 125 215 34 81 166 241 253 226 104 143 34 125 243 227 106 139 34 176 39 123  0
1473 1 216 120 126 116 43 92 85 48 161 222 166 169 63 151 66 27 166 245 253 66 72 79 178 1 211 241 112 155 98 164 6 123  1.71341
1473 1 216 122 63 116 40 220 85 54 169 206 166 173 191 183 131 51 134 245 253 66 200 77 178 41 243 243 116 155 98 176 7 123  1.70375
1473 1 210 120 247 84 43 216 21 38 169 198 166 169 46 182 7 159 166 245 236 66 76 79 162 104 147 242 84 27 98 52 7 127  1.81708
1473 1 216 122 127 116 43 200 17 80 169 140 166 41 46 159 7 19 166 245 237 64 192 71 162 104 211 249 96 187 66 176 7 123  2.12026
1473 1 218 126 126 52 43 216 21 118 185 206 166 189 47 191 3 19 166 247 237 2 108 207 162 111 243 243 116 155 98 244 15 91  1.60944
1473 1 216 126 127 116 43 216 85 55 185 142 166 40 47 183 129 55 166 247 236 0 104 207 162 111 243 243 116 27 98 240 7 107  1.93794
1473 1 216 253 63 116 171 204 21 183 169 222 166 41 62 183 2 51 167 247 253 0 96 77 178 109 243 243 84 27 66 84 135 123  1.91054
1473 1 216 249 126 86 41 220 85 182 233 76 166 40 42 151 6 55 166 247 236 66 232 105 178 109 243 251 84 27 98 148 70 127  1.98231
1474 1 240 59 94 36 42 219 16 99 169 164 162 173 47 140 6 19 166 181 236 64 76 235 130 12 146 241 65 59 96 36 15 95  2.33047
1474 1 88 123 154 36 42 8 22 55 161 140 174 173 47 167 67 18 166 247 236 64 76 75 130 40 242 229 37 187 96 240 15 91  1.62075
1474 1 80 63 222 52 162 216 52 39 169 140 238 169 46 182 134 18 166 247 236 0 84 201 162 104 178 243 116 139 96 100 175 95  2.42475
1474 1 88 255 222 52 171 152 84 183 161 204 174 173 47 167 2 210 166 247 237 68 76 201 147 41 250 227 116 147 42 244 142 91  1.99143
1474 1 88 59 22 52 43 154 20 55 169 204 174 237 239 166 130 150 166 247 236 64 76 201 131 45 178 243 100 147 106 164 15 95  1.96969
1474 1 82 123 142 52 42 136 28 39 169 204 170 173 47 174 66 18 166 247 237 197 76 75 130 104 242 241 124 155 96 52 47 91  2.09151
1474 1 88 59 254 52 42 216 81 49 161 204 166 173 47 135 130 18 166 245 237 64 76 75 162 9 210 225 96 155 98 164 14 91  1.86111
1474 1 90 59 254 116 51 220 121 55 169 204 238 173 47 191 2 18 166 247 253 0 140 201 178 76 211 249 32 131 98 132 47 91  2.41352
1475 1 208 251 127 100 42 72 87 188 161 172 166 169 119 71 2 19 38 245 109 98 72 75 171 45 243 225 101 185 96 178 6 123  1.81862
1475 1 88 191 127 102 186 74 95 181 161 140 174 169 127 119 2 19 38 247 237 226 120 201 169 45 243 227 101 145 96 178 167 123  1.89379
1475 1 248 243 126 100 42 74 85 53 161 172 166 41 127 55 0 19 38 244 237 96 104 203 161 13 243 227 100 17 98 160 134 107  1.89712
1475 1 216 255 126 116 170 74 85 183 177 174 166 185 127 55 2 19 39 247 237 34 104 205 161 47 243 227 117 145 96 240 134 123  1.86756
1475 1 210 191 119 36 155 74 23 103 161 228 170 169 111 38 4 23 38 247 236 98 104 203 165 76 177 226 69 19 99 52 135 127  2.97593
1475 1 248 181 126 100 43 94 85 53 161 236 166 41 123 63 6 51 166 245 253 98 236 203 177 13 243 235 101 147 99 164 198 123  2.16282
1475 1 216 123 127 100 34 74 87 52 161 236 166 169 127 55 131 19 38 245 237 98 72 201 161 44 243 227 101 145 98 176 6 123  1.56662
1475 1 120 253 126 116 168 78 87 183 161 236 174 41 115 183 2 19 166 246 109 66 104 203 178 45 243 235 101 17 96 240 198 123  2.49799
1476 1 216 126 94 116 42 74 87 180 160 134 166 169 127 103 1 19 38 245 236 98 104 197 131 44 243 227 101 17 96 240 39 59  1.88223
1476 1 88 107 158 36 42 8 87 180 160 164 162 169 231 227 65 18 38 245 236 66 72 65 131 40 240 225 101 25 96 178 7 11  2.21412
1476 1 92 123 95 102 42 202 23 176 160 140 174 232 127 247 129 19 54 245 236 98 72 193 139 44 240 227 101 153 96 179 7 51  2.00619
1476 1 216 111 94 52 10 10 84 38 176 134 166 169 103 227 3 19 38 245 236 98 108 205 131 44 242 227 101 17 96 240 14 10  2.24668
1476 1 208 123 95 116 42 72 85 52 160 142 166 40 119 247 1 19 38 245 108 98 104 71 130 40 243 227 101 25 96 176 6 43  2.03638
1476 1 88 127 150 52 170 26 86 182 161 142 174 237 111 227 131 147 38 247 236 98 104 193 131 40 242 227 101 19 106 240 15 27  2.62762
1476 1 212 123 158 52 42 8 21 176 160 158 166 173 247 231 3 27 38 245 109 66 104 69 131 40 208 227 101 153 96 241 7 91  2.58694
1476 1 212 127 94 118 162 138 55 246 184 142 234 232 111 231 129 19 38 247 236 98 96 201 130 110 240 227 101 129 96 241 39 41  2.38869
1477 1 90 223 174 62 42 194 29 183 160 222 134 165 253 175 2 83 38 247 253 199 236 201 167 109 240 227 254 145 36 244 167 91  2.49193
1477 1 218 123 142 52 42 146 60 54 160 206 198 229 237 230 131 83 38 245 253 199 236 205 135 104 242 227 110 129 44 180 47 91  2.27546
1477 1 90 107 110 44 18 194 63 100 160 132 202 161 109 239 3 80 54 247 237 227 72 137 133 109 240 225 46 129 37 182 39 91  2.43898
1477 1 90 123 239 52 34 66 63 54 160 198 206 165 125 167 3 83 38 247 253 198 64 201 163 104 241 227 110 128 32 240 39 123  2.23026
1477 1 90 59 110 53 34 194 57 55 165 68 198 165 173 175 130 83 38 181 253 133 140 217 167 77 210 227 122 129 36 132 47 91  2.68458
1477 1 216 123 110 54 34 202 63 52 160 196 198 165 255 231 131 83 38 245 253 198 200 201 167 109 240 227 106 129 36 178 39 121  2.38325
1477 1 86 123 158 190 42 128 63 160 168 132 194 165 237 231 3 82 166 245 237 195 64 193 130 105 240 225 111 139 36 51 39 91  2.5672
1477 1 82 123 142 52 42 194 63 98 168 204 130 237 108 230 3 83 166 245 253 199 64 203 130 104 176 34 111 138 0 52 39 91  2.63806
1478 1 80 123 255 116 98 202 53 118 168 132 102 169 63 183 1 18 38 245 237 64 64 217 160 104 241 161 100 1 97 176 39 123  2.12235
1478 1 216 62 122 116 98 200 61 119 176 142 102 169 63 135 2 17 38 191 197 128 96 223 162 79 115 163 112 137 97 128 39 251  2.43326
1478 1 208 124 127 84 66 200 53 102 249 134 102 40 62 183 133 51 38 247 228 66 96 255 162 109 115 171 116 3 99 176 103 171  2.51022
1478 1 210 122 126 20 66 200 53 102 184 134 226 169 44 134 7 27 166 245 233 194 96 207 162 104 81 34 90 11 65 48 39 251  2.5672
1478 1 208 58 127 84 66 218 49 98 233 132 230 168 42 134 135 23 38 181 236 32 64 253 164 76 19 162 64 3 97 160 39 127  2.8691
1478 1 208 122 94 52 98 138 61 118 176 134 230 173 47 135 3 19 38 245 237 194 96 221 128 108 242 163 112 129 97 176 39 219  2.34341
1478 1 216 120 254 117 2 74 125 118 177 198 230 169 63 191 3 59 38 245 253 192 96 221 179 104 211 235 112 129 99 176 39 123  2.80925
1478 1 208 111 126 116 34 202 53 103 184 134 230 169 47 167 2 19 166 119 236 0 96 205 162 111 243 227 116 3 96 16 167 107  2.65214
1479 1 208 121 22 52 11 200 21 96 169 140 162 41 110 247 1 19 162 245 236 66 64 75 146 105 241 240 69 27 64 48 39 91  2.3177
1479 1 216 253 30 118 139 216 22 165 161 148 166 41 111 247 2 147 162 247 236 66 108 75 154 45 251 227 69 27 98 48 175 11  2.19373
1479 1 80 251 30 54 10 200 23 228 168 132 170 169 110 246 3 19 166 247 236 66 68 75 138 109 241 227 68 27 96 50 39 91  2.18926
1479 1 210 121 22 62 43 204 22 228 169 204 162 173 110 254 3 19 166 247 237 67 108 75 146 109 177 242 76 155 64 53 39 95  2.36446
1479 1 216 121 62 126 11 200 23 228 160 140 166 41 127 247 3 19 162 247 237 66 104 75 162 45 243 227 100 27 96 48 39 107  1.72597
1479 1 216 121 30 60 11 200 84 102 161 134 166 41 47 151 3 19 162 247 237 66 108 79 130 45 243 227 80 27 96 48 46 74  2.02117
1479 1 248 253 126 126 75 216 87 230 225 12 228 41 106 247 6 19 160 246 236 66 108 235 162 45 243 235 68 27 99 48 110 75  2.68458
1479 1 88 123 158 190 43 192 22 228 163 140 170 169 111 247 1 82 166 247 237 194 72 75 138 41 241 229 111 27 32 51 39 11  2.41631
1480 1 146 221 127 94 34 210 63 245 188 76 246 160 124 255 166 49 166 243 253 194 225 137 50 109 115 171 110 131 97 48 167 251  2.95651
1480 1 88 251 127 126 58 192 31 244 165 12 230 169 127 215 130 81 38 241 205 226 72 139 42 125 243 225 32 139 98 146 39 123  2.53515
1480 1 218 221 63 126 59 192 29 119 181 12 230 161 125 247 34 81 166 247 253 192 104 139 34 109 243 227 122 139 34 144 167 123  2.63806
1480 1 216 92 127 254 42 70 95 180 181 74 198 160 125 119 161 115 102 245 253 226 105 197 51 111 243 235 106 128 34 176 37 123  2.8691
1480 1 216 203 126 254 50 192 127 244 180 12 214 163 125 215 34 81 118 243 191 194 106 143 42 127 243 227 170 137 50 147 37 107  3.23145
1480 1 218 93 126 254 11 194 31 100 181 70 214 163 109 255 35 81 238 241 253 227 104 143 50 239 243 227 202 139 39 52 39 123  2.85597
1480 1 210 223 31 190 42 194 31 252 164 140 194 225 125 247 33 81 246 245 253 226 104 131 138 125 241 227 111 155 48 50 39 123  2.93746
1480 1 218 92 63 124 42 194 31 112 181 78 230 161 127 215 35 83 166 245 253 226 104 199 34 125 211 227 106 139 32 177 39 123  2.67003
1182 0 65 169 22 61 8 140 32 39 172 0 226 68 247 162 0 211 160 39 104 12 65 201 147 109 132 178 82 0 8 0 43 8  0
1182 0 208 140 30 190 8 200 20 39 180 23 194 17 247 227 0 83 161 247 105 128 120 205 147 45 209 163 90 17 0 64 167 10  0
1182 0 80 173 30 54 0 142 36 39 184 130 234 8 246 243 0 19 160 103 104 0 96 201 146 111 177 162 84 0 64 112 163 10  0
1182 0 146 205 31 190 18 198 63 231 188 0 202 3 245 247 32 65 230 115 59 193 96 137 19 127 241 162 222 0 16 16 165 10  0
1182 0 82 139 14 189 42 130 44 39 172 0 194 229 229 226 0 83 166 103 109 133 100 201 135 109 176 162 122 128 8 0 163 25  0
1182 0 80 143 142 189 152 138 44 55 180 131 202 213 247 35 0 83 39 103 108 132 120 201 131 47 232 167 126 16 40 96 163 8  0
1182 0 80 109 30 62 10 138 6 166 164 130 202 129 247 227 1 83 32 231 108 194 104 201 131 45 240 162 110 16 32 112 35 10  0
1182 0 80 221 23 62 139 204 39 167 188 2 234 0 246 243 0 83 160 119 104 66 97 201 147 111 177 166 94 10 0 112 163 42  0
1545 1 81 41 6 60 24 140 40 39 172 128 202 77 167 162 0 210 160 167 104 133 13 201 147 77 144 166 26 16 8 0 43 12  2.36446
1545 1 81 169 22 63 8 140 4 39 172 16 162 76 247 162 0 211 128 39 104 12 105 201 211 61 160 226 82 16 8 0 139 8  2.36979
1545 1 193 156 23 63 32 140 44 55 252 74 98 84 190 178 0 241 166 39 120 12 229 221 19 109 165 186 82 0 72 0 171 9  2.48891
1545 1 80 8 22 61 9 142 96 35 164 0 226 0 247 163 0 210 96 164 106 136 9 217 147 77 149 162 82 0 40 0 43 8  2.76066
1545 1 65 137 22 28 9 156 36 39 237 0 226 68 238 162 4 215 160 103 104 12 69 201 147 109 160 242 82 2 74 4 171 12  2.22101
1545 1 193 40 22 29 8 140 32 38 172 18 226 80 182 130 0 91 160 39 104 12 64 205 147 97 132 162 90 0 8 0 35 8  2.1848
1545 1 65 137 31 61 32 142 105 55 172 0 98 68 247 163 0 83 34 39 104 12 65 217 147 109 196 162 114 0 8 128 35 40  2.08747
1545 1 193 200 14 189 13 132 232 103 236 16 194 80 180 154 48 107 232 39 122 141 69 237 147 229 149 187 218 0 8 0 121 138  3.58452
1546 1 208 12 14 189 12 226 68 39 180 22 194 19 247 163 32 75 232 167 107 129 40 207 83 13 209 163 218 17 48 104 52 10  2.6173
1546 1 80 141 30 62 152 200 20 39 180 23 170 17 247 227 0 83 161 247 104 0 122 201 131 63 249 163 86 81 32 64 167 10  1.8708
1546 1 208 140 158 190 138 232 53 39 188 23 194 17 245 247 0 91 163 119 105 128 112 205 147 109 209 163 94 1 0 64 167 42  1.91902
1546 1 208 140 158 190 136 12 68 39 180 19 130 25 247 227 0 91 129 231 104 0 120 77 211 45 209 163 94 24 0 96 163 10  1.959
1546 1 218 140 22 62 11 216 20 39 189 22 226 17 238 226 2 211 161 247 232 128 108 205 147 111 179 243 90 19 0 68 175 14  2.66284
1546 1 208 140 30 188 9 198 20 103 180 6 194 17 231 243 34 83 224 183 233 129 108 207 147 15 241 227 90 25 32 0 175 10  2.35916
1546 1 208 140 46 62 8 204 93 39 180 86 194 17 247 47 18 83 160 231 121 133 124 205 147 47 241 227 218 17 32 64 167 74  2.38597
1546 1 208 232 30 190 8 200 52 39 190 23 194 17 183 195 0 91 161 51 105 128 98 77 131 117 209 162 90 25 0 0 167 10  2.57374
1547 1 82 45 6 20 3 138 36 103 185 134 234 9 106 162 4 17 160 231 104 128 108 203 146 111 177 38 84 3 65 116 163 14  2.74887
1547 1 80 45 158 54 9 140 52 103 184 130 234 9 246 243 0 19 160 119 104 0 96 203 146 105 241 162 86 11 64 112 163 10  2.03447
1547 1 208 237 30 54 8 140 36 39 184 2 226 25 246 243 0 19 160 103 104 2 96 205 146 47 241 162 84 16 64 80 131 10  2.16065
1547 1 80 173 158 54 136 138 4 167 184 146 170 8 230 227 0 19 161 103 104 0 120 201 131 45 185 162 85 16 64 96 131 10  2.09964
1547 1 80 141 30 118 129 142 100 39 225 130 234 8 114 51 0 83 160 230 104 8 120 201 147 45 177 170 84 0 96 96 226 10  2.83446
1547 1 80 45 158 52 130 10 36 39 184 130 234 9 183 162 0 19 162 231 104 0 96 217 128 110 176 166 84 0 64 112 163 8  2.36712
1547 1 192 45 30 126 48 142 100 103 252 2 106 8 246 243 0 17 160 38 104 8 96 233 18 111 241 170 80 0 64 64 227 10  2.78062
1547 1 89 173 22 22 1 156 52 103 249 130 234 8 110 242 6 151 160 103 232 0 100 201 146 109 179 242 84 3 66 84 171 14  2.71432
1548 1 144 205 31 191 18 130 47 103 180 0 202 194 245 227 32 65 102 115 59 200 96 153 3 127 224 162 250 0 52 144 161 40  2.72953
1548 1 146 205 6 190 13 128 206 231 148 2 194 2 97 235 48 65 104 227 59 195 104 139 18 255 177 162 206 8 53 56 176 10  2.95172
1548 1 18 205 30 190 18 192 62 103 188 4 202 131 173 231 32 64 226 179 171 193 98 137 2 127 241 167 154 9 48 0 165 10  2.66284
1548 1 144 221 31 190 146 198 63 231 188 10 202 35 253 247 32 65 231 115 59 195 96 137 18 127 241 167 126 128 16 80 165 11  2.5672
1548 1 147 221 15 190 18 134 63 247 188 66 202 133 245 247 32 81 230 115 121 197 97 137 19 111 225 162 222 128 8 16 163 122  2.64508
1548 1 16 141 31 191 20 198 45 103 188 1 202 2 244 247 32 65 224 51 59 129 114 137 19 125 225 166 218 0 16 8 165 42  2.63109
1548 1 210 205 15 190 154 194 63 229 180 134 202 131 117 239 32 67 246 247 125 227 104 201 11 239 241 162 206 129 36 114 165 10  2.8691
1548 1 18 205 30 190 29 135 92 103 141 0 202 3 238 251 32 65 232 179 187 193 108 137 19 253 177 243 218 19 16 24 185 10  3.28341
1549 1 82 143 6 60 18 130 60 39 189 64 194 229 239 46 2 209 166 167 237 133 124 201 7 109 176 242 90 131 40 4 171 30  2.45051
1549 1 193 155 14 61 42 142 60 55 172 88 194 229 253 162 130 83 166 39 109 133 244 201 135 109 228 163 122 128 8 128 171 89  2.41631
1549 1 82 2 14 189 10 130 40 33 172 4 194 197 229 194 2 83 102 165 105 133 76 201 135 77 144 34 234 128 36 0 35 8  2.45341
1549 1 210 206 14 191 42 130 44 167 188 18 194 245 229 226 0 83 167 103 109 133 100 205 135 111 176 162 126 128 8 80 163 25  2.07346
1549 1 82 159 31 189 34 130 45 55 188 10 66 229 253 167 128 83 38 119 125 132 97 217 131 109 228 162 122 128 40 160 163 25  2.41073
1549 1 83 175 15 190 58 138 46 39 172 8 202 229 245 226 0 82 166 103 108 197 69 137 131 109 176 166 42 128 8 2 163 25  2.39415
1549 1 82 43 174 52 2 130 60 39 168 198 202 133 173 174 18 83 166 103 121 133 68 201 135 73 240 34 94 129 4 100 167 90  2.89589
1549 1 83 235 134 190 10 128 44 167 174 17 130 197 237 226 0 210 166 103 104 197 71 73 135 97 176 32 94 152 8 20 171 28  2.67728
1550 1 81 159 142 191 184 174 12 55 180 203 202 85 247 99 2 83 165 103 125 133 252 201 147 47 232 231 254 144 136 112 169 91  2.90042
1550 1 80 141 142 181 152 14 12 55 164 130 138 197 247 35 0 83 39 231 109 164 121 201 145 15 248 231 126 16 40 96 163 24  2.59027
1550 1 80 143 14 61 146 138 44 55 180 23 202 213 247 35 2 83 39 103 108 132 120 217 135 111 232 163 126 0 40 192 163 8  2.5195
1550 1 80 159 158 63 178 142 62 183 188 11 74 245 253 227 0 83 39 119 108 132 112 201 131 111 232 167 126 128 40 240 171 25  2.60032
1550 1 80 143 30 189 178 138 46 55 180 1 202 197 247 163 0 80 38 39 108 140 88 137 129 47 232 167 62 64 40 128 161 8  2.68092
1550 1 80 175 142 53 136 10 68 167 182 179 138 221 247 35 0 83 1 103 108 4 120 201 195 47 232 167 127 16 168 96 139 8  2.30259
1550 1 80 174 158 189 154 170 32 39 182 131 202 213 247 227 0 82 39 103 104 20 58 201 131 47 200 166 126 80 168 64 163 8  2.69934
1550 1 208 14 143 181 128 42 108 55 180 130 194 208 247 35 0 91 97 103 108 140 104 221 131 47 224 162 254 0 32 240 161 8  2.68825
1551 1 80 237 30 62 8 10 70 167 160 130 170 8 247 227 0 83 32 230 108 74 104 201 131 45 240 163 100 16 32 112 162 10  2.26577
1551 1 80 109 30 62 10 138 6 166 180 130 202 65 247 227 1 83 34 247 108 194 104 201 131 45 240 162 110 16 32 112 35 10  1.98231
1551 1 82 109 142 62 26 130 14 166 164 132 202 129 231 226 3 82 32 231 105 199 76 201 135 109 240 38 206 17 32 118 39 74  2.89137
1551 1 80 79 31 62 58 138 47 182 164 0 202 224 247 227 129 80 38 247 108 202 72 137 131 109 240 166 46 0 32 178 35 40  2.42193
1551 1 80 233 158 54 138 136 6 164 166 128 138 137 231 227 1 82 34 231 104 194 72 73 139 45 248 166 79 25 32 114 35 10  2.52573
1551 1 209 108 6 62 10 138 46 38 188 130 194 129 239 226 1 211 34 231 104 198 108 205 135 111 176 162 78 17 32 112 43 12  2.75279
1551 1 208 77 15 190 8 6 78 164 164 130 194 1 247 227 33 83 224 229 109 231 104 199 147 45 241 227 238 16 32 113 35 10  2.65214
1551 1 240 105 6 45 10 11 100 100 164 160 226 137 163 130 1 83 104 228 106 194 72 203 199 8 180 160 198 17 33 48 34 138  3.47377
1552 1 80 12 23 126 3 206 39 34 188 2 234 64 254 243 33 247 34 119 104 74 97 137 147 111 177 166 66 0 32 112 35 40  2.74497
1552 1 208 253 23 62 137 204 4 167 188 18 162 24 230 242 0 83 161 119 104 66 105 79 154 111 177 178 94 26 0 112 163 42  2.51022
1552 1 80 221 159 190 136 204 7 166 188 2 234 0 247 243 0 83 161 119 104 66 105 201 155 47 241 166 94 24 0 114 163 42  2.39415
1552 1 82 205 151 94 137 204 36 231 173 130 234 0 236 242 36 247 160 119 104 130 97 201 146 109 177 178 94 10 0 112 167 46  2.83446
1552 1 209 221 23 62 139 198 53 167 188 82 194 16 252 247 0 115 167 119 120 130 97 205 147 111 177 162 94 2 8 112 163 58  2.39965
1552 1 80 237 23 62 155 200 54 231 188 0 234 0 166 243 32 80 160 115 104 64 98 137 146 127 177 166 22 11 64 16 163 10  2.73337
1552 1 80 141 23 252 137 198 7 175 180 2 234 0 246 243 32 83 192 246 104 98 104 203 83 45 177 166 86 26 16 112 164 42  3.47377
1552 1 80 157 23 126 155 204 55 167 172 1 234 0 254 243 0 114 160 119 104 64 81 201 147 109 177 166 86 2 0 80 163 42  2.44761
1183 0 80 235 26 60 58 137 22 230 162 4 168 41 167 195 0 16 162 187 76 64 74 11 130 61 241 229 32 57 96 2 7 11  0
1183 0 48 201 26 188 25 197 83 102 164 4 232 9 183 211 32 80 200 187 75 64 74 139 82 61 241 229 2 25 16 8 38 10  0
1183 0 112 185 25 106 56 205 83 125 162 12 168 9 183 215 0 16 132 187 77 64 74 11 210 61 241 197 32 120 96 2 6 123  0
1183 0 112 233 18 124 25 205 84 103 169 0 160 8 38 147 0 16 128 178 204 64 74 43 210 61 179 240 0 59 64 0 70 10  0
1183 0 112 237 27 126 24 204 87 167 162 4 170 8 183 243 0 18 128 246 108 64 74 75 210 61 249 229 36 57 96 16 134 42  0
1183 0 208 233 31 122 8 205 85 231 178 16 160 24 183 211 0 17 128 179 76 64 106 79 146 61 241 225 112 57 96 16 134 42  0
1183 0 112 41 25 100 8 205 81 32 162 160 160 8 183 147 64 18 128 180 108 64 72 75 210 29 209 225 33 56 96 0 6 42  0
1183 0 120 169 26 124 24 205 81 119 160 4 228 8 55 147 0 16 128 186 76 0 74 43 210 61 243 225 48 57 96 128 70 42  0
1617 1 80 107 26 62 58 201 18 96 170 4 160 41 166 210 33 16 162 185 204 66 74 11 138 125 177 176 11 59 16 3 39 11  2.55105
1617 1 80 255 26 60 58 137 22 231 182 12 168 109 183 195 0 16 134 187 76 64 106 11 130 63 240 197 36 57 104 0 131 11  2.26818
1617 1 80 233 26 110 58 201 87 230 162 4 232 40 55 211 0 16 162 187 76 64 74 11 130 61 241 197 36 57 96 18 7 43  1.6969
1617 1 80 235 26 60 26 201 18 230 162 4 168 169 167 207 2 16 162 243 205 65 78 11 130 61 241 229 40 57 96 2 7 74  2.2877
1617 1 80 235 18 44 26 137 71 101 160 4 232 169 167 195 0 16 34 171 76 64 74 11 130 61 240 160 32 57 96 130 7 8  2.37247
1617 1 80 233 26 62 24 137 22 230 174 0 136 9 167 194 0 16 160 235 76 65 78 11 130 61 176 229 46 57 0 18 11 10  2.55105
1617 1 80 171 26 60 58 137 80 103 162 5 232 41 167 195 0 16 162 187 76 0 74 11 130 61 241 229 48 57 96 0 39 10  1.9293
1617 1 80 106 26 56 56 137 82 64 170 8 224 237 167 195 1 16 134 169 76 64 14 3 194 61 208 225 32 57 104 3 11 11  2.74887
1618 1 112 233 26 190 25 205 82 100 166 4 232 9 182 211 32 80 200 187 74 64 74 11 210 61 241 245 2 59 16 10 38 10  2.46217
1618 1 24 233 30 188 27 193 17 103 164 4 224 1 47 215 32 80 224 187 203 192 74 139 18 61 241 225 26 27 48 0 39 42  2.89137
1618 1 16 173 26 184 24 197 83 103 180 5 232 9 183 211 32 80 232 187 75 128 90 139 18 63 241 229 26 73 48 0 166 138  2.89589
1618 1 80 89 19 190 25 197 19 104 174 4 200 9 246 215 33 80 208 121 107 66 74 11 26 61 241 180 11 59 16 3 39 42  3.25062
1618 1 48 105 26 60 24 201 83 102 164 4 232 9 183 211 32 16 200 187 74 64 74 171 66 61 241 165 32 25 80 8 38 138  2.56395
1618 1 184 204 26 254 25 205 83 102 181 4 224 9 55 215 32 81 200 187 79 64 106 175 82 63 243 231 16 25 112 8 38 10  2.84731
1618 1 48 201 58 190 60 197 91 100 132 12 216 3 183 223 32 64 200 187 31 193 74 139 82 189 241 229 170 25 16 10 52 42  3.03655
1618 1 48 73 31 252 29 197 71 102 196 4 224 0 179 211 32 64 200 178 42 72 72 171 82 61 241 161 130 25 16 24 116 42  3.06294
1619 1 112 185 24 42 56 141 83 113 162 76 168 13 183 215 2 16 132 163 76 68 78 11 210 61 241 225 32 56 72 2 2 91  2.53515
1619 1 80 185 27 234 24 205 83 117 162 1 168 8 183 215 64 16 128 187 77 80 26 11 210 53 249 197 32 120 96 2 134 42  2.13919
1619 1 112 249 25 108 56 205 23 127 162 12 168 41 183 215 0 16 132 187 77 64 74 11 210 61 241 133 33 56 64 2 6 123  2.08345
1619 1 120 249 57 106 56 205 83 84 162 12 164 9 55 215 64 16 132 185 77 64 74 11 242 53 241 197 32 121 96 130 6 123  2.17375
1619 1 120 249 57 126 57 205 83 120 163 12 172 41 191 215 0 16 132 187 205 64 74 11 250 61 243 213 32 59 114 2 6 123  2.50409
1619 1 80 185 57 106 56 205 83 253 162 4 172 9 183 215 0 16 150 187 77 64 90 11 250 61 249 197 33 121 96 130 134 123  2.55105
1619 1 48 185 57 40 24 207 83 111 34 108 168 9 55 157 2 16 136 187 69 65 74 43 80 29 241 197 32 121 97 2 6 251  3.23145
1619 1 80 249 25 42 56 205 87 252 162 8 168 9 183 215 64 16 148 251 77 66 74 11 218 61 241 197 37 56 96 18 6 59  2.38597
1620 1 112 105 62 124 9 221 84 103 233 4 160 9 34 152 6 17 136 162 204 64 76 43 210 61 243 249 16 59 65 0 78 14  2.06751
1620 1 112 233 19 124 25 205 85 103 169 0 160 8 54 147 0 16 128 178 72 64 74 43 210 61 241 240 0 59 64 0 70 42  1.79577
1620 1 120 169 18 124 57 221 84 39 225 8 172 8 174 147 0 148 128 182 204 64 72 43 210 61 179 241 0 59 66 0 78 10  2.25379
1620 1 112 233 18 60 25 141 84 103 169 0 160 13 166 130 0 144 128 163 204 64 78 11 210 61 176 240 0 59 72 4 10 14  2.31011
1620 1 112 41 18 60 89 201 64 103 169 0 224 9 166 131 0 16 136 174 76 0 8 171 194 13 145 176 16 59 64 0 70 10  2.81759
1620 1 112 249 23 92 9 205 20 102 171 0 160 8 46 215 4 148 160 179 232 64 74 43 146 125 177 176 0 59 64 0 39 42  2.40517
1620 1 88 233 18 124 25 205 80 103 169 0 224 8 175 147 0 144 160 179 204 64 74 11 146 61 179 241 16 59 98 0 15 10  2.38869
1620 1 176 237 23 124 25 207 80 103 245 44 160 8 34 17 0 17 136 176 204 96 104 171 80 29 179 210 0 51 80 8 70 10  2.91415
1621 1 112 237 155 118 24 204 87 167 162 132 168 8 183 243 64 18 128 246 108 64 74 75 210 45 249 229 37 57 96 16 134 42  1.74297
1621 1 80 237 29 126 8 204 87 172 162 20 170 8 247 247 0 83 128 247 108 66 74 75 218 61 241 227 100 57 96 18 134 42  2.36446
1621 1 88 169 27 126 24 200 87 167 166 5 170 8 183 243 0 80 128 246 108 64 90 11 211 61 249 229 36 89 32 2 167 42  2.47397
1621 1 80 233 157 126 152 204 85 167 162 17 170 8 183 243 64 82 128 247 108 64 74 75 210 49 249 225 52 57 32 16 135 42  2.49193
1621 1 112 237 27 126 24 204 87 231 160 0 232 8 183 243 0 16 128 242 72 66 74 11 210 63 241 165 36 57 96 18 134 42  2.47992
1621 1 112 233 26 60 24 200 85 39 162 4 170 9 183 227 2 18 128 230 108 64 74 75 194 45 249 165 36 57 96 0 134 10  2.67365
1621 1 120 109 27 254 60 205 87 231 252 168 232 8 183 241 1 17 200 242 108 64 104 171 210 63 241 231 36 57 80 56 198 42  2.96617
1621 1 112 173 26 62 24 140 82 167 162 1 170 9 247 227 0 80 128 231 108 64 94 75 218 63 249 229 36 121 40 2 138 10  3.11227
1622 1 240 236 27 122 72 205 85 247 177 26 224 24 55 211 0 17 160 187 76 66 106 79 146 55 241 129 48 56 96 16 134 43  2.36712
1622 1 208 233 31 122 24 201 85 231 178 16 160 8 183 211 0 17 160 179 72 64 106 75 146 61 249 193 20 121 96 0 135 42  2.23026
1622 1 240 233 31 126 8 205 69 228 228 16 160 8 183 211 0 17 128 176 76 106 104 47 82 61 241 161 96 56 64 16 6 42  2.24668
1622 1 240 232 28 60 8 205 85 231 178 22 160 25 183 151 0 19 128 179 109 64 106 79 210 61 241 227 112 57 96 16 134 74  2.23026
1622 1 208 248 31 126 9 205 21 230 170 16 160 8 182 215 0 19 128 51 104 64 106 79 146 61 241 241 80 58 64 16 7 42  2.28278
1622 1 208 233 30 186 8 201 85 231 162 20 160 25 183 211 0 83 128 179 108 64 106 79 130 53 241 225 112 121 32 0 135 10  2.62762
1622 1 208 233 27 248 136 205 85 71 166 17 160 24 183 147 64 88 129 187 108 16 74 79 146 49 209 225 50 120 32 0 135 42  2.76066
1622 1 208 172 31 120 8 205 81 103 178 19 160 24 183 147 0 17 129 179 108 0 122 79 210 55 209 227 112 121 96 0 134 42  2.44472
1623 1 80 40 25 116 8 205 81 0 162 160 160 8 183 147 64 18 128 180 108 64 10 75 210 17 209 225 48 56 96 0 6 42  1.79276
1623 1 112 41 29 108 8 205 65 43 162 160 160 8 183 147 0 18 128 180 108 0 72 75 211 29 209 160 97 56 64 32 6 42  2.16282
1623 1 112 41 24 36 8 201 80 97 162 164 160 9 183 147 64 18 128 181 108 64 72 75 194 28 209 193 33 57 96 0 6 10  2.17156
1623 1 64 41 25 44 40 141 65 16 162 0 224 72 183 131 0 16 0 172 108 72 74 74 194 17 197 161 32 56 64 0 2 40  3.4037
1623 1 240 105 29 100 8 205 65 100 224 160 160 8 183 147 0 17 128 180 76 104 72 107 210 61 241 129 33 56 64 0 70 42  2.41631
1623 1 112 56 57 100 40 205 81 51 226 172 164 8 183 149 64 50 128 180 108 0 72 107 242 25 211 249 33 57 64 0 70 106  2.55105
1623 1 112 105 9 36 8 141 0 64 170 160 160 13 183 130 65 18 132 165 104 69 72 75 210 24 145 128 9 56 72 32 3 26  3.17606
1623 1 80 169 29 100 24 205 81 56 162 160 162 8 247 211 64 18 128 244 108 64 74 75 219 29 249 225 33 56 96 2 6 42  2.48891
1624 1 120 169 122 120 56 201 81 119 161 5 236 8 55 151 0 16 162 186 77 0 26 43 130 53 243 229 48 121 96 128 198 42  2.12863
1624 1 48 105 122 124 88 205 81 119 161 12 228 8 51 151 0 16 8 184 69 72 74 43 242 29 243 233 32 57 96 128 70 234  2.05573
1624 1 120 45 26 60 88 205 81 103 160 4 236 9 55 129 2 16 136 170 72 0 76 171 210 29 243 225 16 57 96 0 78 202  2.52573
1624 1 248 40 26 124 40 205 81 118 160 12 164 8 55 147 0 17 128 178 76 0 106 111 210 61 211 225 48 57 96 128 70 42  2.26336
1624 1 56 173 26 124 88 205 85 119 164 4 236 8 55 147 0 16 128 186 68 8 74 171 82 61 243 229 48 25 96 128 198 170  2.21641
1624 1 56 189 123 124 25 205 85 119 225 68 172 9 51 157 2 48 136 186 213 0 74 43 114 61 243 201 48 57 99 128 198 250  2.67365
1624 1 120 169 59 124 25 205 81 103 226 4 228 8 183 147 0 48 128 186 76 8 74 43 242 29 211 233 16 57 96 0 70 42  2.2706
1624 1 120 168 26 124 24 201 81 119 162 5 228 8 55 147 0 16 0 186 76 0 10 11 194 29 211 229 48 57 96 128 6 42  2.31011
1184 0 209 121 159 116 40 78 69 52 160 202 162 72 247 55 129 115 38 244 108 106 105 197 177 40 241 235 100 16 104 240 3 57  0
1184 0 216 252 157 117 168 14 69 183 176 186 162 92 247 51 0 83 5 118 108 42 105 205 211 47 225 227 117 16 40 240 131 57  0
1184 0 201 120 159 117 33 204 117 55 233 202 102 8 190 183 1 51 164 118 108 8 97 248 179 40 231 251 84 2 74 112 67 59  0
1184 0 224 120 29 117 40 78 69 55 232 186 162 24 183 19 0 59 128 52 108 8 105 237 243 12 197 187 112 16 64 32 70 42  0
1184 0 80 61 159 117 168 78 69 55 224 170 170 8 247 51 1 51 128 118 108 8 105 233 243 40 233 171 117 16 64 112 198 42  0
1184 0 80 57 157 101 40 78 21 55 168 232 170 72 247 55 0 50 134 119 108 0 73 201 241 8 225 243 116 16 72 112 135 59  0
1184 0 193 249 159 118 168 12 85 183 232 154 162 72 246 243 0 51 128 119 108 74 105 73 211 41 225 251 117 24 72 112 131 43  0
1184 0 65 120 159 53 40 14 100 54 168 170 162 76 247 51 1 27 132 101 108 76 65 205 211 8 128 178 117 16 72 48 3 25  0
1689 1 209 89 31 117 32 78 101 52 164 202 226 96 247 55 129 115 38 116 124 106 105 205 177 45 225 171 98 0 40 176 35 57  2.00063
1689 1 209 125 95 116 34 14 101 54 160 138 226 72 119 51 129 51 38 244 108 106 105 217 145 44 241 171 100 0 104 240 3 41  2.20274
1689 1 209 120 151 116 42 78 37 52 232 202 162 104 254 54 129 51 166 117 124 106 225 197 177 104 177 170 100 16 72 112 3 57  2.28524
1689 1 209 89 31 119 40 78 95 48 172 202 162 68 247 119 1 115 166 117 125 106 233 197 179 44 225 235 106 144 8 179 35 57  2.32279
1689 1 208 121 159 116 40 78 69 52 160 170 162 72 247 55 1 123 34 244 108 106 105 197 147 40 241 227 101 16 96 240 3 41  1.50395
1689 1 217 93 175 52 9 94 93 54 161 202 166 12 255 55 3 115 164 230 124 110 237 205 179 40 243 235 116 16 106 244 2 120  2.67003
1689 1 209 125 159 52 40 78 69 180 160 202 166 76 247 119 129 115 38 244 108 110 105 197 179 40 241 227 101 16 40 240 2 121  2.13707
1689 1 217 121 159 100 40 78 85 53 225 234 166 104 255 55 129 51 38 244 108 106 105 197 177 8 243 251 100 16 106 176 2 57  1.94841
1690 1 216 255 156 53 168 14 84 183 176 186 162 125 247 51 0 19 133 119 108 0 104 205 195 47 232 227 117 16 104 240 131 27  2.06357
1690 1 193 221 159 117 160 14 37 183 188 154 98 84 247 51 0 115 39 119 108 8 97 220 145 47 229 163 118 0 8 240 131 57  2.60707
1690 1 216 236 157 117 136 78 69 191 178 186 162 88 247 115 0 83 1 246 108 8 105 77 219 47 233 227 117 16 32 240 130 40  2.02875
1690 1 216 124 157 117 168 110 85 183 176 186 162 88 247 55 1 27 133 119 108 42 105 205 211 42 225 227 117 16 104 240 131 59  1.78976
1690 1 217 156 157 117 168 78 69 55 180 186 162 80 247 55 0 115 5 118 108 40 121 205 243 47 233 227 117 16 40 224 131 57  1.98231
1690 1 88 253 157 55 168 14 69 191 160 186 162 76 247 51 65 83 5 246 108 106 105 73 219 40 233 227 117 16 40 240 131 41  2.38869
1690 1 217 220 143 53 168 30 93 55 176 218 134 93 247 54 2 115 133 102 124 46 237 205 243 47 227 251 116 144 8 240 139 89  2.64508
1690 1 216 254 29 117 40 14 69 55 176 186 162 124 247 51 128 19 6 118 108 42 105 205 195 47 224 227 117 16 104 176 131 57  2.32534
1691 1 201 124 159 117 33 78 117 55 249 202 102 24 190 51 1 59 160 118 108 8 97 252 179 42 231 251 84 0 74 112 67 43  1.54295
1691 1 73 57 151 85 33 94 116 55 233 202 102 76 190 50 4 183 164 118 108 8 193 248 179 72 135 250 84 2 74 96 67 61  1.78677
1691 1 201 120 55 116 41 204 117 54 169 202 38 8 190 151 1 55 132 119 124 72 97 205 178 105 195 251 80 18 74 16 3 123  2.19149
1691 1 73 121 191 117 32 204 117 55 232 200 102 8 191 183 1 50 164 118 124 72 65 248 178 40 231 249 116 0 64 176 71 123  1.96969
1691 1 201 120 183 117 33 94 117 55 185 202 102 108 191 55 129 191 166 119 253 8 225 220 179 104 199 251 116 130 74 240 7 123  2.23727
1691 1 193 120 31 117 32 142 117 55 248 202 98 76 190 55 0 51 166 55 124 8 225 252 177 109 229 187 112 0 72 128 3 57  1.90046
1691 1 201 121 31 118 33 204 117 52 233 136 102 8 254 243 1 51 160 118 104 74 65 233 146 45 231 251 68 2 74 48 67 42  2.15201
1691 1 65 120 191 53 33 204 53 55 248 234 102 13 190 180 7 59 132 118 104 4 229 248 178 40 231 251 84 18 72 112 67 91  2.7181
1692 1 224 120 63 101 40 79 81 18 232 232 166 8 183 21 1 59 128 52 108 8 9 229 241 8 197 249 97 16 64 32 70 122  2.15417
1692 1 192 120 31 117 40 207 65 22 232 170 162 8 182 19 1 59 128 52 108 8 9 237 211 8 197 187 112 16 64 16 66 42  2.06357
1692 1 192 40 157 117 8 78 69 35 232 178 162 24 247 51 0 59 128 116 104 8 105 205 211 12 193 186 80 16 64 32 66 42  2.0383
1692 1 232 104 29 117 40 78 69 55 224 186 166 24 183 19 0 59 128 116 108 8 104 236 243 13 197 251 112 16 64 160 70 42  2.00433
1692 1 224 120 63 84 104 204 101 55 232 154 226 88 178 145 5 59 128 116 104 74 97 239 242 8 69 186 112 24 64 48 70 170  2.84731
1692 1 224 248 61 117 40 79 85 55 232 186 162 56 182 53 0 59 129 54 108 0 105 109 243 29 197 243 116 50 64 0 198 43  2.51331
1692 1 193 48 29 117 32 14 97 55 104 170 34 88 183 19 0 59 128 52 108 8 97 252 209 12 197 186 112 16 72 0 67 41  2.06357
1692 1 225 48 61 117 40 78 85 55 248 122 166 24 247 21 0 51 128 54 124 8 233 237 243 13 195 251 112 16 64 0 70 123  2.23727
1693 1 112 109 159 116 136 78 69 55 160 170 170 8 247 51 1 19 128 246 108 106 104 201 209 40 241 163 101 16 96 112 198 42  1.8595
1693 1 89 45 172 53 168 14 84 55 224 174 174 9 243 35 67 19 128 230 108 12 76 201 195 40 235 235 117 17 192 240 202 74  2.96617
1693 1 112 45 151 116 137 78 69 39 233 162 170 8 246 49 0 183 128 118 104 8 105 233 243 44 161 250 85 18 66 112 198 42  2.43612
1693 1 112 61 191 116 168 78 85 55 232 238 174 8 246 53 1 51 128 118 108 8 105 233 243 8 241 187 117 16 64 112 70 106  2.26577
1693 1 88 189 191 117 168 78 85 55 225 170 174 8 247 55 0 51 128 246 108 8 121 233 243 44 235 251 117 16 64 240 198 43  2.12863
1693 1 64 45 159 117 160 78 101 55 232 170 170 8 247 51 1 51 128 118 108 8 97 233 145 40 225 171 116 16 64 112 195 42  1.91902
1693 1 80 169 157 116 136 76 69 55 162 184 170 8 247 51 64 114 128 246 108 8 73 73 211 40 233 163 117 16 64 112 134 42  2.36979
1693 1 80 125 157 117 168 110 85 183 224 186 170 8 247 55 1 59 129 118 108 8 105 201 243 40 233 171 117 16 192 112 135 42  1.98413
1694 1 64 61 159 117 170 78 21 55 168 234 170 104 246 55 0 51 134 119 108 0 113 201 177 40 233 178 116 18 72 112 135 59  1.88717
1694 1 64 57 157 101 32 78 117 55 40 232 42 72 183 55 0 50 134 119 124 8 65 216 241 8 229 251 116 16 72 160 135 59  1.8547
1694 1 80 177 157 101 40 78 85 63 168 168 170 72 247 55 0 50 132 87 108 0 73 73 211 9 225 227 117 16 64 96 135 59  2.14558
1694 1 80 121 189 101 40 76 21 55 170 232 170 40 183 183 65 50 134 119 125 64 73 73 243 40 225 241 101 56 64 112 7 123  1.99878
1694 1 88 57 189 101 40 78 85 51 169 234 170 72 255 55 1 50 134 245 125 32 73 201 241 8 209 251 101 18 72 96 7 123  2.27789
1694 1 89 57 189 37 169 94 20 55 168 233 174 13 255 54 2 50 132 119 252 4 157 201 243 8 235 251 116 16 200 100 139 91  2.71432
1694 1 81 59 156 37 40 14 20 55 168 232 170 109 183 54 2 18 134 119 108 0 205 201 209 8 224 247 116 18 72 112 139 27  2.40517
1694 1 65 185 21 101 56 207 17 55 168 232 170 76 190 54 0 50 134 55 124 0 193 200 241 13 165 250 48 18 72 0 3 57  2.72953
1695 1 193 249 159 118 168 12 101 183 232 154 34 72 246 243 0 51 132 119 108 74 97 201 147 105 229 186 116 16 72 112 131 41  2.09557
1695 1 209 249 31 118 168 12 87 181 232 152 162 72 247 243 1 115 128 119 108 74 73 73 219 41 241 249 101 24 72 50 131 43  1.88387
1695 1 65 249 158 52 168 12 20 183 234 218 162 76 254 242 64 51 132 119 108 66 197 73 147 41 177 251 117 26 72 112 139 27  2.48891
1695 1 193 237 158 118 40 12 84 183 232 138 162 72 247 243 0 19 128 102 108 74 104 73 210 43 227 251 116 24 72 112 202 11  2.49496
1695 1 193 249 157 118 168 76 85 183 170 218 162 88 246 247 64 123 133 119 124 74 105 77 251 33 225 251 117 24 8 112 131 59  2.34081
1695 1 64 253 159 118 168 204 23 183 186 154 170 72 246 247 1 51 133 119 108 66 97 73 154 45 233 179 117 26 72 112 131 59  2.22562
1695 1 192 253 191 118 168 76 85 183 248 154 162 24 246 247 0 51 128 119 108 74 105 109 243 41 225 251 116 24 64 112 135 43  2.39965
1695 1 225 253 30 126 41 141 86 53 248 202 224 76 246 248 4 51 132 103 108 70 237 111 210 45 225 251 68 26 72 50 203 27  2.95651
1696 1 193 120 159 52 40 12 84 54 168 234 162 77 182 178 65 27 132 101 108 70 77 79 210 40 145 178 117 56 72 112 3 27  2.28033
1696 1 193 120 159 53 32 14 96 55 168 170 98 76 183 19 0 27 166 101 108 12 193 220 145 8 196 186 112 0 72 160 3 25  1.94316
1696 1 65 56 149 53 40 14 64 50 170 168 162 76 247 179 65 18 132 100 108 12 9 201 211 8 137 178 117 16 72 32 3 40  2.15632
1696 1 81 123 158 37 40 14 52 54 168 168 162 77 247 163 65 19 132 101 108 68 69 201 147 8 232 163 101 16 72 48 11 27  2.53831
1696 1 65 121 31 53 40 142 37 54 168 200 162 76 182 54 1 19 132 103 108 76 193 201 211 45 164 178 116 16 72 48 3 25  2.28524
1696 1 65 122 150 53 40 30 84 54 169 250 162 109 239 34 131 155 134 101 236 4 205 205 211 8 128 243 117 18 72 52 11 29  2.28033
1696 1 65 106 151 53 40 14 100 54 168 170 162 76 247 35 1 27 132 103 108 12 97 205 195 40 132 178 116 16 72 112 3 9  2.15848
1696 1 64 122 151 84 42 14 36 52 168 170 162 108 246 178 129 27 166 117 108 66 65 197 131 72 144 178 101 18 72 48 3 57  2.67365
4 0 110 184 242 82 235 253 176 202 187 255 52 189 10 252 79 190 167 223 245 17 150 103 186 114 31 95 85 255 195 85 207 215  0
4 0 106 190 176 81 249 253 176 151 251 125 44 61 174 188 198 188 135 59 228 16 150 120 242 115 15 95 20 123 194 68 207 223  0
4 0 74 185 186 58 251 217 48 199 171 93 172 57 174 222 70 16 167 59 237 16 22 75 178 113 219 213 20 123 194 4 143 223  0
4 0 2 172 146 26 211 233 176 71 187 5 104 153 172 230 68 148 167 59 226 144 22 219 130 119 29 54 26 107 192 68 175 142  0
4 0 67 190 166 23 171 184 184 135 187 95 2 253 172 174 198 154 167 103 253 149 182 73 134 99 142 118 94 203 200 68 139 95  0
4 0 42 185 98 24 123 221 184 71 171 77 252 173 40 156 22 148 174 187 215 149 150 43 182 117 63 93 24 235 67 4 175 223  0
4 0 11 189 51 26 243 221 54 231 187 73 104 109 174 246 6 180 167 59 192 0 215 201 186 127 47 86 20 106 74 4 139 223  0
4 0 34 189 34 154 221 245 184 239 159 85 216 27 172 252 126 128 201 59 211 145 54 107 90 247 63 86 159 251 213 76 191 222  0
1761 0 111 56 242 82 201 253 176 194 251 219 36 28 10 252 71 190 165 127 224 16 151 103 186 96 31 95 85 107 203 117 79 215  0
1761 0 102 190 248 18 235 249 180 206 187 255 44 185 14 252 79 26 167 91 225 17 182 111 170 115 31 87 85 255 193 85 143 215  0
1761 0 94 180 243 82 211 120 59 202 59 247 109 185 72 254 78 188 55 223 241 144 150 83 190 98 31 95 21 239 227 247 167 247  0
1761 0 238 252 246 86 235 221 148 238 187 254 180 61 46 252 71 191 135 247 245 67 230 111 186 99 59 91 85 187 195 117 207 223  0
1761 0 47 178 224 18 233 189 184 202 123 255 53 253 8 236 222 188 159 75 215 21 151 118 254 114 30 94 21 239 207 69 203 213  0
1761 0 110 179 224 2 251 249 146 200 171 253 189 173 10 204 94 150 159 219 197 85 150 99 238 113 30 93 5 255 195 71 206 215  0
1761 0 110 60 250 80 227 253 185 214 187 255 52 189 10 189 199 62 167 223 213 21 182 127 178 98 95 95 53 239 195 213 207 247  0
1761 0 78 176 180 18 235 253 176 202 187 255 165 189 140 254 78 191 167 87 253 17 151 71 186 112 31 83 93 255 194 69 143 215  0
1769 1 71 56 179 80 203 124 176 194 235 251 40 12 28 252 69 190 165 127 240 17 151 99 186 96 31 30 85 42 201 117 3 215  2.35651
1769 1 79 60 178 82 235 253 48 194 251 251 36 28 14 246 71 190 167 127 224 16 183 103 186 98 31 95 85 107 202 117 11 215  2.14986
1769 1 111 56 242 82 235 252 50 194 235 221 44 44 10 252 199 190 167 255 228 80 151 99 186 96 31 93 5 107 203 119 78 215  2.24668
1769 1 111 176 178 82 201 124 180 207 251 219 37 28 74 252 79 190 177 79 224 16 151 99 186 98 31 95 85 111 203 117 203 214  2.34341
1769 1 106 56 242 84 75 252 176 66 251 214 100 25 42 188 71 190 167 125 224 0 132 119 178 96 23 123 80 43 195 117 79 222  2.10169
1769 1 111 40 226 16 201 253 176 194 251 247 164 29 10 236 87 158 169 239 224 21 150 103 182 98 27 95 85 59 195 117 78 214  2.15848
1769 1 175 184 242 82 201 253 176 198 251 243 36 24 42 220 87 190 169 250 226 16 151 111 186 114 31 94 85 123 195 85 206 222  2.2706
1769 1 110 48 242 82 73 253 176 64 251 223 37 24 10 220 71 190 165 57 224 16 134 103 186 80 31 89 81 107 195 5 79 215  2.23961
1770 1 102 188 248 18 235 249 176 206 187 119 36 185 46 252 78 26 167 91 225 17 182 111 186 115 95 87 85 127 193 85 143 223  1.90717
1770 1 102 188 240 18 203 249 182 206 187 247 44 185 78 252 79 158 183 95 224 19 54 99 170 114 63 87 85 127 195 117 143 215  2.15632
1770 1 230 190 240 18 235 249 148 206 187 255 180 185 46 252 79 159 143 219 229 17 182 111 234 115 30 87 85 255 195 85 143 223  2.3177
1770 1 102 178 248 16 235 249 180 207 187 255 60 189 14 236 78 26 167 95 229 17 150 107 174 82 94 87 85 255 195 84 143 215  2.36446
1770 1 38 186 184 18 234 233 176 202 186 255 49 189 140 252 79 26 175 91 227 17 150 111 138 114 28 22 93 255 193 85 135 215  2.32024
1770 1 102 190 241 80 251 233 177 207 187 183 40 185 14 252 68 30 167 91 225 17 50 107 170 114 31 22 21 255 193 68 135 247  2.73722
1770 1 110 190 240 18 251 121 20 143 187 255 44 189 78 252 79 158 151 95 229 17 182 79 170 98 62 87 85 255 194 117 143 215  2.85163
1770 1 230 190 250 18 234 249 182 202 187 255 53 189 78 236 207 27 183 91 229 19 182 103 174 115 94 23 117 239 193 117 143 215  2.38055
1771 1 94 188 243 82 195 248 187 194 59 247 108 185 28 255 79 60 55 223 241 145 146 82 190 98 95 95 93 239 231 245 167 243  2.52261
1771 1 94 180 242 66 243 255 59 216 59 237 173 189 74 254 206 180 183 223 213 176 182 83 184 86 59 95 5 239 227 199 143 247  2.81341
1771 1 94 180 226 18 211 120 186 203 59 247 109 157 73 238 94 158 55 223 241 149 150 82 190 98 31 87 29 239 231 231 175 214  2.67365
1771 1 94 180 243 90 251 252 59 216 187 95 109 185 72 255 78 188 183 219 245 146 182 71 186 115 91 127 21 239 195 215 167 247  2.54148
1771 1 94 185 242 66 219 120 63 200 171 245 173 169 76 254 207 182 55 223 245 210 150 67 190 96 59 93 5 239 227 247 175 247  2.65926
1771 1 94 180 243 86 203 120 61 207 187 215 237 153 72 254 78 190 183 223 241 128 53 67 190 66 27 127 85 47 227 116 167 246  2.8691
1771 1 78 176 243 66 211 120 51 202 59 245 45 184 10 246 206 188 55 223 224 16 19 82 190 66 31 92 21 111 195 199 7 247  2.72953
1771 1 126 182 242 82 211 120 54 207 123 247 109 185 74 238 206 188 55 223 228 18 150 114 174 98 31 95 85 111 227 247 206 215  2.8691
1772 1 234 254 100 82 235 221 148 239 251 254 180 189 106 252 222 191 175 215 245 7 246 111 174 119 59 91 85 255 67 84 206 223  2.13073
1772 1 206 254 246 86 235 252 63 254 187 222 180 189 108 255 207 191 167 127 253 66 230 71 186 99 127 91 85 171 194 245 7 255  2.54466
1772 1 254 120 230 22 203 81 156 204 187 214 180 189 104 236 95 159 175 251 245 215 230 103 190 226 59 83 93 191 199 117 47 223  2.80099
1772 1 250 120 246 84 107 92 148 70 171 254 180 189 42 188 71 191 167 245 253 1 228 103 178 96 19 91 85 187 67 116 79 95  2.26818
1772 1 254 60 238 86 203 248 181 226 185 214 180 185 106 252 7 63 175 247 245 131 164 231 182 106 83 123 85 139 199 117 111 223  2.80511
1772 1 238 122 242 22 107 217 180 192 171 254 180 173 46 220 199 159 166 253 229 67 196 103 170 96 18 81 69 187 67 53 15 215  2.60707
1772 1 126 253 242 86 251 221 22 238 187 254 172 173 106 252 71 182 167 247 253 83 238 107 186 106 59 95 5 187 195 119 78 95  2.3618
1772 1 238 252 246 86 235 221 148 238 187 254 180 61 46 252 71 191 135 247 245 67 230 111 186 99 59 91 85 187 195 117 207 223  2.03256
1773 1 47 178 224 17 235 189 184 200 59 255 53 253 12 204 222 156 191 9 215 21 150 118 190 82 30 92 29 239 207 5 11 215  2.25379
1773 1 167 250 225 19 234 249 190 216 123 127 117 253 72 236 222 188 159 91 247 23 183 118 238 115 14 30 117 239 199 213 207 213  2.85163
1773 1 47 182 224 18 233 189 208 203 123 255 53 189 10 236 222 188 157 139 215 21 182 118 238 82 30 95 21 255 203 69 202 215  1.98231
1773 1 39 176 225 82 235 189 184 203 123 123 113 220 8 252 222 188 191 11 242 21 151 126 190 83 30 30 21 238 203 68 203 213  2.40517
1773 1 47 240 224 19 233 61 190 220 123 251 53 221 200 236 223 190 159 79 245 23 151 118 254 114 14 94 85 254 207 247 203 213  2.68092
1773 1 103 186 228 18 233 189 184 202 251 247 176 221 8 236 223 190 143 203 243 149 151 103 254 240 30 90 93 255 207 85 203 213  2.44185
1773 1 47 182 224 19 251 61 186 218 59 255 61 253 136 236 223 188 191 75 215 149 183 114 238 242 14 95 61 239 207 213 139 213  2.80511
1773 1 39 188 161 18 249 253 179 218 123 251 61 125 218 252 95 60 157 75 215 23 151 114 250 114 15 30 21 254 201 87 195 247  3.14656
1774 1 110 179 224 2 251 89 158 216 171 253 189 173 74 236 222 150 159 219 245 87 150 99 238 241 62 93 5 255 199 215 207 215  2.0383
1774 1 110 178 224 18 235 249 144 200 235 253 181 189 10 204 222 158 143 139 229 21 150 99 238 208 30 81 21 255 199 5 206 215  2.26336
1774 1 102 187 226 2 251 185 178 200 171 253 169 173 74 236 79 150 183 207 228 85 150 99 142 96 30 84 5 255 195 103 15 215  2.32024
1774 1 110 177 240 66 251 221 146 216 171 253 189 173 10 220 78 182 159 217 213 81 150 99 250 112 27 93 5 255 195 7 206 215  2.12863
1774 1 127 165 224 2 219 253 210 200 251 245 173 141 74 236 94 148 185 207 193 21 158 99 254 115 59 93 5 127 195 71 206 214  2.32534
1774 1 46 178 120 2 122 217 179 200 59 125 53 173 14 204 206 16 183 25 197 81 150 114 174 81 94 85 33 255 195 135 15 215  2.69193
1774 1 110 185 240 82 249 221 210 200 235 253 173 9 10 220 78 180 153 219 193 83 150 99 250 113 31 92 5 127 195 7 206 215  2.44761
1774 1 110 191 224 2 251 249 146 202 123 237 188 173 10 236 207 148 159 219 196 87 158 99 238 50 58 85 5 255 195 119 78 215  2.2706
1775 1 110 188 250 82 241 253 255 214 251 255 60 61 10 189 87 62 175 223 213 21 182 123 184 98 127 95 21 255 195 213 206 223  2.08345
1775 1 78 56 250 84 99 124 185 82 187 207 118 189 12 191 199 62 167 253 245 16 132 87 178 66 87 127 112 171 195 245 47 247  2.50715
1775 1 98 60 235 80 242 249 177 198 123 255 52 185 26 188 215 58 167 223 213 17 182 126 164 98 95 30 53 239 193 84 199 255  2.7686
1775 1 170 180 243 80 249 123 148 223 187 251 180 185 8 189 196 188 159 223 215 16 179 111 234 214 127 95 53 255 199 212 206 255  3.27017
1775 1 110 182 250 82 227 125 189 215 59 255 52 189 10 189 206 63 167 223 245 20 182 126 186 98 95 95 117 231 195 212 207 247  2.24196
1775 1 126 62 234 16 227 120 185 82 187 255 180 189 10 172 215 30 167 255 245 21 132 87 166 66 94 95 117 171 231 245 15 215  2.57702
1775 1 174 56 250 114 227 253 185 210 187 223 116 189 30 223 71 56 175 187 215 16 162 118 186 114 95 223 49 235 195 213 7 243  2.49193
1775 1 110 56 251 80 235 253 185 82 171 253 52 189 30 157 199 62 167 157 245 16 150 127 178 64 95 89 53 239 195 133 71 247  2.2976
1776 1 206 176 181 82 107 253 177 200 171 125 53 57 140 220 78 191 167 25 255 17 151 103 186 81 31 80 89 255 194 5 7 247  2.31011
1776 1 79 176 188 19 235 253 184 202 187 247 37 189 204 254 78 59 167 87 249 17 151 69 190 80 79 83 93 255 194 69 143 215  2.7181
1776 1 78 50 182 18 235 124 48 200 187 255 165 189 78 254 79 159 167 87 253 19 150 71 186 96 155 83 93 255 194 117 143 87  2.06554
1776 1 78 180 181 19 235 125 181 139 187 251 33 185 204 254 76 191 167 87 253 17 183 69 187 114 15 86 93 255 194 117 135 247  2.56395
1776 1 206 188 181 18 235 253 63 222 187 127 37 189 204 254 79 191 167 83 253 19 183 71 186 115 31 83 93 255 202 85 143 247  2.55748
1776 1 78 176 180 16 235 253 176 203 187 255 165 189 140 254 78 159 167 23 253 17 150 79 186 80 31 83 93 255 194 68 143 215  1.99326
1776 1 206 240 182 26 235 245 184 200 191 95 181 189 204 222 79 191 167 19 255 147 166 71 186 241 23 83 91 239 210 85 175 215  2.74887
1776 1 79 184 180 18 235 253 184 202 171 249 173 157 204 254 78 190 167 87 253 21 151 67 186 112 31 95 93 255 202 69 139 87  2.45051
1762 0 75 188 180 19 233 253 180 135 251 255 44 29 174 188 70 190 135 127 232 16 183 104 250 115 15 95 85 123 202 68 143 223  0
1762 0 72 184 179 80 97 252 49 23 251 93 108 24 174 180 70 188 133 63 224 16 151 120 178 99 15 127 16 107 194 68 207 255  0
1762 0 43 190 240 17 241 185 176 151 123 127 124 253 170 168 214 188 135 11 228 20 150 120 230 115 14 95 53 235 202 196 203 221  0
1762 0 106 191 240 82 249 221 150 255 251 253 44 45 42 252 198 180 133 122 196 16 150 106 250 55 47 93 21 123 194 68 206 223  0
1762 0 74 178 176 17 249 189 48 23 59 125 36 253 142 156 198 156 135 31 228 20 151 120 226 81 14 85 49 247 202 4 143 223  0
1762 0 72 190 250 81 243 252 49 23 59 127 126 61 174 191 198 60 167 63 229 16 146 248 162 99 79 223 52 227 194 196 135 251  0
1762 0 40 188 176 17 249 253 176 71 251 127 108 29 170 188 70 156 137 42 194 16 182 126 242 51 15 95 20 123 195 68 206 222  0
1762 0 43 180 177 83 249 253 177 223 123 121 60 60 190 188 206 188 135 27 214 16 151 120 250 115 15 93 20 234 202 68 199 255  0
1841 1 75 188 180 87 169 253 52 183 251 255 46 61 174 60 6 191 135 119 236 0 181 105 243 99 15 127 84 83 202 68 207 95  2.30259
1841 1 75 56 180 19 233 189 176 150 235 253 44 13 174 188 71 190 135 111 248 21 135 104 250 96 15 95 85 123 202 68 11 223  2.3177
1841 1 106 60 180 20 233 249 180 7 251 255 36 61 174 188 71 191 135 119 232 0 164 108 226 98 15 83 85 59 194 116 143 223  2.40795
1841 1 66 190 180 19 233 253 176 135 187 255 36 61 174 188 70 158 135 123 232 17 182 108 250 115 15 86 85 123 194 68 143 223  1.8003
1841 1 74 188 180 19 233 253 52 143 187 127 44 29 174 246 78 190 135 95 232 16 183 72 251 115 15 87 85 127 194 68 143 95  2.01178
1841 1 203 188 180 19 233 253 176 7 251 123 36 29 174 188 70 191 133 35 248 21 183 108 242 115 15 91 84 123 202 68 203 223  2.09761
1841 1 106 188 180 18 233 253 180 135 251 127 44 25 174 188 70 190 129 123 232 17 54 107 250 115 15 87 85 123 194 84 207 223  2.21412
1841 1 77 188 144 83 249 189 180 151 251 251 44 92 174 248 70 190 135 127 224 16 183 120 250 115 47 95 85 122 202 84 139 159  2.40795
1842 1 104 56 241 84 105 252 49 22 235 93 108 40 174 182 198 190 134 63 228 0 135 122 178 97 7 125 80 43 194 196 71 255  2.3076
1842 1 73 184 179 81 113 252 49 23 251 77 110 60 174 148 134 188 133 63 236 16 151 248 178 103 15 127 16 67 202 4 207 127  2.12026
1842 1 104 184 179 80 225 252 49 71 251 221 44 24 42 180 68 190 129 126 224 16 19 122 178 96 31 92 20 107 194 68 199 255  2.45051
1842 1 72 188 243 85 211 248 49 7 123 69 110 24 42 180 134 180 35 62 224 16 151 248 180 67 15 127 16 67 195 68 207 254  2.76066
1842 1 1 58 246 95 105 253 32 82 238 91 39 48 168 246 206 191 161 34 234 0 151 65 183 97 7 26 80 11 194 69 111 231  3.86323
1842 1 8 184 186 80 113 253 177 87 251 93 100 24 174 156 70 60 133 59 192 16 150 120 178 81 79 93 16 107 194 4 207 255  2.19373
1842 1 72 184 179 81 225 252 49 23 251 91 102 24 174 182 68 188 167 63 224 16 147 252 178 67 15 255 80 67 194 68 199 255  2.13284
1842 1 74 184 178 80 233 252 176 7 251 93 108 24 174 188 70 190 133 63 224 16 150 104 178 99 15 127 16 107 194 68 207 223  2.12444
1843 1 43 166 208 17 251 185 176 207 123 55 108 253 138 168 198 156 151 11 192 20 150 122 198 83 14 94 21 111 203 196 203 141  2.45341
1843 1 43 182 232 19 248 185 176 223 123 125 60 189 170 236 222 16 159 11 198 21 150 120 238 55 78 95 53 255 207 196 207 221  2.47992
1843 1 105 190 240 81 241 184 112 151 123 125 108 253 42 162 198 188 135 78 228 20 150 90 230 99 14 127 53 235 202 196 202 221  2.4651
1843 1 107 191 240 19 249 189 190 151 123 253 60 253 174 236 214 180 135 111 228 21 151 120 238 115 46 93 53 251 206 212 203 221  2.54466
1843 1 11 190 240 17 242 189 184 215 123 111 124 253 172 172 214 188 167 43 214 21 151 248 164 115 14 95 52 226 207 196 203 221  2.26336
1843 1 43 182 224 17 241 187 176 23 123 253 124 253 138 172 214 188 151 14 228 20 150 248 229 82 14 95 53 227 203 196 206 213  2.45341
1843 1 35 186 240 17 233 185 176 71 251 127 116 253 170 168 198 188 135 43 230 20 150 124 230 113 14 94 84 235 203 196 203 221  2.29263
1843 1 43 190 160 27 245 189 248 159 123 127 124 93 170 168 214 188 141 10 230 29 151 120 254 243 14 95 21 234 202 196 219 221  2.72953
1844 1 46 187 176 3 249 221 146 206 107 125 44 13 174 252 78 148 157 74 192 80 150 106 250 55 47 84 5 127 194 6 206 223  2.40795
1844 1 106 189 240 82 217 221 86 231 251 245 44 9 42 252 70 180 129 250 192 16 150 106 250 55 63 93 21 123 195 68 206 206  2.10579
1844 1 234 191 116 82 249 217 150 255 251 253 60 173 170 236 198 181 135 123 228 80 246 107 238 119 46 91 21 251 66 212 207 223  2.60032
1844 1 106 191 240 80 249 253 214 215 123 237 188 45 42 188 198 180 141 250 196 16 158 106 242 51 63 93 21 123 195 68 206 223  1.98231
1844 1 104 191 176 82 249 221 23 191 251 253 44 45 174 252 198 180 133 122 196 16 150 106 250 51 47 93 21 123 194 68 206 255  2.00992
1844 1 106 191 160 18 249 185 150 239 123 237 172 173 170 236 198 148 157 110 196 21 150 106 238 63 46 87 21 123 194 70 206 223  2.49799
1844 1 40 183 120 90 249 221 144 255 123 125 60 45 42 252 78 48 157 26 198 16 150 106 250 23 111 93 21 127 211 4 206 223  2.43326
1844 1 106 183 112 64 249 217 83 191 123 125 44 189 42 156 206 180 151 154 196 16 150 106 236 23 63 93 21 255 195 132 206 255  2.82599
1845 1 75 178 176 1 243 189 48 27 43 125 45 253 142 22 206 148 151 31 196 20 151 88 249 81 14 93 49 246 202 132 143 213  2.25857
1845 1 42 178 48 17 121 189 176 87 59 125 52 253 142 156 198 156 135 27 196 21 151 120 226 81 14 85 48 251 202 4 143 223  2.06751
1845 1 73 58 16 17 105 157 48 18 187 125 36 237 174 132 198 156 134 61 228 20 135 92 226 81 6 81 49 251 74 132 15 221  2.5672
1845 1 74 178 180 17 187 249 48 23 43 125 46 253 142 188 198 158 135 23 236 16 150 120 227 81 14 87 48 243 194 68 143 95  2.4651
1845 1 66 178 176 17 249 253 176 143 59 125 40 189 142 156 78 156 135 27 228 17 150 120 202 81 14 84 21 255 194 4 143 223  2.27303
1845 1 74 187 48 17 185 157 48 151 59 253 38 253 142 4 198 148 135 31 236 20 151 88 241 87 14 85 53 247 202 132 143 93  2.85597
1845 1 75 178 241 17 235 189 184 31 59 125 52 253 142 188 198 190 135 31 245 21 151 88 231 81 14 92 53 246 202 132 143 221  2.8647
1845 1 104 178 240 1 241 249 48 7 123 237 44 189 142 140 198 148 135 14 196 20 150 120 228 16 14 85 17 115 194 4 207 223  2.57046
1846 1 72 190 242 81 243 252 49 23 59 109 110 189 174 183 198 180 167 63 228 16 150 216 161 67 79 255 52 195 194 196 143 127  2.2706
1846 1 10 180 248 113 179 253 57 23 59 125 126 61 159 63 198 56 167 31 213 16 146 216 177 83 207 223 48 227 194 196 135 251  2.45341
1846 1 74 190 248 81 227 253 185 151 59 255 60 189 174 189 198 30 135 127 245 16 146 120 226 99 79 95 117 227 194 196 135 251  2.47992
1846 1 8 190 187 113 240 253 49 23 187 95 124 61 190 191 198 56 167 59 245 16 146 120 178 115 79 223 48 235 194 192 135 251  2.2706
1846 1 8 54 250 81 242 249 49 83 123 109 127 189 142 189 198 24 167 63 196 16 146 248 160 66 78 223 48 227 194 196 135 243  2.52886
1846 1 72 62 242 85 227 252 49 23 123 239 110 60 46 183 198 62 167 126 228 16 144 248 178 98 79 255 84 3 194 196 199 255  2.7219
1846 1 8 190 254 83 243 252 181 247 249 95 126 61 42 189 134 57 167 59 229 0 182 248 162 103 79 255 116 195 195 196 207 255  2.87795
1846 1 200 190 190 81 227 252 49 23 187 31 102 56 174 183 198 61 167 63 228 16 178 220 162 115 79 251 112 195 194 192 135 251  2.78062
1847 1 40 188 248 89 249 253 177 87 123 95 108 29 42 189 70 28 141 58 194 16 182 126 242 115 79 95 20 107 195 68 206 223  2.23026
1847 1 34 190 184 25 249 253 176 71 251 127 108 61 174 188 70 24 137 43 194 17 182 122 242 115 15 22 16 123 192 68 207 223  2.24668
1847 1 43 172 160 19 217 253 240 199 123 119 108 29 170 168 86 188 137 42 194 21 150 122 246 115 15 95 20 107 195 68 206 206  2.00063
1847 1 42 188 176 16 217 253 144 199 251 127 44 25 174 188 70 156 137 59 194 16 54 106 242 51 15 87 20 123 194 68 206 222  1.93448
1847 1 170 188 164 88 237 253 208 71 251 127 180 29 170 184 86 191 137 42 226 17 182 111 242 147 15 91 80 123 195 76 222 206  2.43898
1847 1 40 168 176 81 73 221 240 71 251 61 100 25 170 152 70 156 137 42 194 16 22 126 242 49 15 93 16 123 195 4 206 206  2.17156
1847 1 104 62 250 20 105 249 112 71 251 79 108 61 42 172 70 156 137 42 224 0 166 126 226 35 87 87 16 59 195 68 78 223  2.42475
1847 1 41 180 178 17 209 253 240 67 123 105 108 29 138 184 70 188 137 42 194 16 151 250 240 18 15 95 16 115 203 68 202 214  2.39415
1848 1 43 176 241 81 241 253 176 215 123 121 124 124 184 188 196 188 143 27 214 24 151 122 242 83 15 92 20 234 203 68 195 253  2.31516
1848 1 131 188 185 81 232 237 177 215 186 91 52 124 188 156 196 56 135 27 215 17 179 108 242 115 77 29 56 234 200 64 135 251  2.94694
1848 1 46 180 177 83 249 253 177 223 123 125 45 56 142 252 76 188 151 27 194 16 147 120 250 115 15 92 21 111 194 68 199 247  2.36446
1848 1 11 176 177 81 233 253 177 31 235 121 60 124 190 156 206 188 135 27 254 16 151 104 242 81 15 92 16 250 202 68 131 255  2.60032
1848 1 11 188 185 83 249 253 185 159 123 121 124 60 188 252 222 188 135 27 247 29 147 120 250 115 79 95 52 234 194 196 135 253  2.54785
1848 1 43 188 57 91 249 253 177 223 123 125 60 60 190 156 206 52 135 27 215 16 151 106 250 119 79 93 48 251 194 4 199 255  2.55105
1848 1 43 184 177 83 121 253 177 158 59 251 52 124 190 220 198 188 135 123 213 20 135 124 250 115 15 94 21 250 202 69 3 255  3.01593
1848 1 11 181 177 67 241 253 177 223 123 121 61 124 158 188 206 180 151 27 212 17 151 120 248 83 15 93 21 230 202 70 135 247  2.45341
1763 0 74 184 178 18 235 248 48 71 171 93 172 57 174 182 70 158 167 63 236 16 22 75 178 97 155 245 20 123 194 68 143 95  0
1763 0 106 185 58 50 123 217 16 71 171 93 164 41 46 220 70 16 166 59 196 16 22 107 162 117 91 209 16 123 66 4 143 223  0
1763 0 90 56 186 56 43 252 56 66 171 93 164 185 174 159 66 24 166 187 253 145 6 79 178 113 211 241 26 235 194 4 47 91  0
1763 0 8 184 186 114 243 237 49 87 187 93 108 57 190 151 66 16 167 59 197 16 18 88 178 115 207 213 48 107 194 0 135 251  0
1763 0 122 189 122 122 219 217 18 231 187 5 236 169 46 255 6 16 167 187 197 16 30 11 178 119 251 213 20 123 227 4 174 219  0
1763 0 74 189 58 58 187 221 31 255 171 93 172 173 174 223 74 16 167 123 253 81 214 75 186 119 251 213 45 251 66 6 143 91  0
1763 0 74 185 178 58 217 221 144 199 171 85 168 25 174 222 70 144 129 59 233 17 22 75 154 113 155 85 28 123 192 4 143 222  0
1763 0 82 187 154 58 187 201 48 199 171 29 168 185 174 214 66 16 167 59 237 17 22 75 130 113 216 213 30 251 192 4 175 91  0
1913 1 74 184 178 80 235 249 48 71 171 29 172 57 174 190 70 158 167 59 232 16 22 75 162 113 27 85 16 123 194 68 143 223  1.58719
1913 1 88 169 178 22 219 216 52 199 171 133 174 9 46 182 70 150 163 127 232 16 22 75 178 97 187 245 20 107 194 70 143 78  1.89712
1913 1 75 176 146 16 41 220 48 7 171 89 166 24 174 150 70 190 166 55 232 16 23 73 178 81 155 241 16 123 202 4 139 95  2.02875
1913 1 74 123 146 22 107 216 16 198 171 204 172 173 46 230 71 150 166 119 236 80 6 75 162 96 154 117 21 59 194 116 15 95  2.10373
1913 1 74 188 182 22 171 248 52 199 187 95 172 57 174 246 70 158 167 119 232 16 54 75 178 99 155 247 84 123 194 68 143 95  1.62202
1913 1 74 185 190 52 171 252 48 7 171 221 174 61 174 190 70 26 167 55 237 16 150 73 178 64 219 247 84 219 194 68 143 95  1.88552
1913 1 74 185 146 50 235 252 48 199 171 93 44 61 174 182 66 158 167 63 236 16 22 75 154 113 159 213 20 107 202 68 143 95  2.01741
1913 1 90 178 178 16 123 248 16 71 171 93 172 189 46 150 70 150 167 191 236 16 22 75 162 65 155 245 16 123 194 4 143 95  1.77786
1914 1 104 187 58 50 121 217 17 69 171 93 36 41 174 221 70 16 134 59 197 81 22 107 162 53 219 209 48 251 66 4 143 219  2.02306
1914 1 72 185 50 88 91 217 16 70 235 21 164 41 46 220 70 148 162 59 200 0 6 107 178 117 19 209 16 123 66 4 15 207  1.76902
1914 1 106 249 58 16 107 217 20 231 171 124 164 169 46 220 70 16 166 59 196 64 70 107 162 113 123 81 21 123 66 4 143 223  1.71758
1914 1 106 184 58 114 121 221 16 71 171 93 164 57 46 156 70 48 167 187 197 16 22 107 178 117 91 217 16 123 66 4 206 223  1.69827
1914 1 64 187 58 90 123 217 49 103 235 29 100 41 46 214 70 16 166 59 192 0 86 107 162 117 95 145 16 107 64 0 143 207  1.99694
1914 1 72 187 58 50 123 217 50 64 235 77 108 45 46 220 70 16 166 59 196 80 134 43 130 113 82 213 0 107 66 6 15 223  2.1099
1914 1 106 184 58 48 123 217 16 71 171 253 164 41 46 156 70 144 134 59 204 16 6 107 178 21 155 213 17 123 66 4 15 223  2.18037
1914 1 114 187 58 32 59 217 16 71 171 109 172 173 46 156 70 16 166 187 205 17 30 43 162 85 218 213 16 123 64 4 143 95  2.25142
1915 1 90 184 58 58 75 196 56 66 171 85 228 185 172 215 66 24 166 187 249 144 6 15 146 113 211 241 26 107 0 4 47 219  2.47992
1915 1 218 184 190 186 43 244 57 71 191 95 196 57 172 223 98 91 167 59 253 145 54 79 178 243 219 243 90 235 130 68 175 91  2.38325
1915 1 90 184 58 56 51 252 57 70 175 77 238 177 174 159 2 80 166 59 253 144 22 137 178 117 211 245 26 203 194 4 47 91  2.39142
1915 1 90 58 186 52 107 220 56 82 171 77 228 173 46 159 66 24 166 189 237 0 134 79 178 65 211 241 48 171 98 4 47 91  2.1099
1915 1 74 48 186 120 107 220 57 86 171 93 36 57 188 159 70 58 166 59 253 17 151 79 178 81 215 121 26 235 194 4 39 251  2.43612
1915 1 218 120 50 56 43 216 24 70 171 85 164 185 174 158 70 158 166 177 253 129 14 79 162 241 147 113 26 187 66 4 47 95  2.41352
1915 1 90 56 190 56 43 253 24 66 171 93 164 57 46 159 70 26 167 51 253 17 6 79 178 113 219 209 24 251 194 4 47 91  2.26336
1915 1 90 56 186 48 43 232 49 71 170 93 164 185 172 158 66 26 167 59 237 145 6 79 178 64 211 241 26 171 192 4 47 219  2.49496
1916 1 2 185 187 50 250 205 185 87 170 93 124 57 188 159 66 16 167 59 87 17 146 72 178 113 205 149 58 234 192 0 135 251  1.99143
1916 1 72 187 186 114 243 233 49 87 171 13 108 57 174 151 66 16 167 59 197 16 18 88 162 115 223 213 48 107 194 0 135 251  1.63092
1916 1 8 184 187 122 123 237 49 199 191 93 100 24 190 223 96 56 167 59 211 16 18 111 178 115 223 213 18 107 210 0 167 251  1.97148
1916 1 72 184 186 115 179 236 49 135 187 93 110 57 190 183 66 24 167 59 233 16 18 88 178 115 207 247 20 75 194 64 135 123  1.84992
1916 1 72 184 186 112 99 221 49 87 187 93 100 61 190 151 66 24 167 59 229 16 18 92 178 113 95 209 48 107 194 0 7 251  1.96255
1916 1 24 176 250 113 242 232 49 87 59 77 110 185 31 151 66 16 167 63 197 16 18 216 160 66 223 197 48 227 226 132 135 251  2.11403
1916 1 8 186 26 58 114 201 49 214 186 29 100 185 190 215 66 16 167 59 197 16 18 88 130 117 207 149 48 107 192 0 135 219  2.19373
1916 1 8 177 59 114 243 205 49 87 187 93 108 57 190 159 72 16 167 59 213 16 18 11 178 119 223 213 16 107 194 0 135 251  1.9805
1917 1 122 189 122 120 251 217 83 119 171 77 172 41 46 191 6 16 166 187 205 16 30 11 178 63 251 213 16 123 226 132 142 91  2.11196
1917 1 122 189 122 122 219 249 80 199 179 5 236 185 46 255 70 16 175 187 197 16 30 11 130 119 251 213 20 123 227 4 174 219  1.86433
1917 1 90 183 122 42 147 248 18 235 51 69 237 185 15 231 14 16 183 159 205 144 30 11 168 119 251 229 0 203 227 134 174 87  2.61047
1917 1 122 253 122 58 91 217 22 230 171 4 172 169 46 223 6 144 166 251 197 64 78 11 186 127 251 213 4 59 99 22 46 223  2.02117
1917 1 90 189 250 126 155 248 22 231 187 7 236 185 46 255 6 16 167 243 237 128 62 75 178 127 251 247 20 91 226 68 175 91  2.17595
1917 1 24 189 58 122 219 201 18 231 191 5 236 41 46 223 34 16 163 187 195 16 82 11 146 119 251 213 20 107 82 0 175 203  2.23961
1917 1 122 189 250 114 219 217 54 199 187 133 236 169 46 255 70 16 183 251 197 80 22 75 186 115 123 213 5 107 227 86 174 219  2.27546
1917 1 56 189 122 122 219 217 21 231 187 5 236 57 46 253 6 16 171 187 197 0 114 43 178 119 123 213 20 123 67 4 198 251  2.50104
1918 1 74 189 56 58 187 221 23 191 187 93 172 61 174 255 78 16 135 115 253 16 246 75 186 119 251 247 52 251 194 68 143 91  1.95369
1918 1 94 189 186 50 187 220 31 215 171 221 172 173 174 255 66 18 167 127 253 81 150 75 186 97 251 213 13 251 194 86 143 91  1.95546
1918 1 74 185 56 42 59 221 27 216 171 77 173 173 190 223 74 16 134 59 221 84 151 11 186 117 251 213 40 251 74 6 15 91  2.1848
1918 1 74 253 56 122 249 221 31 255 171 93 44 9 172 223 78 16 135 123 213 83 214 75 186 119 251 221 29 251 82 6 143 219  2.24196
1918 1 90 251 58 62 59 153 30 252 171 76 172 173 238 206 74 16 182 123 237 71 198 11 170 127 250 213 45 187 66 22 15 91  2.21641
1918 1 90 249 58 186 187 209 30 237 175 85 140 169 236 223 106 80 167 123 253 209 86 11 154 119 251 213 15 251 18 6 175 91  2.42758
1918 1 64 191 56 50 186 201 151 255 170 253 188 173 174 220 66 16 135 123 205 81 214 107 170 55 251 213 37 251 64 6 135 219  2.37247
1918 1 74 251 60 50 187 217 22 237 171 125 172 173 174 222 78 18 167 83 253 83 214 75 170 117 251 81 5 255 66 6 143 95  2.16937
1919 1 67 248 16 58 25 221 16 206 171 81 160 13 174 222 70 144 133 43 232 21 7 75 154 113 153 84 25 123 72 4 11 94  2.2187
1919 1 74 185 18 58 217 221 16 199 171 21 168 25 174 222 70 144 129 59 201 16 22 75 146 117 187 213 20 123 194 4 143 206  1.47951
1919 1 66 185 186 58 201 253 144 199 171 93 168 29 174 254 70 26 133 59 233 17 22 75 146 113 155 84 28 123 192 68 143 223  1.60819
1919 1 74 185 184 50 153 221 176 207 171 85 164 25 172 222 78 26 165 27 249 17 22 75 186 113 219 85 31 123 192 4 143 222  2.06949
1919 1 202 184 182 26 73 221 176 199 171 85 164 25 172 222 70 159 129 59 235 17 22 79 178 113 155 81 90 123 194 4 143 222  2.06357
1919 1 106 168 176 58 217 217 144 207 171 21 168 25 174 220 78 148 137 59 233 17 22 107 218 115 155 85 21 123 210 4 143 206  2.05183
1919 1 82 185 186 48 219 221 176 199 171 245 168 25 46 220 70 16 161 59 193 17 22 107 154 113 219 85 29 123 193 4 143 222  2.39965
1919 1 98 233 160 26 217 221 150 204 235 117 172 9 174 220 70 144 129 107 232 81 70 107 250 49 59 85 5 123 66 22 143 206  2.36712
1920 1 70 179 154 58 250 137 48 201 170 29 169 189 140 206 74 16 167 27 237 17 22 75 138 113 216 21 63 255 192 6 175 211  2.33304
1920 1 66 190 186 58 187 233 48 199 187 31 168 185 174 254 66 24 167 59 237 17 22 75 130 115 217 215 30 251 192 68 135 91  1.842
1920 1 82 187 154 48 186 137 48 71 171 29 168 173 174 142 66 16 167 187 237 17 22 75 130 113 216 213 60 251 192 4 143 91  1.78976
1920 1 66 179 18 56 186 137 176 71 170 25 168 253 172 214 64 16 167 59 205 17 22 75 130 81 152 148 58 251 200 0 143 155  2.59027
1920 1 90 187 158 58 187 192 48 231 174 21 238 177 172 247 34 80 167 51 233 16 22 73 130 117 219 247 26 75 128 4 175 91  2.41073
1920 1 0 187 26 58 123 201 48 199 174 29 104 41 174 223 98 16 167 59 207 17 22 11 130 117 217 213 26 107 80 0 175 219  2.3969
1920 1 82 187 146 58 187 137 16 199 171 29 168 237 174 194 66 148 167 59 236 81 22 75 138 113 184 212 31 251 136 4 143 31  1.97328
1920 1 82 185 154 186 187 192 24 199 174 21 136 185 172 214 66 82 167 59 237 145 22 75 146 113 153 245 30 251 128 4 175 91  2.20727
1764 0 34 174 194 26 211 185 176 199 59 5 104 153 40 234 70 148 187 171 194 144 22 218 134 119 62 20 20 107 195 68 175 142  0
1764 0 2 174 90 27 242 169 184 103 190 5 104 177 172 166 6 16 167 59 195 144 54 216 2 119 44 54 26 195 192 64 175 143  0
1764 0 2 168 18 56 83 233 184 71 190 5 104 153 172 142 68 16 167 59 195 145 18 154 130 87 29 20 26 107 192 0 167 138  0
1764 0 66 169 18 26 219 137 178 199 190 21 232 9 172 194 100 148 161 59 234 17 22 75 138 119 185 52 30 107 208 4 175 142  0
1764 0 2 188 179 90 211 232 177 71 187 23 104 24 44 246 68 60 167 59 226 16 18 91 178 115 29 54 18 107 192 64 167 255  0
1764 0 82 44 210 20 83 248 48 70 187 133 106 169 44 230 6 148 38 255 224 128 6 219 134 107 18 54 16 11 227 68 47 206  0
1764 0 66 188 146 186 147 224 56 71 190 5 74 177 172 246 32 80 167 59 235 145 18 137 130 119 153 182 26 75 128 68 167 155  0
1764 0 66 172 150 26 203 249 176 71 187 23 96 25 172 226 68 158 161 59 234 17 54 79 130 115 29 22 94 107 192 68 175 142  0
1985 1 34 174 130 18 211 185 176 199 58 7 104 153 44 232 70 144 187 43 194 21 54 250 134 119 60 22 20 107 193 68 139 142  2.15201
1985 1 114 175 194 18 211 185 50 199 59 5 232 153 42 226 70 148 179 239 192 144 22 219 142 119 58 84 21 107 195 68 174 142  2.30009
1985 1 2 167 194 26 211 185 190 239 59 7 104 153 104 230 78 148 63 203 194 148 118 218 142 119 62 6 21 111 227 86 175 204  2.56071
1985 1 39 44 210 88 211 185 160 67 123 1 104 24 10 232 68 156 185 171 194 16 22 251 134 98 30 30 16 107 203 69 235 132  2.85597
1985 1 34 175 82 24 211 185 48 71 59 5 104 169 40 194 198 148 59 171 194 144 22 26 134 119 30 20 16 107 195 4 171 140  2.17156
1985 1 3 166 194 19 211 185 186 67 59 69 105 157 13 234 94 148 63 139 194 149 150 154 140 83 30 20 26 99 239 198 171 212  2.85163
1985 1 2 174 226 26 211 249 184 199 187 23 104 185 40 238 70 156 171 59 195 145 22 90 134 115 30 22 30 107 195 68 175 206  2.49193
1985 1 42 173 114 90 209 249 176 71 251 5 108 25 42 232 6 148 169 187 194 16 22 186 130 119 63 84 16 107 195 68 238 142  2.28278
1986 1 2 175 122 91 242 232 185 231 190 5 110 177 172 231 132 16 167 59 195 144 50 216 2 119 108 182 62 195 192 192 167 171  2.3969
1986 1 3 174 146 25 242 168 168 103 190 9 106 244 172 162 132 148 167 43 98 20 178 216 130 119 12 54 26 194 200 68 171 141  2.36446
1986 1 2 190 26 59 242 169 184 71 190 13 104 181 172 174 2 16 167 59 195 145 54 216 130 119 76 22 58 235 192 64 175 219  2.18926
1986 1 0 174 30 25 243 185 48 71 190 21 98 177 172 130 6 152 167 59 226 16 54 220 2 119 14 183 18 67 192 0 175 143  2.49799
1986 1 130 175 94 30 210 161 188 103 188 7 104 181 44 230 38 17 167 59 195 128 118 139 2 127 116 39 26 203 65 64 175 219  2.64156
1986 1 2 167 122 27 242 186 184 103 62 5 106 177 45 174 134 16 55 59 195 145 54 152 4 87 44 38 26 195 229 132 175 205  2.65926
1986 1 2 174 66 25 242 161 184 103 62 5 88 245 172 238 54 128 191 43 131 149 182 152 6 119 44 54 26 195 213 68 171 221  3.04703
1986 1 0 175 90 27 242 233 176 103 62 5 104 185 174 162 6 16 167 59 194 16 54 184 2 127 108 6 16 67 192 64 143 139  2.74497
1987 1 3 186 19 24 114 169 168 71 186 1 104 253 172 130 68 144 166 59 66 149 23 26 130 81 20 20 26 234 72 0 163 157  2.50409
1987 1 2 168 35 25 83 233 185 71 190 5 104 145 172 142 68 20 167 59 195 145 18 152 162 87 13 20 26 107 192 4 167 250  2.26096
1987 1 2 168 146 56 91 233 176 71 186 21 104 153 172 142 64 16 167 59 195 17 18 75 146 83 157 20 26 107 192 0 167 138  2.06554
1987 1 18 160 170 33 82 233 184 67 58 69 105 153 13 142 66 16 183 191 193 149 22 154 148 87 221 5 26 97 225 4 167 210  2.85163
1987 1 2 173 18 56 211 233 176 71 191 5 104 185 44 158 36 16 171 59 195 145 18 155 2 87 29 20 26 107 193 0 167 138  2.27546
1987 1 2 184 26 58 83 229 184 66 190 17 97 17 172 223 96 24 175 59 211 145 18 31 146 115 93 20 26 107 208 1 39 130  3.00074
1987 1 2 170 18 49 115 169 184 71 58 5 96 185 172 142 64 152 167 59 195 17 22 220 130 83 12 84 24 235 192 4 15 139  2.7219
1987 1 2 184 59 56 242 233 185 71 58 13 104 185 188 159 64 16 167 59 83 145 18 26 130 119 93 4 58 234 192 0 167 251  2.63457
1988 1 66 173 146 26 217 237 176 199 191 17 232 25 172 242 100 148 161 59 234 17 22 75 154 119 185 20 30 107 208 68 175 142  2.06751
1988 1 82 175 130 30 155 137 150 231 190 133 136 169 172 226 64 148 161 123 234 17 54 75 138 127 184 22 31 123 128 68 143 14  2.67003
1988 1 70 233 146 26 219 136 178 196 170 17 232 137 172 194 68 144 163 123 234 209 22 75 138 113 60 52 15 107 192 23 171 142  2.60707
1988 1 34 170 18 24 89 137 160 71 174 5 232 9 174 194 36 148 200 43 234 1 22 43 194 117 148 52 26 123 80 4 171 142  2.83446
1988 1 2 169 18 26 219 201 182 231 190 5 232 9 44 194 36 16 161 59 194 80 86 11 138 119 57 20 30 107 80 2 175 142  2.43898
1988 1 82 233 18 26 27 193 18 224 191 4 232 137 172 194 36 212 240 187 202 194 70 11 138 127 177 52 10 59 16 6 47 142  2.94219
1988 1 66 171 18 26 91 136 48 71 174 17 232 137 172 194 68 212 162 59 234 16 22 11 130 117 156 52 26 107 0 4 171 14  2.47694
1988 1 66 170 130 26 89 141 162 200 190 17 192 93 228 226 108 212 161 107 106 149 54 75 154 119 24 54 27 122 152 5 43 142  2.92807
1989 1 0 60 187 90 115 232 49 66 186 7 100 48 188 247 4 56 167 59 194 16 50 221 178 99 77 183 18 75 192 65 39 251  2.69934
1989 1 2 190 147 90 242 233 177 71 187 29 104 120 172 246 196 60 167 59 98 16 18 90 162 115 29 52 18 234 192 64 135 173  2.43612
1989 1 0 188 243 88 211 248 177 71 251 5 108 24 44 182 4 52 163 59 194 16 18 251 178 119 31 62 16 75 195 64 231 238  2.27546
1989 1 0 188 147 90 211 233 49 71 187 23 109 56 44 247 76 28 167 59 194 16 18 91 154 115 31 150 16 107 194 64 167 171  2.38055
1989 1 66 188 179 82 211 248 49 71 187 7 106 24 44 182 68 188 163 63 224 16 18 91 178 99 29 54 16 75 194 68 167 254  2.21641
1989 1 2 188 187 26 219 236 177 199 186 87 104 25 60 254 68 24 167 59 243 145 18 91 178 115 93 54 30 107 192 64 167 250  2.22101
1989 1 2 184 147 91 211 236 176 71 190 83 104 48 172 182 68 188 167 59 226 16 19 216 178 115 13 54 26 106 192 64 167 191  2.44761
1989 1 3 48 179 90 67 252 169 67 186 81 97 24 188 214 68 188 167 59 114 144 147 95 178 65 21 60 26 74 192 0 163 244  3.11227
1990 1 82 46 194 20 82 232 56 70 187 133 106 169 44 166 6 16 38 255 225 128 6 219 134 107 20 38 24 139 97 68 39 222  2.70306
1990 1 64 40 210 20 83 248 48 70 187 133 106 136 46 162 69 150 162 127 224 16 6 219 130 96 30 244 20 43 194 68 15 142  2.57046
1990 1 90 172 210 21 211 250 48 71 59 133 110 185 46 166 6 148 39 191 224 144 22 217 132 79 30 103 16 67 227 68 175 206  2.37785
1990 1 82 46 18 30 83 248 48 66 185 5 234 169 46 226 6 148 162 191 232 0 6 139 130 111 146 246 16 11 66 4 47 14  2.58032
1990 1 18 44 210 30 83 248 50 194 187 5 108 169 44 230 7 148 54 251 192 128 6 131 138 107 18 52 0 11 227 87 47 222  2.81759
1990 1 66 40 242 20 67 248 56 70 187 7 102 153 40 166 6 156 35 191 224 128 6 222 166 99 23 54 80 11 195 68 47 206  2.67003
1990 1 82 173 226 30 83 208 188 103 185 6 234 129 44 238 6 148 162 251 225 129 100 203 134 111 51 118 26 11 67 68 175 206  2.90042
1990 1 86 45 210 22 211 250 62 194 187 132 234 137 108 230 71 148 55 255 224 208 20 219 134 106 58 38 5 11 227 119 47 198  2.94219
1991 1 66 188 147 186 155 224 48 71 190 21 72 49 172 247 96 88 167 59 235 144 18 73 146 115 153 182 26 75 144 64 167 155  2.165
1991 1 82 175 138 186 146 160 58 67 190 5 203 181 236 230 42 80 183 59 235 149 22 139 138 115 152 38 26 203 128 70 175 210  3.09004
1991 1 10 156 18 187 147 180 56 71 191 1 74 145 172 182 32 196 231 59 187 145 22 153 18 247 141 118 26 67 154 68 169 158  3.0523
1991 1 82 191 146 58 147 232 48 103 191 5 234 177 172 246 32 208 167 59 237 144 22 139 130 119 185 246 26 75 128 68 167 27  2.532
1991 1 66 188 151 30 155 224 48 39 190 21 202 177 172 246 0 212 167 55 233 144 18 201 130 119 153 54 26 75 128 68 167 63  3.01085
1991 1 90 172 158 187 147 224 56 71 190 23 74 145 172 231 34 88 167 63 233 145 50 217 146 103 221 231 26 67 160 68 175 90  2.85597
1991 1 82 175 18 190 155 224 56 103 190 5 202 177 172 230 34 80 167 59 235 129 54 139 130 127 185 54 26 203 0 68 167 91  2.70306
1991 1 2 156 155 187 242 228 57 71 190 13 74 177 188 247 32 64 167 59 59 145 18 152 2 119 205 182 58 202 144 64 165 251  2.62762
1992 1 66 170 146 18 235 169 176 71 186 23 96 185 172 226 68 154 163 59 226 16 22 79 130 115 28 22 94 107 192 64 175 143  2.08144
1992 1 66 168 150 26 73 217 176 71 187 23 96 25 172 210 68 157 161 59 226 0 6 79 130 113 21 18 80 43 66 4 47 142  2.37785
1992 1 194 172 150 22 203 248 52 199 187 151 96 25 172 226 68 159 161 127 232 16 54 79 138 99 29 54 85 107 194 84 143 142  2.2706
1992 1 2 172 150 26 203 237 176 207 190 19 40 25 172 254 76 158 161 59 234 17 54 75 154 115 13 22 95 107 208 68 143 142  2.03065
1992 1 66 172 150 30 219 249 180 103 187 23 168 25 174 232 4 151 161 51 234 1 54 107 130 119 57 54 84 123 192 68 143 142  2.7068
1992 1 130 172 150 26 203 249 176 71 191 23 96 25 172 174 70 159 161 59 235 145 54 79 146 115 31 118 90 107 194 68 175 206  2.13284
1992 1 67 168 150 24 201 189 176 71 255 19 96 24 172 146 68 190 161 43 106 16 23 79 146 113 29 50 90 106 200 64 171 142  2.43612
1992 1 66 174 134 30 201 169 160 199 190 23 200 153 172 226 68 222 161 107 234 148 54 79 138 115 28 54 94 123 128 68 171 140  2.46805
1765 0 74 190 174 63 178 184 56 55 190 95 78 245 173 174 130 88 167 63 253 149 182 216 135 103 206 119 122 195 140 196 175 91  0
1765 0 67 190 134 17 226 184 184 7 187 91 98 253 172 166 198 158 167 47 232 21 183 220 134 99 12 54 94 194 200 68 139 221  0
1765 0 67 186 132 19 170 189 184 143 186 123 0 253 172 238 206 154 167 75 253 21 151 73 142 113 140 22 95 254 200 68 139 221  0
1765 0 210 126 230 22 171 176 188 198 185 214 162 189 108 238 71 159 167 231 253 135 164 207 134 98 146 114 94 139 205 117 47 95  0
1765 0 74 190 182 54 171 248 60 135 187 95 130 181 172 190 70 223 167 119 253 145 54 77 131 227 155 118 94 203 130 68 175 95  0
1765 0 75 187 166 22 171 152 60 167 171 221 138 237 236 238 214 150 167 103 253 133 151 73 175 97 190 118 95 203 202 68 171 93  0
1765 0 203 190 166 23 169 188 60 151 187 95 38 189 172 174 198 159 167 103 253 21 182 77 162 99 142 115 92 203 202 68 143 95  0
1765 0 66 190 174 54 170 168 184 135 186 215 138 189 172 238 70 26 167 119 233 149 182 73 134 99 156 54 95 251 192 68 143 95  0
2057 1 10 186 238 49 226 184 185 87 191 95 86 181 172 175 150 24 167 59 247 149 182 220 166 99 78 119 122 195 206 196 175 219  2.10579
2057 1 90 190 238 55 178 186 60 55 189 79 78 181 237 46 134 81 167 55 253 133 180 216 167 111 238 119 126 195 230 196 175 95  2.11196
2057 1 75 190 158 63 179 188 56 23 191 91 78 245 173 167 130 216 167 63 253 148 183 216 131 119 142 247 122 194 138 196 171 89  2.3279
2057 1 66 190 174 53 178 172 56 23 190 93 74 245 172 174 2 88 167 63 253 149 150 216 131 99 204 119 58 195 136 68 175 91  2.00992
2057 1 74 186 238 51 178 184 56 151 63 85 78 181 237 238 202 88 55 95 253 149 150 216 175 115 206 119 62 195 166 196 175 93  2.58362
2057 1 194 158 142 187 186 160 56 39 190 95 194 181 173 174 2 89 167 55 253 149 54 205 131 119 204 103 122 195 128 68 175 91  2.36979
2057 1 74 190 234 49 178 186 56 23 59 77 126 253 175 174 130 16 167 63 237 21 150 216 133 103 206 119 56 195 232 196 143 91  2.45051
2057 1 3 158 174 191 178 180 184 183 190 95 90 245 173 238 178 64 231 43 191 133 183 216 7 247 172 119 250 195 156 68 169 223  2.58032
2058 1 67 186 130 17 50 184 56 7 59 73 98 253 172 134 198 156 167 47 236 21 151 220 134 67 140 116 58 194 200 4 11 93  2.14132
2058 1 67 62 146 21 227 188 56 23 187 203 106 253 172 166 198 158 167 111 236 20 181 216 134 98 14 118 84 194 202 196 139 93  1.98777
2058 1 3 190 226 19 226 184 184 71 59 91 114 253 172 174 214 156 167 47 247 149 183 220 134 99 12 22 126 194 205 68 139 221  1.88717
2058 1 67 162 198 17 234 184 56 7 187 85 98 253 172 162 198 158 167 39 232 20 150 216 167 65 14 54 80 195 202 196 139 93  2.16718
2058 1 195 174 134 25 170 184 168 135 190 83 66 245 172 162 134 223 167 39 234 149 183 221 135 115 12 54 94 194 136 68 171 28  2.14558
2058 1 67 184 167 17 227 188 184 7 186 91 66 213 188 190 86 59 167 47 123 149 183 220 182 65 13 58 90 194 200 68 163 221  2.13707
2058 1 67 186 150 21 226 188 180 135 186 219 98 253 172 166 198 154 167 111 232 21 151 216 150 96 12 54 94 130 200 84 139 221  2.11196
2058 1 195 190 151 17 234 172 176 7 186 91 34 252 172 182 196 191 167 55 104 20 183 77 130 99 12 50 90 202 200 64 131 157  2.49193
2059 1 3 174 164 19 186 185 168 143 254 243 10 253 236 232 222 174 167 71 250 21 183 73 175 115 12 30 95 246 204 68 139 221  2.59696
2059 1 199 190 133 155 169 181 184 143 190 91 0 245 236 254 110 203 135 75 251 149 183 77 154 243 140 54 95 238 152 85 171 213  2.65926
2059 1 67 190 148 19 170 185 180 143 186 123 32 253 172 238 206 155 167 67 232 21 183 77 142 115 140 22 95 255 200 68 139 93  1.93448
2059 1 71 178 144 16 171 60 184 143 171 251 168 253 140 174 206 158 167 79 236 21 151 73 142 64 156 86 95 254 200 68 139 85  2.34341
2059 1 71 178 128 19 235 189 184 143 186 123 1 221 140 238 94 154 167 79 249 149 151 72 222 115 12 22 95 238 200 68 139 213  2.14772
2059 1 131 186 189 51 232 173 184 215 186 91 16 253 188 254 222 27 167 27 127 21 183 77 138 113 140 18 126 234 204 68 131 221  2.48591
2059 1 67 191 132 19 186 157 152 175 174 121 136 253 172 238 206 146 135 3 253 21 151 73 207 117 172 22 63 254 200 4 139 93  2.30009
2059 1 67 250 132 19 42 153 184 142 170 249 16 237 172 206 199 154 135 107 253 85 135 73 206 113 140 16 63 250 200 21 11 221  2.34081
2060 1 211 110 230 22 227 248 188 230 185 215 178 189 40 174 215 159 175 231 255 133 164 207 166 226 26 90 222 139 199 116 239 223  2.54466
2060 1 86 126 134 22 171 176 62 198 185 206 234 237 108 238 7 158 167 247 237 135 164 203 130 106 178 118 94 139 202 117 43 95  2.43898
2060 1 210 62 246 20 43 56 52 70 185 214 162 189 46 174 71 159 167 231 236 5 164 79 134 98 146 114 84 155 202 116 15 95  2.3177
2060 1 194 122 174 22 203 184 188 198 185 214 226 189 44 238 71 27 167 103 249 135 228 79 134 96 22 50 94 139 201 116 47 223  2.19149
2060 1 214 62 230 20 171 48 184 194 187 215 162 253 76 238 71 155 167 231 253 149 180 71 134 98 154 114 95 139 205 117 43 87  2.48291
2060 1 218 126 238 62 171 240 62 230 185 214 198 189 109 238 7 27 167 247 253 199 228 199 174 107 242 115 95 139 103 117 175 95  2.60707
2060 1 218 238 230 28 43 178 60 102 185 86 194 181 108 238 150 223 167 231 237 133 228 207 135 111 146 115 222 139 39 116 47 95  2.84731
2060 1 214 94 166 158 11 176 184 66 189 214 194 183 236 238 55 207 231 103 251 135 164 197 134 226 146 114 218 139 140 117 45 87  2.93746
2061 1 91 156 150 190 171 244 60 167 191 91 194 21 236 254 2 219 167 119 253 133 183 205 147 227 155 119 94 203 138 84 171 95  2.59027
2061 1 194 190 182 155 171 180 188 135 191 31 130 181 172 254 110 207 231 119 251 145 54 77 139 225 143 114 222 203 130 84 173 95  2.37785
2061 1 90 190 230 20 171 240 60 167 187 95 142 177 108 190 6 222 167 247 253 129 180 201 167 227 155 119 94 195 134 68 175 95  2.64508
2061 1 218 190 150 54 171 248 56 135 187 31 130 189 172 166 66 223 167 119 237 145 54 77 131 99 154 247 94 219 130 68 175 95  1.79426
2061 1 202 186 182 20 43 248 184 71 187 95 146 177 172 190 70 159 167 55 253 129 182 77 162 225 147 114 90 139 194 68 175 95  2.38055
2061 1 202 188 183 23 171 252 61 167 187 95 138 177 236 246 78 255 167 119 249 145 55 77 187 227 143 118 94 203 130 84 167 127  2.47694
2061 1 74 188 190 54 171 232 61 135 187 95 6 177 172 191 66 91 167 119 253 145 50 77 178 99 223 119 94 203 130 68 167 123  2.49496
2061 1 66 184 151 52 171 236 56 7 187 91 2 117 172 182 64 218 167 55 253 17 23 73 146 97 153 118 94 203 136 68 167 95  2.50715
2062 1 75 187 166 22 171 216 60 183 171 221 14 237 236 174 198 182 167 119 253 133 149 73 167 97 190 119 127 195 202 68 143 93  2.25142
2062 1 75 187 166 31 171 148 188 167 175 89 74 229 236 238 150 230 167 103 251 133 151 201 183 225 46 118 222 202 142 84 171 93  2.7686
2062 1 67 251 6 30 187 144 60 175 175 93 138 229 236 238 134 214 167 103 253 197 215 73 143 117 184 114 94 219 12 4 171 93  2.45051
2062 1 75 171 230 22 233 56 188 175 235 255 154 173 232 236 214 190 167 103 253 133 148 107 239 225 30 122 95 187 207 100 139 93  2.56395
2062 1 67 191 150 22 187 184 62 167 171 217 138 237 236 226 198 214 167 103 236 148 151 73 143 99 184 118 31 203 138 70 171 29  2.33821
2062 1 75 187 226 19 187 152 58 135 171 245 142 237 173 238 214 150 167 103 253 213 151 73 175 225 190 117 31 235 142 134 139 93  2.3618
2062 1 67 187 198 20 171 152 60 167 171 253 170 237 174 174 198 150 167 231 236 4 212 73 134 97 186 118 85 187 202 244 139 93  2.18258
2062 1 67 169 166 22 137 156 60 167 171 85 138 141 236 238 94 150 167 103 249 133 151 73 191 97 186 118 94 203 202 68 171 92  2.50715
2063 1 203 188 166 22 169 188 188 135 187 95 38 157 172 174 86 159 167 103 249 21 182 77 178 99 15 123 92 203 202 68 139 95  1.92073
2063 1 74 190 182 23 171 184 48 135 187 223 38 189 174 166 198 159 167 119 236 20 182 77 163 99 142 119 84 195 194 68 143 95  2.20955
2063 1 203 190 166 23 169 188 60 151 187 95 38 253 236 166 198 191 167 103 252 20 183 205 167 99 142 123 84 195 202 196 139 93  2.42758
2063 1 203 178 166 20 105 156 184 23 187 95 54 253 172 142 198 159 167 55 253 5 182 77 162 65 6 115 88 203 74 4 143 95  2.40241
2063 1 203 190 182 22 171 124 60 183 185 223 38 253 238 182 198 159 167 119 237 4 245 77 178 99 174 115 116 131 202 244 143 95  2.67728
2063 1 203 188 183 23 169 252 61 151 187 95 38 61 188 190 198 191 167 119 253 21 183 77 178 99 143 123 94 138 202 84 135 127  2.52573
2063 1 202 190 236 23 235 184 60 151 187 95 54 189 172 174 198 31 167 103 237 5 182 76 166 99 78 115 116 139 194 212 143 95  2.47694
2063 1 203 190 134 54 169 188 52 7 187 223 162 93 174 170 70 159 133 103 236 5 182 77 130 99 142 115 84 187 202 68 139 95  2.47992
2064 1 66 62 174 52 170 232 185 7 170 223 138 189 172 174 66 26 167 119 253 149 150 73 130 98 217 55 126 187 192 68 135 91  2.13495
2064 1 66 190 150 22 170 168 48 135 186 191 42 253 174 166 70 26 167 119 237 17 54 73 130 99 156 54 93 251 192 68 143 95  2.16282
2064 1 82 170 174 55 138 168 184 135 186 215 130 157 172 174 86 26 167 103 233 149 150 201 135 97 156 38 94 195 197 68 175 94  2.67728
2064 1 66 190 172 20 234 104 188 143 186 247 160 189 172 172 70 27 167 119 249 149 180 79 199 67 28 22 95 187 205 100 143 95  2.58032
2064 1 66 191 174 54 186 168 188 167 186 215 138 189 236 238 70 18 167 119 233 149 182 73 142 99 252 54 127 251 192 68 143 95  2.02685
2064 1 66 174 142 58 170 168 56 135 186 23 138 189 172 226 66 90 167 39 233 149 54 73 130 115 152 54 94 251 136 68 171 95  2.24196
2064 1 194 190 190 54 234 232 188 199 186 215 32 189 172 238 70 27 167 119 233 21 54 77 130 99 220 50 94 171 192 84 135 219  2.33047
2064 1 70 174 174 22 139 248 188 135 186 215 138 157 172 238 70 26 167 103 233 149 182 73 174 98 28 54 95 251 192 68 143 94  2.37516
1766 0 26 251 98 26 123 209 186 228 171 76 252 173 44 222 6 148 174 187 215 197 198 11 174 253 51 85 10 171 71 6 47 223  0
1766 0 43 184 98 24 73 221 240 71 235 85 228 13 42 156 86 180 136 171 211 21 150 107 246 81 23 89 16 123 67 4 78 222  0
1766 0 10 185 122 88 115 221 185 87 171 77 124 173 44 159 6 52 174 59 215 1 150 43 178 85 87 93 16 235 67 4 167 255  0
1766 0 11 187 98 24 243 153 184 87 59 77 124 173 44 142 214 148 175 59 215 149 150 154 166 247 62 93 26 235 207 132 175 223  0
1766 0 58 186 106 24 91 217 184 70 171 69 252 169 40 140 22 16 174 187 215 129 134 43 166 117 83 85 24 171 103 4 47 223  0
1766 0 34 181 107 88 91 213 185 103 187 69 236 153 40 158 22 48 174 187 211 145 150 11 182 87 63 28 24 235 65 4 167 254  0
1766 0 34 187 98 24 123 153 176 71 235 77 252 173 42 140 214 148 174 171 198 21 150 43 166 117 30 92 16 235 67 4 206 223  0
1766 0 58 173 98 26 217 221 222 231 171 69 236 141 42 204 22 148 168 171 193 197 222 43 182 127 59 93 4 123 67 6 238 222  0
2129 1 62 187 98 10 91 209 154 200 171 68 253 173 44 222 78 148 190 185 215 215 134 3 174 245 59 85 9 235 103 7 47 215  2.04988
2129 1 42 249 98 90 123 221 154 228 171 76 252 173 44 220 22 180 174 251 215 199 198 43 186 253 51 93 8 187 67 22 47 223  2.09557
2129 1 90 121 34 28 107 212 184 100 169 76 244 173 44 222 38 148 174 185 223 197 198 11 178 237 19 113 10 139 67 4 47 223  2.16718
2129 1 26 251 50 190 123 209 186 103 173 12 220 167 44 222 38 148 238 187 223 193 70 139 2 253 179 117 10 139 23 6 47 223  2.25857
2129 1 26 251 98 24 123 209 186 230 171 68 252 173 44 206 134 148 174 187 215 197 198 11 166 253 50 85 10 235 71 4 47 223  2.07944
2129 1 114 251 98 4 123 209 190 231 171 236 184 173 44 206 70 148 174 251 213 197 198 75 166 125 58 80 13 187 65 22 175 223  2.7181
2129 1 2 251 106 26 122 129 186 228 171 76 248 173 44 206 6 16 174 187 215 199 198 11 142 117 48 20 10 171 77 22 47 223  2.30259
2129 1 74 255 98 30 251 208 190 236 171 76 252 173 104 238 158 180 174 251 247 199 198 11 174 255 58 125 14 203 71 150 175 223  2.56071
2130 1 107 48 98 84 65 252 240 67 233 69 228 9 42 156 22 188 168 175 241 133 134 251 182 65 23 121 16 11 67 4 110 222  2.80925
2130 1 107 160 98 24 73 157 240 71 235 85 228 29 42 136 86 148 136 171 194 21 150 107 246 209 22 88 16 123 67 4 202 206  2.30009
2130 1 43 185 96 24 121 221 208 71 235 125 180 13 42 156 86 180 140 187 215 21 151 107 246 213 31 89 16 251 75 4 206 223  2.20048
2130 1 43 185 114 88 89 221 240 71 235 65 228 8 42 156 6 180 168 187 194 16 151 43 178 85 23 93 16 107 67 4 110 206  2.23026
2130 1 171 184 98 88 73 221 248 71 251 85 244 25 40 156 86 189 172 185 211 149 134 111 182 209 23 89 16 107 67 4 110 222  2.45051
2130 1 42 184 106 24 89 253 241 71 115 69 236 13 42 156 86 16 136 170 211 21 158 58 242 81 95 93 16 107 195 4 222 222  2.78872
2130 1 106 56 98 24 73 221 208 66 235 76 164 13 42 156 86 148 136 168 193 69 142 43 242 17 19 89 0 59 67 4 78 222  2.56071
2130 1 43 176 34 24 73 221 184 67 171 89 228 29 172 156 86 188 172 41 243 21 135 107 178 81 23 89 26 107 75 4 43 222  2.68458
2131 1 42 56 115 88 115 221 177 87 235 77 124 40 44 157 6 52 174 59 215 16 130 187 178 85 87 93 16 235 67 4 103 255  1.95017
2131 1 10 185 123 121 114 204 185 87 172 77 126 165 188 159 6 48 166 59 215 149 147 152 50 85 71 125 58 194 70 4 167 251  2.19373
2131 1 74 178 114 80 99 220 57 87 169 77 116 173 44 159 134 180 166 187 213 132 151 11 178 65 87 121 16 203 67 132 167 255  2.02685
2131 1 42 185 122 88 115 221 177 103 233 77 116 41 44 156 6 52 174 59 215 1 214 171 50 117 87 89 16 203 67 4 175 223  2.3076
2131 1 42 185 122 104 115 221 121 87 59 77 124 173 58 159 6 16 190 187 215 144 146 58 176 87 127 221 48 235 227 132 230 251  2.18258
2131 1 42 177 122 96 123 221 185 119 171 77 124 173 62 157 6 48 166 59 213 5 150 43 178 85 87 93 48 235 67 132 143 219  2.16937
2131 1 10 185 50 88 123 213 185 87 175 77 124 37 44 159 38 52 174 59 215 145 150 43 50 213 95 93 26 235 83 4 167 255  2.14345
2131 1 10 185 123 80 251 221 189 247 171 93 60 173 44 156 214 52 174 59 215 1 214 107 178 117 127 89 28 235 71 132 135 255  2.60032
2132 1 11 187 98 25 243 157 184 87 59 73 124 237 172 156 214 180 175 43 215 149 151 186 182 247 14 93 26 234 207 4 139 221  1.87895
2132 1 26 179 98 1 243 250 184 87 59 69 126 189 13 142 150 148 54 159 213 149 150 152 164 70 94 125 24 195 231 132 175 215  2.34601
2132 1 11 190 98 24 243 181 184 87 63 77 124 181 40 142 182 180 175 59 215 149 150 154 38 247 30 93 26 203 207 132 175 223  1.93275
2132 1 10 187 98 24 243 216 184 103 187 77 124 173 44 142 214 148 166 187 215 149 150 154 166 247 62 85 26 235 71 132 175 223  1.79577
2132 1 3 179 98 8 123 181 184 67 43 73 121 237 12 142 214 148 174 139 215 149 151 26 150 209 30 92 26 234 207 134 171 213  2.48891
2132 1 2 191 98 25 242 153 187 231 63 77 124 173 40 140 150 20 63 59 215 149 150 186 36 127 62 28 62 235 199 132 167 221  2.62073
2132 1 10 191 234 2 242 153 187 215 59 77 124 173 41 142 214 16 63 187 215 149 150 154 172 119 126 93 60 235 231 134 175 223  2.12235
2132 1 11 179 96 1 243 157 184 223 59 125 60 237 12 140 222 148 191 11 215 149 151 90 172 85 62 93 29 239 207 132 139 221  2.22562
2133 1 58 186 106 24 75 209 184 70 171 85 244 187 40 142 118 156 174 187 215 129 134 79 166 209 83 81 154 235 71 4 47 223  2.63806
2133 1 26 56 234 20 83 248 184 70 169 69 236 169 40 158 22 16 174 187 213 129 134 155 166 97 83 117 24 139 103 4 47 223  2.205
2133 1 34 42 106 24 91 217 184 70 171 68 240 169 40 140 22 16 174 185 195 133 134 43 134 85 18 21 24 171 69 4 47 222  2.33047
2133 1 50 251 106 0 90 217 187 198 170 228 188 169 40 140 86 16 174 187 213 209 134 107 166 117 123 5 45 251 101 4 15 223  2.98084
2133 1 122 184 110 56 107 216 184 102 171 93 244 173 40 156 22 16 174 179 253 133 134 75 166 117 83 121 24 203 71 4 47 223  2.83873
2133 1 58 58 106 72 91 217 216 66 171 69 252 169 42 140 86 20 174 185 215 145 142 43 166 209 83 93 16 235 103 4 110 223  2.62417
2133 1 58 190 106 56 91 217 144 103 183 69 252 169 43 140 22 16 174 187 199 129 142 43 36 95 115 69 24 251 103 4 46 223  2.57702
2133 1 186 190 110 60 75 217 189 103 185 70 244 189 40 172 22 17 174 187 215 133 228 239 166 127 83 115 88 139 103 4 175 223  2.94694
2134 1 130 184 107 88 91 212 185 103 185 85 228 153 40 158 22 53 174 187 211 133 182 79 182 85 23 56 26 203 67 4 167 254  2.63806
2134 1 34 189 107 90 83 205 187 103 186 69 108 9 56 220 22 48 188 187 211 145 146 59 178 127 127 13 24 107 65 0 231 250  2.80925
2134 1 18 181 107 89 211 211 185 103 63 69 236 145 40 158 22 48 62 187 211 145 182 154 52 95 127 77 26 195 103 4 167 254  2.80511
2134 1 34 181 99 64 211 253 185 71 59 69 108 153 40 156 86 52 175 187 211 145 151 58 180 87 63 28 16 235 195 4 230 254  2.48591
2134 1 67 177 43 0 219 213 185 103 170 69 232 141 60 158 86 48 174 187 211 149 215 11 182 85 61 28 30 234 65 4 167 222  2.78062
2134 1 3 189 110 24 83 212 185 103 173 69 238 129 40 158 54 48 174 179 211 133 246 139 54 93 51 62 26 203 65 4 167 254  3.19418
2134 1 3 161 99 74 91 217 169 72 171 69 105 136 40 222 94 52 190 185 211 149 147 11 190 85 29 28 10 234 65 6 39 244  3.28341
2134 1 34 181 107 88 91 213 153 103 187 77 248 185 40 158 6 48 174 187 211 145 150 11 178 87 59 28 24 235 65 4 167 255  2.532
2135 1 34 187 114 24 123 217 176 71 235 77 244 173 42 140 198 148 174 59 198 17 150 43 166 117 30 84 16 235 67 4 79 223  2.39142
2135 1 98 187 98 24 123 153 176 103 171 77 252 173 42 140 134 148 174 171 198 5 214 43 166 117 54 52 16 235 67 4 175 223  2.31516
2135 1 42 190 98 24 121 185 144 71 187 77 252 189 42 140 150 148 143 171 199 21 158 43 230 247 26 93 16 251 67 4 206 223  2.44185
2135 1 34 179 96 10 251 153 146 205 107 109 188 173 42 204 222 148 158 139 199 85 150 42 238 117 62 92 5 255 71 134 206 223  2.40795
2135 1 35 187 98 26 251 153 176 231 235 93 116 173 40 200 214 148 175 43 194 85 214 107 134 117 62 24 20 235 75 4 203 223  2.47992
2135 1 35 171 98 16 121 153 176 71 235 77 248 237 42 136 214 148 174 171 198 21 150 43 134 85 30 28 16 235 73 4 203 221  2.3076
2135 1 42 187 114 80 115 217 176 71 107 69 124 169 42 140 198 148 174 187 198 16 150 58 166 117 62 93 16 107 67 4 206 223  2.28278
2135 1 98 187 226 0 251 153 184 71 171 237 188 173 10 140 214 148 174 175 197 21 150 107 166 64 26 92 21 251 199 4 206 223  2.56395
2136 1 122 173 226 4 211 220 254 103 161 197 236 141 42 236 22 148 184 175 209 149 156 171 180 78 59 125 4 75 227 6 238 222  2.73337
2136 1 58 173 106 56 209 221 218 231 187 69 236 141 43 172 22 16 169 171 209 149 158 43 182 127 123 93 20 123 67 4 206 222  2.63806
2136 1 58 189 98 90 249 221 214 231 171 76 188 45 42 220 22 148 140 187 213 69 222 43 178 255 59 93 4 251 67 6 238 223  2.33562
2136 1 58 169 98 90 89 221 210 103 163 4 236 9 42 220 6 148 136 187 194 64 78 43 50 125 51 93 0 59 83 6 238 222  2.31516
2136 1 58 169 96 2 217 221 218 237 43 101 172 141 42 204 94 148 157 139 193 213 222 43 254 117 59 93 5 127 67 6 206 222  2.14986
2136 1 114 237 98 30 91 217 150 231 235 68 236 137 42 236 22 148 168 235 193 197 206 43 166 127 51 84 4 59 67 22 238 222  2.60707
2136 1 42 233 98 26 217 221 254 231 171 69 236 141 40 204 86 148 168 171 195 213 214 43 190 117 63 93 4 107 67 6 238 222  2.39142
2136 1 122 175 106 56 219 209 94 231 179 69 236 141 43 238 22 144 168 171 193 197 94 11 150 127 251 117 156 235 99 4 174 222  2.80099
1767 0 67 189 17 26 251 221 54 239 171 89 40 109 174 214 76 180 135 59 192 16 215 75 186 119 45 20 21 122 72 6 131 223  0
1767 0 10 191 82 26 243 217 54 247 185 77 108 237 46 246 134 148 183 59 196 0 247 153 160 127 58 119 52 195 74 4 143 223  0
1767 0 3 189 50 18 241 157 182 231 251 73 104 77 174 248 6 148 167 43 192 5 247 248 146 127 46 94 20 106 74 4 139 223  0
1767 0 11 189 51 83 243 221 50 247 59 73 109 108 188 246 204 180 183 59 210 16 151 152 186 119 47 92 20 234 202 6 131 253  0
1767 0 3 189 59 58 243 204 191 247 190 73 104 101 188 254 2 48 167 59 211 5 247 153 50 127 109 55 62 202 72 4 163 251  0
1767 0 75 189 55 30 251 220 52 167 185 91 110 28 174 246 6 181 167 119 232 0 247 201 178 127 47 126 84 75 74 68 139 95  0
1767 0 74 253 19 22 219 221 54 230 187 200 104 45 46 246 70 180 183 123 192 66 71 75 186 127 59 84 5 43 74 86 143 223  0
1767 0 9 185 51 81 115 220 48 87 187 73 110 108 190 150 4 180 166 59 192 0 147 152 178 117 7 252 16 66 74 4 131 255  0
2201 1 2 189 49 26 251 221 53 239 187 89 104 40 174 214 76 180 135 59 192 16 83 75 186 119 45 20 20 106 64 4 135 255  2.33304
2201 1 39 189 49 27 251 221 150 239 59 121 40 237 238 252 76 180 151 91 192 20 215 74 250 119 45 20 5 126 200 6 131 215  2.67728
2201 1 67 191 16 26 251 157 22 239 171 89 168 237 174 246 70 148 135 107 200 20 215 75 154 119 188 20 21 122 72 4 139 221  2.30009
2201 1 67 251 17 26 122 141 54 253 171 73 40 237 174 214 204 180 134 59 220 69 199 11 186 117 188 20 12 250 72 6 131 221  2.70306
2201 1 71 181 19 18 251 253 50 201 171 89 41 93 142 214 76 180 183 27 192 20 23 73 154 119 173 84 21 106 202 6 131 215  2.97593
2201 1 195 249 55 18 105 157 182 228 235 89 32 76 188 222 76 183 133 115 120 71 199 77 186 117 45 24 29 122 72 20 131 159  3.14076
2201 1 67 179 17 10 251 157 54 253 171 121 40 108 174 214 204 180 151 27 196 80 215 75 154 117 62 84 5 254 74 6 139 157  2.83446
2201 1 35 185 17 26 217 221 22 237 235 73 168 12 174 212 14 180 128 59 192 80 215 43 250 125 43 92 5 123 90 6 139 222  2.97104
2202 1 75 191 82 18 243 152 54 55 57 77 110 237 174 166 134 148 167 63 196 4 215 152 128 127 46 119 52 195 74 132 139 93  2.45341
2202 1 26 191 18 26 179 208 62 231 189 73 104 229 44 246 166 148 166 59 207 128 247 137 34 127 178 118 30 203 74 4 175 223  3.01593
2202 1 10 191 119 19 243 219 53 247 57 77 124 253 46 54 134 181 167 59 196 0 243 216 32 127 46 86 52 195 66 132 135 253  2.6486
2202 1 10 191 114 30 243 216 54 231 185 79 108 173 110 246 142 148 183 123 196 0 246 139 174 127 50 119 20 139 66 86 175 223  2.7219
2202 1 10 191 114 18 243 155 54 231 187 109 104 237 46 236 134 148 183 123 196 0 246 249 172 127 58 86 5 227 75 4 143 223  2.74109
2202 1 24 189 18 20 243 223 54 103 185 77 110 45 46 182 6 148 166 59 196 0 118 153 176 127 59 247 20 67 74 4 143 223  2.58362
2202 1 24 191 90 58 242 217 54 247 184 69 109 173 110 231 138 144 55 187 196 0 118 139 10 127 122 231 36 203 106 134 175 219  3.00074
2202 1 8 191 82 18 243 217 54 247 59 77 108 237 46 247 130 148 183 59 196 0 119 26 160 127 62 215 52 235 74 132 143 223  2.62417
2203 1 137 189 18 58 241 157 180 103 251 89 96 93 174 152 6 145 165 43 192 5 247 124 146 119 47 89 16 106 74 4 139 159  2.32024
2203 1 9 189 178 18 241 189 182 199 123 203 104 77 174 248 70 180 181 107 192 21 183 248 154 107 47 94 21 106 202 84 139 223  2.44185
2203 1 3 189 18 18 211 157 182 103 185 73 106 77 174 248 6 144 167 43 192 5 247 249 144 127 60 22 20 66 72 4 139 159  2.57374
2203 1 3 189 50 18 243 157 180 231 251 73 104 93 174 248 6 180 167 43 194 5 247 248 182 127 46 94 20 106 75 4 139 221  2.10373
2203 1 9 191 18 58 177 157 178 231 255 73 104 77 174 232 2 148 135 43 200 5 151 168 26 127 172 84 16 106 74 6 139 157  2.87351
2203 1 35 253 50 26 249 157 150 231 251 73 104 13 170 248 6 148 137 107 194 69 247 43 218 127 47 94 20 123 74 4 202 222  2.51022
2203 1 67 255 146 22 241 156 54 247 187 73 104 77 174 226 70 148 167 107 192 4 215 88 146 119 46 126 20 106 74 20 139 157  2.67728
2203 1 75 189 34 16 145 159 118 231 251 73 234 13 174 248 22 180 181 43 216 21 247 235 144 127 187 94 20 90 74 4 139 94  3.39621
2204 1 3 189 51 83 243 221 59 215 59 233 104 108 188 182 196 180 183 59 213 20 147 216 184 119 47 92 21 226 202 6 131 253  2.40517
2204 1 75 189 147 19 179 252 51 151 171 73 111 108 188 246 200 180 167 59 248 16 147 152 186 115 173 116 30 202 202 70 131 253  2.98084
2204 1 15 181 19 74 243 189 50 209 59 73 109 108 44 214 204 180 183 59 210 16 151 154 186 119 63 92 0 106 202 7 171 181  2.61388
2204 1 9 189 51 83 243 221 51 247 123 73 111 44 254 246 142 180 183 59 196 16 147 152 184 119 47 223 20 66 202 134 135 255  2.77259
2204 1 15 191 113 83 243 157 62 253 59 89 109 236 172 246 206 180 183 91 212 92 215 88 190 119 46 92 5 238 202 134 139 253  2.70306
2204 1 11 189 115 91 243 253 190 247 63 73 124 244 188 254 132 180 183 59 214 16 183 152 62 119 47 94 30 234 202 68 139 189  2.65926
2204 1 11 189 51 90 243 221 179 215 123 73 108 8 188 214 204 180 183 59 210 24 147 58 186 119 47 92 20 106 202 6 131 253  2.43326
2204 1 7 180 145 83 243 255 178 255 63 123 105 124 252 246 204 180 183 95 210 16 183 216 187 119 47 30 21 230 202 68 131 149  3.14656
2205 1 11 189 51 53 243 204 189 119 184 73 106 101 188 190 2 48 166 59 213 5 215 152 176 111 237 119 62 194 72 4 163 219  2.80925
2205 1 3 189 59 26 242 204 189 247 186 73 104 125 188 254 6 48 167 59 83 5 247 152 178 119 109 63 62 202 72 0 163 219  2.87351
2205 1 3 189 59 59 242 237 187 247 190 73 122 117 188 254 0 48 167 59 87 21 147 152 50 127 109 30 58 194 200 0 163 251  2.78062
2205 1 3 189 55 26 243 196 189 247 191 73 72 116 188 246 36 244 167 59 211 129 243 137 50 127 45 54 30 202 26 4 167 255  3.03136
2205 1 11 191 26 58 242 132 62 247 190 73 72 229 188 246 42 80 182 59 215 133 247 137 26 127 236 119 62 202 24 6 171 219  3.11227
2205 1 3 253 51 30 58 196 191 231 190 72 72 229 188 222 2 48 166 123 89 197 199 9 178 127 177 52 14 138 72 22 167 255  3.2378
2205 1 10 189 59 126 243 205 183 231 190 77 108 1 188 255 34 48 167 59 211 1 115 137 50 127 105 55 30 75 64 0 167 251  3.05761
2205 1 8 191 59 59 242 205 63 247 190 93 124 253 188 247 2 16 167 59 215 5 243 216 58 119 109 87 60 234 72 4 135 251  3.2571
2206 1 75 189 151 22 243 220 52 183 187 219 110 92 174 182 70 183 167 127 232 0 247 216 178 99 47 118 84 2 202 84 139 93  2.90955
2206 1 91 189 54 30 155 222 22 167 187 65 238 9 110 246 6 180 165 247 232 0 247 201 191 127 59 126 20 83 74 68 171 94  2.93746
2206 1 75 189 55 31 187 220 52 167 191 91 110 28 172 246 6 181 167 51 248 4 247 73 178 119 47 126 84 74 74 4 139 95  2.79688
2206 1 73 188 54 94 209 220 52 103 249 67 110 24 46 244 6 181 161 119 224 0 119 233 178 111 63 127 84 11 66 68 207 222  2.75672
2206 1 75 189 54 22 179 252 52 55 185 75 110 61 238 246 6 180 167 55 236 0 183 201 178 111 171 119 20 75 202 68 139 95  2.60369
2206 1 75 189 55 86 227 220 53 183 185 91 110 60 60 246 6 183 167 119 248 0 241 201 178 111 55 122 84 10 74 84 135 127  2.82178
2206 1 203 253 54 30 233 220 52 167 251 90 100 28 238 246 6 183 133 115 232 2 247 79 186 127 59 122 84 75 74 20 139 95  2.84731
2206 1 139 157 23 30 185 220 52 231 189 91 98 116 236 246 36 245 167 51 250 0 119 205 50 255 169 114 94 74 90 68 171 61  3.13499
2207 1 75 253 18 22 91 221 22 230 171 192 168 13 46 246 70 148 164 123 200 66 71 75 154 127 187 84 5 59 74 22 139 159  2.32279
2207 1 194 248 55 22 75 221 54 228 187 82 32 13 110 222 7 181 166 123 224 66 103 79 186 125 51 82 69 43 74 23 7 223  2.98578
2207 1 40 253 50 90 211 221 54 230 251 68 108 8 46 244 6 180 177 122 192 66 71 43 186 127 59 213 5 43 66 22 207 222  2.43612
2207 1 74 255 51 86 123 221 55 244 171 200 108 108 46 214 197 180 166 123 196 66 195 75 186 127 59 84 5 170 74 22 7 255  2.69934
2207 1 79 255 146 22 251 157 22 252 187 200 104 237 110 246 79 148 183 123 228 70 199 75 154 127 58 86 5 43 74 118 139 223  2.58032
2207 1 106 253 51 30 217 221 22 239 187 76 236 9 106 246 6 180 149 251 192 66 111 75 186 127 51 118 4 59 66 86 174 223  2.59696
2207 1 75 125 147 20 211 220 54 198 187 234 40 45 46 246 71 180 167 127 192 80 69 219 178 106 59 84 5 42 202 116 11 223  2.90955
2207 1 74 189 115 86 211 217 55 231 187 228 44 168 46 246 68 180 183 127 192 66 115 75 186 127 59 86 5 43 67 86 135 255  2.84731
2208 1 75 56 51 84 99 220 48 86 187 72 96 108 190 150 132 180 166 59 244 0 131 216 178 97 7 120 16 138 74 4 3 253  2.78466
2208 1 11 185 51 89 113 220 48 119 169 73 108 12 190 150 4 180 166 59 208 0 147 152 178 117 7 124 16 74 74 4 131 255  2.64156
2208 1 72 188 51 84 115 252 49 55 185 73 110 124 174 150 132 180 166 63 196 0 147 152 176 79 39 252 16 66 66 4 135 253  2.86033
2208 1 9 185 19 25 51 156 48 87 175 73 106 100 172 146 0 244 166 59 234 16 151 152 146 117 143 244 18 66 74 4 171 157  2.93276
2208 1 9 185 51 19 51 221 49 119 59 73 110 45 190 150 2 180 166 59 204 0 147 152 176 117 165 244 16 66 74 4 135 255  3.14076
2208 1 9 176 19 83 115 220 48 87 59 73 102 92 190 150 4 180 167 59 192 0 151 220 178 87 7 255 16 66 74 4 139 159  2.80099
2208 1 9 185 146 65 211 222 48 87 107 65 110 12 46 182 6 180 166 63 192 16 151 216 176 69 47 253 20 66 202 4 139 159  3.1881
2208 1 8 189 51 90 115 221 49 103 249 73 108 40 62 151 4 180 162 59 192 0 19 185 178 127 55 252 16 75 66 0 135 255  2.70306
1768 0 34 172 160 26 221 253 176 207 223 119 152 25 168 236 118 140 201 43 211 21 182 107 218 243 31 22 159 123 213 76 223 206  0
1768 0 50 237 34 154 221 209 150 236 159 4 248 11 40 204 126 128 217 251 195 211 78 43 74 255 59 84 143 123 81 31 254 206  0
1768 0 34 189 32 26 217 213 150 239 159 85 232 25 42 252 102 148 201 187 195 17 94 43 90 247 59 84 28 123 211 12 254 222  0
1768 0 38 183 224 155 253 177 186 239 31 117 217 191 200 236 126 132 223 11 211 149 182 122 78 247 62 86 159 255 223 78 159 215  0
1768 0 130 188 182 154 205 245 184 207 159 23 192 19 172 254 110 201 201 59 251 145 54 79 154 243 31 86 222 107 144 76 173 222  0
1768 0 22 175 174 186 219 241 190 239 190 87 216 179 108 238 62 0 255 251 251 151 118 75 14 255 184 71 159 235 149 86 175 222  0
1768 0 2 141 34 154 221 213 184 231 159 69 216 19 172 254 54 196 233 59 155 129 54 139 18 255 191 118 154 203 22 12 189 222  0
1768 0 2 189 43 187 255 229 185 239 30 77 92 179 188 255 62 0 255 59 147 145 178 58 58 247 111 23 158 235 149 76 181 251  0
2273 1 39 184 168 26 93 253 176 202 223 87 245 27 168 220 126 40 201 43 211 21 182 110 126 243 31 95 155 123 213 13 94 214  2.99074
2273 1 35 172 172 27 221 253 188 239 222 87 248 157 160 236 86 0 201 43 211 21 182 106 118 247 47 30 158 251 213 76 223 222  2.81759
2273 1 34 188 169 26 221 237 176 207 158 127 184 25 172 252 94 8 137 27 211 17 54 107 250 243 29 22 31 127 209 76 151 222  2.69563
2273 1 34 168 162 26 221 241 176 207 223 85 248 27 40 236 118 140 201 171 211 149 150 107 254 243 31 20 158 107 215 76 254 206  2.76462
2273 1 162 174 164 26 205 189 148 207 219 119 176 29 168 232 86 143 201 107 227 21 182 111 202 243 31 82 221 123 215 92 223 206  2.66643
2273 1 34 172 160 26 217 253 152 207 187 119 136 153 172 236 86 152 137 43 211 149 182 107 222 243 31 86 159 251 213 68 159 222  2.90042
2273 1 34 172 160 155 221 253 176 207 223 55 120 27 168 248 118 140 201 43 131 17 22 122 90 243 15 86 159 107 211 76 221 206  2.98084
2273 1 34 169 128 154 221 189 176 207 142 29 136 29 172 232 118 142 201 43 235 21 22 107 218 241 29 20 31 123 216 76 155 142  2.90498
2274 1 50 121 106 186 95 209 146 204 159 69 216 171 40 220 119 0 248 187 211 209 14 43 90 255 51 85 139 187 85 31 62 222  3.27677
2274 1 34 237 98 90 221 209 150 239 223 5 252 11 40 232 62 132 217 234 131 195 126 43 110 255 59 92 135 123 87 30 254 206  2.89589
2274 1 50 237 42 58 217 209 150 239 151 4 232 139 34 236 54 16 217 235 195 193 78 43 74 63 123 85 141 123 81 30 254 206  2.94694
2274 1 38 38 43 170 93 225 235 72 166 76 249 3 76 206 123 0 248 169 3 247 14 19 42 240 85 69 171 237 209 7 119 194  4.63049
2274 1 38 249 34 154 221 213 158 236 143 84 152 11 172 220 126 128 201 251 211 211 70 43 218 245 57 84 143 123 85 31 191 222  3.07369
2274 1 34 233 18 154 93 133 146 236 159 4 232 11 44 200 38 128 216 187 195 65 70 43 26 255 177 20 10 59 81 14 47 142  2.94219
2274 1 46 239 32 26 221 217 214 236 219 116 188 137 42 204 94 144 153 203 195 87 110 107 74 191 59 85 133 127 83 31 222 206  3.2378
2274 1 62 173 34 154 221 209 146 232 223 21 249 11 104 200 126 132 249 235 195 211 30 43 26 247 59 84 143 127 215 15 254 198  3.18206
2275 1 162 188 36 26 89 213 144 239 159 21 224 25 40 220 38 149 201 187 195 129 126 111 90 247 19 82 26 123 83 12 238 222  3.19418
2275 1 34 173 32 26 221 253 146 239 223 5 232 9 42 248 102 148 217 170 194 17 30 43 90 247 59 84 21 123 211 14 222 206  2.7181
2275 1 34 189 16 26 217 221 148 239 159 21 168 25 174 252 110 148 137 59 195 17 86 107 218 247 59 84 29 123 208 12 143 222  2.45632
2275 1 34 189 51 90 217 245 151 239 223 85 236 25 40 252 46 180 201 59 195 17 54 43 122 247 59 86 22 123 211 68 230 254  3.10109
2275 1 42 189 42 56 217 197 23 231 151 5 236 153 32 191 34 16 201 187 195 145 90 11 82 55 251 215 156 123 147 68 182 218  3.09555
2275 1 34 173 34 56 93 217 144 103 159 69 232 25 34 200 54 144 201 171 195 1 126 43 82 191 187 85 24 123 81 12 222 206  3.21265
2275 1 58 189 162 26 217 245 214 239 179 85 236 25 40 252 94 148 217 251 211 145 62 107 250 247 59 87 157 123 211 68 254 222  2.8647
2275 1 42 189 32 90 221 221 214 239 223 125 188 25 42 220 126 180 217 154 211 17 222 43 122 183 63 93 21 127 83 12 222 222  2.78466
2276 1 38 167 104 27 253 185 186 207 31 117 217 191 136 204 94 0 159 139 211 149 150 122 78 247 62 85 157 255 213 14 222 214  2.87351
2276 1 35 191 228 155 252 179 190 239 31 119 88 247 232 236 254 132 223 107 147 149 182 250 79 247 46 22 159 239 221 92 185 221  3.09004
2276 1 39 181 32 27 253 181 170 207 95 121 89 223 136 236 222 164 157 11 211 149 183 122 126 215 46 94 159 238 223 78 219 213  3.00578
2276 1 10 183 96 155 255 177 184 239 31 125 93 183 172 236 254 132 223 27 147 149 150 58 78 247 46 87 159 239 151 12 157 223  3.2003
2276 1 38 183 160 154 253 169 158 239 159 125 153 189 236 236 94 128 159 75 211 21 182 107 202 247 60 22 31 255 221 78 159 215  3.03655
2276 1 47 165 224 155 221 245 254 239 95 119 221 159 72 236 126 132 221 203 147 149 190 122 127 247 63 95 159 239 223 78 252 214  3.16415
2276 1 167 255 164 154 237 21 190 236 159 251 152 255 236 236 255 143 223 75 251 247 247 99 206 243 62 82 207 255 159 127 185 213  3.62122
2276 1 38 183 224 138 223 241 154 203 31 117 153 191 72 236 126 132 223 155 211 149 150 3 222 211 30 84 143 255 223 79 191 215  3.21888
2277 1 130 156 190 186 157 245 176 231 159 23 196 19 172 254 38 73 233 59 187 145 54 79 26 247 219 119 222 75 144 76 173 222  3.13499
2277 1 130 188 183 154 237 229 189 207 158 91 80 19 188 254 100 105 205 123 179 17 51 79 58 243 13 18 222 107 144 88 181 255  3.39621
2277 1 131 188 150 186 249 181 184 207 191 91 192 21 172 254 110 137 141 59 251 149 54 79 154 247 157 86 30 235 152 68 171 159  3.06294
2277 1 134 140 166 154 205 245 188 207 159 23 193 19 236 254 110 207 233 123 187 147 54 79 154 243 31 86 223 107 150 93 189 206  2.8824
2277 1 130 184 174 154 77 245 184 71 159 87 208 19 172 220 118 139 233 59 251 145 54 111 178 241 23 83 218 107 213 76 191 222  3.01593
2277 1 2 184 144 154 221 245 176 207 159 21 200 19 172 222 110 200 201 59 171 17 22 75 90 243 29 20 158 123 144 12 173 142  2.83022
2277 1 194 188 180 154 137 245 152 207 159 95 128 29 172 254 110 143 205 59 251 145 54 79 218 243 155 82 223 255 146 68 175 223  2.97593
2277 1 134 152 172 187 143 225 184 206 158 23 209 179 172 222 107 73 239 59 187 145 54 79 74 243 205 18 219 239 148 77 189 214  3.70908
2278 1 150 253 46 186 155 229 190 238 190 95 216 177 236 254 46 1 191 123 223 211 118 75 26 255 249 87 31 251 209 85 175 219  3.42652
2278 1 30 191 238 186 251 241 190 239 159 87 221 179 108 238 110 64 255 251 191 147 118 75 14 247 250 87 159 239 149 86 189 223  3.18206
2278 1 18 175 10 186 154 129 158 239 190 21 200 183 236 238 42 0 255 171 203 149 126 11 10 127 184 71 159 251 149 70 175 218  3.21888
2278 1 22 174 162 186 219 241 190 200 190 149 217 131 236 238 127 136 251 235 251 215 22 67 142 241 185 70 143 239 213 119 183 198  3.23145
2278 1 147 191 110 154 218 179 190 239 190 71 216 183 108 238 62 1 255 123 211 133 246 203 14 255 60 6 159 235 221 84 171 222  3.10666
2278 1 26 173 207 187 147 227 190 231 54 99 218 179 253 63 34 0 123 255 251 133 94 152 77 191 236 199 190 193 167 86 173 218  3.95024
2278 1 150 207 166 158 159 243 190 239 159 214 218 183 108 236 55 75 239 227 187 199 246 207 14 255 56 114 223 139 149 125 189 222  3.52337
2278 1 86 253 174 190 219 208 190 236 191 87 200 131 108 254 126 144 255 251 251 195 118 75 190 255 59 119 207 235 149 119 175 222  3.49003
2279 1 10 141 50 154 221 213 184 231 159 21 88 19 172 222 38 196 233 59 147 145 22 26 18 247 47 84 154 107 150 12 189 206  3.21265
2279 1 26 141 58 184 157 213 152 103 159 5 220 19 172 223 34 64 232 187 155 129 126 139 18 255 251 245 154 75 18 12 189 202  3.41885
2279 1 154 220 38 190 63 208 188 231 157 79 222 179 172 254 38 197 239 51 191 129 102 143 34 255 179 119 218 139 22 92 189 223  3.47377
2279 1 3 205 2 154 29 149 186 231 158 65 216 135 172 202 54 192 232 43 155 197 70 11 22 255 176 52 154 203 28 14 185 222  3.32424
2279 1 2 157 46 190 29 197 184 103 156 69 200 19 172 254 38 64 232 59 155 129 54 139 18 255 177 54 154 75 16 12 181 222  3.35958
2279 1 42 140 34 218 93 245 184 103 223 69 220 19 40 252 54 228 233 187 147 129 182 187 50 255 55 127 154 75 23 12 253 206  3.24419
2279 1 11 157 38 155 157 215 188 239 159 89 218 19 236 254 54 228 237 51 187 129 183 137 59 255 175 126 158 195 158 12 185 222  3.3668
2279 1 2 143 34 153 85 145 184 103 31 5 88 131 172 142 54 196 235 43 147 133 54 154 6 255 44 22 154 203 21 12 189 206  3.21888
2280 1 2 189 42 187 210 165 187 239 62 69 88 151 181 236 50 0 255 59 19 149 182 186 18 127 109 7 190 232 221 64 183 218  3.27017
2280 1 6 189 187 186 254 229 191 222 158 89 88 35 252 255 104 96 255 123 19 145 147 11 58 247 125 20 191 234 148 91 181 251  3.41125
2280 1 2 181 59 154 251 229 185 239 190 93 88 187 172 252 108 0 175 59 211 145 50 107 58 247 125 22 30 235 213 68 167 251  3.07911
2280 1 2 158 42 187 246 225 185 71 30 77 88 183 172 222 54 64 255 59 151 149 182 152 34 247 77 22 186 203 149 12 181 219  3.18206
2280 1 130 191 173 155 252 229 189 255 158 95 92 183 252 252 62 1 223 91 147 149 178 88 122 247 109 31 191 238 149 76 181 251  3.43424
2280 1 42 189 107 250 245 245 187 207 31 77 92 3 60 221 126 32 255 59 147 145 146 58 58 247 127 93 154 235 151 14 245 251  3.21888
2280 1 42 189 57 250 249 229 149 239 30 93 252 57 188 255 42 0 205 27 147 17 50 10 122 183 111 215 158 251 146 72 167 251  3.61192
2280 1 10 157 58 187 215 229 185 103 30 77 92 51 188 191 34 64 239 59 147 145 50 152 50 247 239 87 154 195 148 76 181 251  3.28341
5 0 73 63 230 85 112 30 110 55 121 202 126 236 251 32 150 180 54 110 116 12 229 248 165 110 38 127 116 128 75 244 202 221  0
5 0 57 109 98 69 81 159 230 244 113 224 236 12 99 72 151 180 56 236 64 110 205 186 244 47 54 124 5 0 107 182 74 204  0
5 0 1 239 67 15 112 159 238 116 124 72 122 196 243 64 148 180 54 44 70 110 197 184 5 127 36 60 32 128 73 130 67 141  0
5 0 127 123 98 6 106 27 222 248 105 232 188 237 75 236 151 182 62 229 212 231 205 99 172 108 50 89 37 190 111 183 74 213  0
5 0 41 185 115 65 112 223 243 117 121 72 124 108 58 157 148 52 62 186 86 72 195 186 52 127 103 221 32 160 75 130 66 253  0
5 0 61 127 107 69 114 30 111 112 113 232 126 236 91 5 151 52 62 236 84 238 201 176 165 78 118 237 33 128 111 183 66 241  0
5 0 27 63 106 4 114 154 58 112 57 68 126 237 41 142 150 148 54 173 213 228 196 155 164 111 50 109 32 131 111 134 47 221  0
5 0 45 243 96 64 121 159 210 248 107 236 188 237 74 204 222 180 158 204 196 110 207 50 236 29 62 93 37 254 75 135 74 213  0
2345 0 11 127 230 21 226 26 174 55 57 202 126 229 233 46 151 180 54 111 245 141 229 216 165 110 38 127 126 128 111 244 171 221  0
2345 0 73 57 118 69 96 30 100 55 105 232 102 76 186 48 150 180 166 36 116 12 197 248 181 76 38 123 112 2 74 164 75 221  0
2345 0 169 254 100 85 96 31 236 55 121 234 118 252 171 40 150 181 7 110 228 12 229 252 229 111 38 123 116 128 75 212 202 221  0
2345 0 201 127 230 85 96 30 110 54 121 202 102 204 123 34 151 183 54 228 124 110 229 220 165 110 54 123 101 128 107 244 74 93  0
2345 0 9 159 102 87 240 190 239 183 125 203 126 212 251 40 150 181 63 110 118 44 245 248 37 111 110 127 116 128 239 244 202 253  0
2345 0 105 46 226 69 113 58 96 19 121 235 110 236 42 32 150 180 55 238 228 12 133 248 165 74 6 126 16 2 203 228 74 221  0
2345 0 73 191 227 85 240 158 111 55 121 201 110 236 251 38 150 180 54 110 116 12 213 216 165 111 46 62 52 128 74 196 195 253  0
2345 0 105 191 224 69 240 26 102 55 121 232 126 236 235 32 150 180 22 110 228 108 245 248 229 46 46 127 37 128 107 246 202 221  0
2353 1 203 94 230 21 34 26 172 54 57 202 86 229 233 46 151 247 38 103 253 239 229 220 165 110 38 123 126 128 111 244 43 93  2.10784
2353 1 11 95 231 157 246 22 174 55 60 202 90 230 249 46 183 228 126 111 55 141 229 152 37 239 36 62 254 128 47 244 185 221  2.79688
2353 1 3 127 234 21 242 26 174 183 56 234 122 237 189 44 151 48 55 111 84 141 229 216 165 110 44 46 63 128 77 244 139 221  2.42475
2353 1 11 111 230 23 224 54 238 247 121 194 126 197 105 236 151 180 63 239 119 143 229 248 181 234 38 126 222 128 239 244 251 220  2.79688
2353 1 91 15 198 29 178 146 110 55 49 203 90 229 233 42 150 212 118 231 253 141 253 216 133 111 166 110 254 128 47 228 171 93  2.47694
2353 1 75 55 226 5 226 26 188 55 57 202 126 237 233 46 150 182 54 239 245 141 197 216 165 74 38 127 116 128 111 244 171 221  2.16282
2353 1 11 126 230 21 114 158 190 54 57 202 126 237 172 44 151 180 38 111 245 13 229 216 165 110 38 126 124 130 79 244 11 221  2.27789
2353 1 11 127 194 21 226 26 46 119 57 194 110 228 105 166 135 180 54 111 244 140 229 216 164 106 38 127 116 128 107 244 171 221  2.60369
2354 1 73 121 146 69 96 30 126 22 105 200 110 76 190 178 135 182 166 109 116 78 197 248 177 104 38 253 100 2 74 182 75 157  2.31011
2354 1 73 61 22 85 113 158 100 55 121 232 110 76 190 48 132 181 166 46 68 12 229 248 177 78 38 255 16 2 74 128 203 141  2.3618
2354 1 105 121 246 69 96 30 100 54 105 232 102 76 186 48 151 182 134 100 100 76 197 248 245 8 38 123 100 0 74 180 74 157  2.32024
2354 1 73 51 110 69 32 30 120 55 105 232 118 236 187 44 150 54 38 36 124 12 197 248 181 76 70 123 112 128 74 164 75 93  2.12653
2354 1 107 185 102 84 105 28 100 55 233 200 102 76 42 48 150 183 132 102 252 12 213 235 182 77 54 122 84 10 74 164 202 93  3.13499
2354 1 73 59 118 69 112 158 112 55 105 200 102 108 186 16 134 180 166 44 228 12 133 248 181 76 6 121 48 130 74 132 75 221  2.27789
2354 1 75 56 247 85 97 30 232 50 121 234 102 76 186 60 150 191 166 100 116 12 133 252 181 72 7 122 80 2 74 164 75 253  2.29016
2354 1 73 177 119 69 97 30 100 55 105 72 110 76 250 48 150 180 182 6 116 44 213 184 181 77 38 126 80 2 74 134 203 29  2.50409
2355 1 235 250 100 87 96 28 236 182 121 90 118 253 235 12 150 191 6 70 244 78 229 252 231 97 6 123 112 128 79 148 202 221  2.532
2355 1 235 254 100 85 97 31 244 55 121 234 118 252 234 44 150 183 135 102 244 12 229 252 229 47 38 123 116 146 75 244 202 221  2.09557
2355 1 169 126 101 85 96 159 237 54 121 234 118 252 187 12 150 181 6 110 84 12 229 252 229 46 38 123 112 128 74 148 66 253  2.23026
2355 1 137 254 118 85 98 155 52 55 121 74 118 252 170 36 134 181 39 110 196 12 229 252 165 111 38 123 116 130 75 212 203 221  2.15848
2355 1 169 182 108 21 112 27 116 55 121 111 118 253 171 40 150 149 23 14 196 44 244 252 101 15 102 123 112 193 107 132 202 221  2.22562
2355 1 235 238 100 85 96 26 236 55 121 226 118 220 235 40 150 183 15 230 244 172 237 252 229 111 38 122 84 128 79 244 202 220  2.43612
2355 1 161 126 228 85 224 31 228 55 123 234 116 252 162 40 215 191 15 110 102 12 229 252 229 42 6 26 117 160 75 244 202 221  2.08144
2355 1 169 239 106 85 96 159 236 119 121 74 118 236 171 40 150 181 14 106 198 12 229 252 228 111 38 123 116 128 79 212 202 205  2.7181
2356 1 201 127 103 85 32 30 111 54 249 202 102 204 251 38 151 183 38 100 124 110 229 220 181 110 38 251 100 128 74 244 75 125  1.8563
2356 1 201 255 102 86 226 30 110 182 121 202 102 236 123 102 151 183 55 230 116 110 229 220 189 111 54 123 101 128 107 244 202 93  2.29263
2356 1 203 110 198 87 32 30 110 180 121 194 102 204 235 98 151 183 54 228 124 238 229 212 165 110 38 126 69 128 106 247 74 12  2.10373
2356 1 217 127 70 5 50 30 110 55 113 234 102 236 107 34 150 183 54 228 236 110 237 220 133 78 182 235 101 128 107 180 74 29  2.03447
2356 1 219 127 230 84 33 30 126 54 241 206 230 236 107 38 151 183 38 230 236 110 237 205 165 110 50 123 68 131 107 244 74 93  2.15848
2356 1 201 122 226 85 96 30 110 20 121 234 102 236 123 34 215 190 54 236 100 78 229 212 165 106 38 123 101 128 107 244 74 93  2.12235
2356 1 219 78 102 29 2 22 108 54 113 194 230 196 105 34 151 247 38 230 124 238 237 221 181 111 54 107 242 128 47 244 106 92  2.59027
2356 1 227 125 231 69 96 30 110 54 121 234 114 204 123 32 149 183 54 228 116 110 229 248 181 110 38 58 101 128 75 244 66 61  2.05377
2357 1 11 143 230 29 180 190 236 183 117 99 94 215 249 40 150 229 127 238 55 141 189 248 101 239 46 127 254 192 239 204 248 220  2.65926
2357 1 9 191 102 85 240 190 238 55 125 203 126 212 251 40 150 180 63 46 86 44 181 248 37 111 46 127 52 192 239 196 202 253  2.01929
2357 1 13 191 246 87 181 191 254 255 127 235 126 100 251 249 223 164 55 110 246 14 215 248 175 239 110 95 37 130 239 246 203 205  3.17606
2357 1 137 143 110 93 176 158 111 55 116 74 126 244 251 33 146 113 55 110 116 172 241 184 37 111 102 239 116 128 111 240 234 249  2.35916
2357 1 167 191 231 87 240 190 239 247 125 202 126 220 120 104 150 181 63 110 118 46 245 248 61 110 46 62 117 128 207 244 194 253  2.34601
2357 1 169 151 108 95 240 158 238 191 119 75 126 244 251 104 158 53 63 206 118 44 247 248 109 127 110 127 116 192 239 196 202 221  2.58362
2357 1 41 157 127 87 241 126 127 183 121 207 126 24 123 61 150 181 55 246 244 44 245 248 53 111 111 127 116 128 227 244 198 253  2.68825
2357 1 41 31 102 31 212 183 238 247 84 202 94 198 241 104 183 229 125 110 50 175 245 248 125 239 38 47 246 128 223 252 248 220  3.24419
2358 1 99 42 194 5 112 62 232 19 123 225 106 204 10 160 215 182 54 236 96 12 133 250 197 72 14 62 21 160 203 228 74 156  2.84731
2358 1 105 126 210 84 112 60 98 18 121 202 110 108 42 162 199 188 55 110 196 12 133 242 164 74 6 254 48 0 202 240 74 157  2.59361
2358 1 105 50 226 69 96 62 112 18 121 239 126 237 43 44 151 188 54 108 228 12 133 240 165 72 6 127 48 128 203 228 74 221  2.36979
2358 1 121 38 198 85 49 58 96 35 113 195 238 252 107 32 134 180 50 230 236 12 173 248 165 79 6 126 80 3 107 228 74 12  2.6173
2358 1 105 44 226 69 113 62 96 19 121 227 110 76 42 32 150 180 49 238 96 12 165 248 245 74 6 126 16 0 203 228 74 204  2.39415
2358 1 107 62 226 69 227 58 116 23 121 239 110 236 106 36 134 182 39 230 228 12 133 250 165 74 54 126 84 131 235 244 202 93  2.57046
2358 1 9 62 210 85 115 186 34 82 121 202 106 236 42 160 135 188 55 110 228 12 165 248 164 106 6 126 17 2 203 229 75 157  2.40795
2358 1 41 38 226 65 240 58 96 23 121 233 126 252 11 32 150 180 55 174 196 28 149 248 229 78 14 127 48 64 235 196 202 133  2.45632
2359 1 73 191 227 69 240 158 111 55 121 201 126 236 251 36 150 180 54 110 116 12 213 216 181 111 46 126 36 128 74 134 195 253  1.78976
2359 1 67 181 227 69 240 30 111 55 113 201 110 204 121 38 150 180 54 238 116 172 241 216 181 79 46 46 52 128 107 228 226 253  2.20727
2359 1 65 127 251 85 240 142 47 55 120 200 110 236 187 166 133 48 54 110 84 12 225 216 164 111 36 62 52 128 72 240 195 253  2.20048
2359 1 73 191 82 69 240 158 108 55 121 73 110 236 187 34 134 180 54 46 100 12 213 216 165 79 46 126 52 192 74 132 203 157  1.99326
2359 1 75 191 99 23 176 158 111 55 61 73 78 196 253 38 146 244 54 110 124 140 213 152 165 111 174 127 54 192 42 196 163 125  2.44185
2359 1 67 189 227 86 240 156 111 183 121 200 110 76 122 246 150 182 54 110 116 76 213 216 180 111 46 62 4 130 74 246 194 125  2.24904
2359 1 73 191 103 85 48 158 106 55 113 233 110 236 251 38 150 244 22 238 124 12 189 216 229 47 46 127 52 192 106 132 194 125  2.49799
2359 1 73 191 115 87 240 158 127 55 121 77 110 236 251 39 130 180 54 126 196 12 241 152 165 111 102 255 52 128 98 196 199 249  2.41631
2360 1 41 47 224 5 240 26 238 55 113 232 126 236 227 40 150 180 30 238 68 45 253 248 229 14 46 127 37 128 111 230 218 221  1.97328
2360 1 105 127 240 69 240 30 102 53 105 232 126 236 251 32 151 182 22 110 100 110 197 240 229 40 38 253 37 128 74 246 202 157  2.09761
2360 1 105 191 232 69 240 27 118 183 115 238 62 237 235 44 214 182 23 238 228 12 244 248 229 46 110 95 53 177 235 244 202 221  2.3279
2360 1 121 191 230 5 176 26 70 183 113 232 238 237 107 32 150 180 22 230 236 108 253 248 229 47 46 127 36 144 107 246 202 93  2.18703
2360 1 105 183 64 69 240 30 110 63 121 232 126 236 203 32 150 180 22 78 100 44 245 248 229 14 46 255 37 196 74 166 202 21  2.22331
2360 1 105 191 242 71 242 30 118 183 123 232 126 108 106 240 199 180 55 110 228 76 213 248 172 106 46 127 37 162 203 246 202 221  2.5672
2360 1 109 191 192 87 240 58 102 191 115 234 111 236 107 96 158 180 23 238 228 46 245 250 237 46 46 126 37 160 235 246 202 157  2.72571
2360 1 73 255 82 69 240 26 102 183 121 168 110 236 235 34 132 180 54 110 196 108 229 248 133 46 46 255 37 0 106 246 202 141  2.33562
2346 0 41 105 66 68 81 159 98 112 97 192 236 76 34 128 149 180 24 236 64 110 205 178 244 12 54 124 0 0 75 182 74 140  0
2346 0 45 109 96 69 85 31 230 248 113 226 252 76 99 104 151 180 24 236 66 110 237 178 125 46 54 94 5 48 111 255 90 140  0
2346 0 121 109 98 70 81 158 70 52 113 192 238 12 107 96 150 180 48 228 68 110 205 186 245 47 50 253 4 0 107 182 74 12  0
2346 0 57 109 98 76 81 223 86 244 113 196 236 8 107 220 23 180 56 236 196 106 204 187 180 47 115 253 5 11 99 182 110 206  0
2346 0 41 237 96 71 81 159 230 245 115 224 108 12 35 72 150 180 24 238 64 110 207 186 252 63 46 92 5 48 107 150 202 140  0
2346 0 51 205 98 78 85 151 238 236 85 64 252 6 99 200 182 164 120 234 18 239 237 186 124 191 50 108 132 0 127 190 122 204  0
2346 0 37 109 226 71 209 159 230 208 121 224 108 76 106 224 215 180 56 236 64 94 133 242 188 106 62 28 5 32 203 247 74 196  0
2346 0 56 111 98 5 81 155 230 100 113 164 236 137 35 8 23 148 56 236 192 110 204 186 196 46 54 77 5 33 99 182 78 204  0
2425 1 57 105 82 68 81 159 102 96 97 128 232 72 98 208 133 180 56 236 64 106 77 179 176 12 51 252 0 2 75 178 74 140  1.84833
2425 1 41 105 66 69 81 159 98 48 97 224 238 76 163 0 150 180 24 172 68 108 205 186 245 12 38 252 0 0 75 134 74 140  1.49388
2425 1 33 105 99 69 80 159 231 116 97 192 110 72 51 0 149 180 56 236 66 110 201 186 244 44 55 44 0 0 107 178 66 172  1.68067
2425 1 105 104 98 68 65 29 224 64 105 224 100 12 34 136 151 180 24 172 64 76 205 246 244 8 22 120 0 40 75 164 74 140  1.80181
2425 1 49 105 66 12 80 158 106 96 97 192 232 204 99 194 149 180 56 236 64 238 205 147 148 77 48 44 0 8 105 182 106 140  2.26577
2425 1 41 97 2 4 81 159 66 112 97 200 232 76 98 192 22 148 152 172 64 110 205 179 212 12 50 124 1 16 75 38 74 212  2.26818
2425 1 105 105 66 68 81 158 98 80 97 192 238 76 43 128 151 180 56 236 192 110 141 178 180 76 54 124 0 0 107 183 74 156  2.01553
2425 1 97 105 82 76 89 157 102 100 233 192 232 76 42 144 149 180 136 232 64 78 197 43 246 109 54 56 0 58 75 54 74 140  2.06357
2426 1 189 100 102 69 85 31 238 248 113 226 247 204 67 104 159 181 56 204 82 238 237 246 125 14 54 110 197 4 111 247 122 132  2.26577
2426 1 37 111 96 5 212 27 230 236 113 224 250 205 99 104 151 180 24 236 66 111 205 178 109 46 38 30 133 52 111 255 90 204  2.07346
2426 1 45 109 96 69 85 31 198 248 113 224 252 12 99 72 151 180 24 236 66 110 205 178 125 62 54 93 5 48 107 191 90 196  1.81247
2426 1 45 109 115 71 116 31 230 240 113 232 124 76 115 120 149 180 24 236 70 110 205 178 237 46 38 220 37 32 75 251 90 172  2.27546
2426 1 45 109 96 79 84 31 238 248 117 224 124 76 115 104 151 180 24 236 82 110 237 178 125 63 38 79 37 0 111 255 90 204  2.33304
2426 1 53 37 66 69 85 31 226 120 117 224 249 76 67 72 151 180 56 172 66 110 237 178 93 30 54 14 1 48 107 175 90 132  2.49799
2426 1 161 108 100 69 77 31 198 124 113 226 244 76 98 40 151 181 24 236 66 110 237 246 245 14 38 90 69 48 75 252 90 204  2.17595
2426 1 45 109 224 69 209 31 198 254 113 226 252 76 99 104 151 180 25 238 84 110 237 242 253 46 62 94 5 52 107 247 90 220  2.39965
2427 1 121 125 82 70 81 30 102 180 113 192 110 76 123 96 135 180 52 236 68 110 205 186 180 47 50 253 5 0 107 182 74 28  1.94666
2427 1 121 237 102 79 81 158 102 52 113 64 238 76 123 112 150 180 48 230 68 110 237 186 117 47 55 255 0 0 107 166 106 12  2.32279
2427 1 123 109 102 7 17 30 110 52 113 224 238 141 107 98 151 180 48 228 252 238 237 218 245 46 178 111 5 0 107 182 106 92  2.23026
2427 1 113 239 66 78 80 154 70 245 113 128 238 204 99 96 148 180 56 238 68 238 205 186 164 47 50 236 36 0 107 178 234 12  2.22101
2427 1 121 173 98 5 81 158 102 55 113 64 238 12 115 32 150 176 56 238 68 108 205 186 245 47 118 237 32 0 107 134 202 76  2.45924
2427 1 121 37 98 68 81 30 66 119 113 224 238 12 75 32 150 180 48 172 196 44 189 186 181 14 50 255 0 3 107 164 74 12  2.54148
2427 1 121 237 98 70 17 158 70 164 225 192 238 12 107 96 150 180 48 230 108 110 205 171 181 47 50 124 4 16 107 182 74 76  1.93275
2427 1 249 105 98 68 65 30 70 52 97 192 230 12 107 8 151 181 56 228 68 110 237 182 245 45 50 249 0 16 107 182 74 76  2.20955
2428 1 123 105 98 76 89 223 86 100 225 196 236 8 42 220 23 180 152 236 196 106 204 171 244 45 51 125 0 27 99 54 110 206  1.93275
2428 1 57 109 114 68 83 223 118 96 113 128 238 8 106 216 7 180 56 236 192 106 76 179 176 46 51 253 1 3 99 55 106 142  2.04988
2428 1 57 105 106 108 81 222 127 116 113 196 236 8 59 221 23 48 56 236 81 238 204 187 180 47 115 237 4 9 99 182 102 234  2.14132
2428 1 185 125 114 92 81 223 86 228 249 192 236 8 42 216 7 180 184 248 192 98 237 171 178 127 51 221 5 59 75 54 74 142  2.38869
2428 1 56 237 98 78 81 219 86 228 113 68 236 9 107 200 22 180 56 234 196 98 76 187 44 63 115 253 4 11 99 150 238 206  2.10784
2428 1 185 109 106 78 81 223 71 120 113 196 228 8 107 204 151 52 56 232 196 110 236 179 60 63 115 233 1 9 99 183 110 236  2.08144
2428 1 121 125 106 86 209 223 87 246 113 230 236 8 107 253 151 180 56 238 196 106 236 251 188 47 115 255 5 35 99 246 78 254  2.27303
2428 1 56 125 106 108 89 159 86 246 113 204 236 13 43 221 7 144 152 232 196 102 204 171 240 63 115 253 5 59 107 182 78 222  2.51331
2429 1 33 237 64 77 85 159 198 231 115 96 232 76 34 8 150 180 152 234 66 76 207 186 84 63 38 28 5 50 75 30 218 140  2.06554
2429 1 163 233 98 87 81 159 238 229 121 224 100 12 43 8 150 180 40 238 64 76 231 250 244 127 46 88 5 32 75 148 202 204  2.50104
2429 1 41 237 104 65 208 159 230 245 114 224 108 12 51 8 150 48 24 238 64 108 223 186 244 63 110 77 37 96 107 130 202 204  2.17375
2429 1 41 233 96 71 113 159 102 188 115 232 108 76 243 72 150 180 24 238 68 110 207 248 253 61 38 93 5 48 75 182 74 140  2.23493
2429 1 41 237 97 71 81 223 71 252 115 224 108 8 115 68 148 180 24 236 80 110 203 186 252 63 47 92 5 48 99 150 66 252  2.04407
2429 1 41 253 65 67 209 159 102 253 113 224 104 76 107 64 148 180 56 238 64 110 253 186 252 63 46 92 5 96 107 150 202 156  2.17156
2429 1 41 237 64 78 89 157 70 252 115 96 108 12 43 192 150 180 24 234 192 78 207 58 252 63 54 221 5 57 107 150 202 140  2.24668
2429 1 41 173 96 67 213 159 230 255 119 97 108 12 99 104 150 180 24 138 66 108 222 186 125 63 46 93 5 101 107 142 218 140  2.1099
2430 1 51 205 102 95 85 146 238 230 117 194 238 130 97 232 183 165 120 238 18 239 236 186 45 239 54 46 199 1 103 246 122 204  2.75672
2430 1 51 237 98 14 92 147 198 236 87 68 248 143 99 200 54 128 88 234 66 239 206 187 76 63 48 12 133 57 117 30 122 204  2.28033
2430 1 51 205 98 143 213 151 238 236 87 192 216 199 97 232 55 196 120 234 19 239 237 186 93 255 62 110 143 0 63 190 248 204  2.82178
2430 1 179 205 34 94 93 151 198 236 221 64 232 8 106 216 54 180 216 234 82 239 237 171 126 255 51 124 134 26 91 30 122 140  2.60032
2430 1 59 237 98 78 85 151 238 244 117 64 252 134 105 200 182 180 120 234 146 239 205 186 60 255 50 124 132 0 111 150 250 220  2.471
2430 1 49 77 99 76 84 151 239 228 117 64 248 2 113 200 181 52 120 232 18 238 233 187 52 127 51 44 130 0 117 186 114 172  2.47694
2430 1 57 141 98 77 85 159 238 103 85 64 252 14 35 8 182 164 120 170 18 237 237 186 117 191 54 76 128 1 127 142 250 140  2.42193
2430 1 57 205 98 78 85 151 207 252 85 64 252 70 115 72 183 164 88 232 22 239 237 178 125 191 50 109 133 0 127 191 120 252  2.50104
2431 1 165 125 99 70 209 223 231 244 121 224 108 12 122 244 213 180 56 238 80 110 225 250 188 110 63 28 5 32 75 247 66 252  2.40517
2431 1 61 109 210 71 211 31 102 240 121 224 110 76 74 224 207 180 51 236 64 126 229 242 188 110 62 94 5 38 235 247 202 132  2.5164
2431 1 39 109 227 70 81 158 238 192 121 192 233 76 104 224 149 180 56 236 80 238 133 243 188 106 55 60 5 8 75 247 98 228  2.60707
2431 1 33 105 226 5 80 159 230 196 123 224 104 76 34 168 215 180 184 108 64 92 197 250 148 106 62 28 5 32 73 54 74 140  2.58694
2431 1 39 40 226 65 209 191 234 192 123 225 108 12 11 200 87 188 57 236 82 92 135 242 188 98 31 92 5 100 203 247 74 196  2.44185
2431 1 45 61 226 68 209 191 102 214 115 224 108 204 42 160 215 180 60 238 192 92 133 250 180 106 62 92 5 34 235 247 74 220  2.72953
2431 1 109 104 226 86 65 188 98 80 121 194 102 12 106 192 215 188 48 236 96 78 133 246 182 106 22 124 1 40 235 247 74 196  2.73722
2431 1 37 105 226 71 209 31 230 208 121 224 108 76 82 224 215 180 24 236 64 126 133 242 252 42 46 28 5 32 203 247 74 132  2.2976
2432 1 120 111 104 5 81 91 70 100 113 228 236 141 35 12 23 148 24 236 192 102 236 250 228 46 54 77 5 49 99 182 78 222  1.98595
2432 1 56 111 98 5 85 155 194 100 101 164 236 137 35 8 22 148 56 172 194 109 204 186 69 31 54 77 1 49 103 142 90 204  1.97688
2432 1 57 239 106 5 80 155 230 103 112 196 110 141 35 40 22 16 56 238 64 77 204 186 132 47 118 109 4 1 97 150 202 204  2.35125
2432 1 56 107 66 5 81 155 98 96 113 164 238 137 43 128 7 148 56 236 192 76 76 186 132 46 54 237 1 33 99 166 74 140  1.81554
2432 1 184 110 102 21 65 27 238 230 113 166 230 137 107 40 151 149 56 236 192 238 236 254 197 46 54 107 69 1 99 180 106 204  2.31011
2432 1 48 107 106 69 80 155 231 100 97 164 236 137 35 136 151 16 56 236 64 110 204 186 228 46 118 12 5 33 97 178 70 204  2.07545
2432 1 56 104 226 5 65 91 226 64 113 228 230 137 35 8 23 148 56 236 192 207 140 242 229 8 22 73 1 33 103 183 94 204  2.57702
2432 1 56 175 98 5 209 27 230 231 113 164 238 141 99 40 22 148 56 238 192 108 220 250 197 46 62 77 5 49 99 246 222 204  2.31516
2347 0 3 207 67 143 116 135 238 117 92 64 90 198 241 200 180 96 126 42 18 237 229 184 5 255 36 46 170 128 29 138 113 140  0
2347 0 33 239 97 79 116 159 238 188 124 104 122 204 243 64 148 180 30 108 86 110 193 184 109 63 36 28 33 128 77 154 82 189  0
2347 0 1 235 82 69 112 159 98 53 109 72 106 76 187 0 148 180 54 44 68 108 197 184 5 93 38 188 32 0 74 130 75 141  0
2347 0 1 175 67 79 242 139 239 247 116 64 122 228 113 96 148 48 62 170 70 236 243 184 37 127 44 44 36 192 109 130 226 173  0
2347 0 3 255 67 15 114 158 174 244 124 72 122 228 253 66 148 180 54 43 86 239 199 152 45 127 36 60 42 128 77 150 163 157  0
2347 0 33 107 66 9 112 155 234 96 124 0 120 204 163 200 148 180 58 40 66 76 135 184 4 127 36 28 32 0 73 130 75 140  0
2347 0 1 111 83 69 112 138 111 52 124 72 122 228 243 3 144 48 54 44 70 110 193 184 5 111 36 172 32 128 104 130 67 169  0
2347 0 1 127 19 7 112 143 166 112 120 200 122 236 246 192 133 48 182 109 68 110 197 176 132 111 36 60 33 128 72 178 67 157  0
2497 1 17 207 67 143 22 130 238 244 84 64 218 198 113 194 176 96 126 232 22 239 205 187 5 255 176 44 170 128 61 186 112 136  2.60369
2497 1 3 143 67 137 118 131 170 119 92 65 90 230 181 202 180 96 126 43 23 141 151 184 5 223 44 44 170 192 29 138 177 157  2.60707
2497 1 1 143 70 141 52 150 238 55 84 64 218 198 241 32 180 228 120 174 46 141 237 184 69 255 36 46 178 128 61 136 248 140  2.96133
2497 1 163 78 71 31 100 135 238 112 116 66 243 214 113 200 180 225 124 168 18 239 229 182 69 127 52 42 234 128 93 164 122 148  3.04178
2497 1 3 203 3 143 84 149 174 101 204 64 88 198 160 200 180 228 252 43 18 205 199 186 22 253 36 60 138 136 93 14 121 140  2.90955
2497 1 131 207 70 159 212 147 174 237 92 66 90 198 225 232 188 228 127 106 18 239 245 184 13 255 44 46 143 128 93 254 249 140  2.93746
2497 1 1 203 75 205 116 130 234 117 84 0 90 198 177 3 176 96 126 168 18 236 193 184 5 221 36 44 170 128 61 138 113 168  2.8824
2497 1 3 205 103 79 116 135 239 117 92 64 90 198 241 76 180 100 126 42 18 239 225 184 53 255 36 46 170 128 93 138 113 252  2.4651
2498 1 33 255 113 79 112 159 238 252 124 72 120 76 242 80 148 180 30 104 86 110 193 184 125 127 36 28 37 128 75 146 67 189  2.22794
2498 1 33 175 97 5 116 159 230 55 124 104 122 204 243 8 148 176 28 46 86 109 245 184 101 31 44 30 33 240 77 138 210 157  2.78466
2498 1 33 239 65 79 116 139 238 252 118 96 120 204 243 64 148 180 94 136 70 110 203 186 109 63 36 12 33 160 125 138 82 172  3.00074
2498 1 161 78 101 79 100 31 239 52 124 74 114 68 243 64 149 181 28 108 86 110 225 180 117 63 36 58 96 0 77 187 82 172  2.7068
2498 1 33 239 97 15 112 143 239 188 124 72 122 204 243 68 156 52 30 106 86 110 195 184 109 63 36 60 36 128 77 150 66 253  2.48891
2498 1 33 107 97 69 116 139 234 48 108 232 122 236 243 0 148 180 30 44 70 110 193 184 101 29 36 60 33 128 77 138 82 189  2.52573
2498 1 37 231 65 71 116 31 238 184 124 232 123 204 211 64 157 180 30 76 70 110 197 176 109 63 36 28 37 132 77 179 90 133  2.3279
2498 1 33 207 97 79 116 143 239 248 84 72 120 230 243 72 189 36 94 104 22 110 193 178 109 63 36 12 33 128 125 187 82 173  3.1881
2499 1 1 167 67 1 48 155 96 55 125 105 106 236 163 0 148 180 22 46 76 12 149 184 69 31 36 60 32 192 74 132 75 221  2.45632
2499 1 9 42 82 73 112 190 106 18 125 9 106 68 191 2 148 180 54 44 70 28 135 184 5 95 6 188 32 64 74 130 75 141  2.31264
2499 1 1 227 80 69 112 159 98 49 105 40 122 76 179 0 148 176 150 44 68 108 197 184 197 93 38 156 32 0 72 130 75 141  1.86594
2499 1 9 227 70 13 48 158 110 53 109 72 110 204 235 0 150 180 54 36 76 108 197 184 37 93 38 120 32 128 74 134 75 13  2.36712
2499 1 9 239 82 79 112 159 102 117 125 8 110 76 251 64 132 180 54 42 70 110 197 184 5 127 38 253 32 0 74 130 203 141  1.99694
2499 1 65 107 22 13 32 158 98 48 237 72 98 68 234 192 148 244 160 36 108 76 197 185 135 109 36 56 0 0 74 130 107 13  2.60032
2499 1 1 33 67 5 112 31 96 53 108 64 106 76 147 0 148 180 50 44 64 44 197 184 21 77 36 60 0 0 72 130 203 140  2.27789
2499 1 1 121 83 69 112 158 102 52 109 72 106 76 187 18 148 180 54 44 70 110 193 184 53 109 38 188 32 0 74 146 75 173  2.01365
2500 1 1 175 67 73 242 139 238 119 116 1 122 228 49 0 148 180 62 170 66 204 211 184 5 127 44 44 38 192 109 130 226 172  2.25142
2500 1 5 175 99 75 242 139 175 249 116 64 121 228 113 192 156 48 62 42 86 254 243 184 44 127 44 12 39 192 109 130 227 165  2.68458
2500 1 33 175 107 13 80 143 235 119 116 64 122 196 115 0 148 48 62 170 70 172 249 184 37 95 36 44 32 192 105 130 226 252  2.45924
2500 1 3 175 99 79 242 138 171 119 124 73 122 228 113 96 148 52 54 46 86 236 147 184 37 127 44 44 32 192 109 130 227 253  2.35916
2500 1 1 143 106 79 242 139 239 247 116 72 126 228 115 96 150 48 62 170 70 236 245 184 37 63 108 47 36 192 109 130 226 201  2.62417
2500 1 33 175 90 79 242 139 110 253 52 0 104 228 99 227 136 16 62 170 70 236 82 154 12 127 62 172 36 64 105 130 234 137  3.03655
2500 1 1 175 83 71 242 139 167 247 124 64 122 236 115 96 148 52 62 110 70 108 241 184 45 127 44 46 36 0 105 130 195 173  2.59027
2500 1 129 239 71 31 210 139 238 231 124 2 122 212 113 96 148 145 59 238 66 238 245 252 13 127 44 46 116 128 109 208 227 140  2.95172
2501 1 3 255 83 79 114 158 175 244 124 72 122 228 253 214 148 180 54 107 86 238 195 152 61 127 36 44 38 128 73 146 35 189  2.21183
2501 1 3 255 83 31 114 153 174 244 125 72 120 228 236 194 148 180 54 107 198 78 199 184 12 127 38 60 38 130 79 150 43 157  2.61388
2501 1 3 255 67 29 114 138 174 118 60 64 122 228 189 2 148 180 54 43 86 205 225 152 5 127 36 46 58 128 77 148 35 157  2.41631
2501 1 3 183 99 11 114 159 170 119 124 73 122 228 189 6 148 180 54 43 86 141 215 152 37 127 44 60 42 192 76 134 131 253  2.10579
2501 1 7 247 67 3 114 159 174 248 124 72 123 228 217 74 156 180 54 13 86 239 199 144 13 127 36 12 43 196 77 151 171 149  2.30009
2501 1 131 223 103 15 50 158 174 117 124 72 122 228 249 76 150 181 62 43 86 239 229 184 37 127 36 58 42 128 77 150 163 221  2.38869
2501 1 67 207 71 15 48 142 46 180 44 72 90 196 253 66 144 244 54 103 124 239 197 152 5 109 164 60 42 128 12 150 43 29  2.29263
2501 1 3 235 3 14 112 140 174 244 172 72 104 196 252 194 156 176 182 107 86 207 199 10 142 125 36 60 42 136 72 150 35 221  2.7181
2502 1 161 46 70 25 112 155 224 98 124 64 114 220 227 72 150 181 58 40 66 44 165 252 69 95 4 26 32 64 73 132 75 132  2.8647
2502 1 3 34 66 1 112 155 234 64 126 33 121 204 139 136 148 148 62 40 70 29 151 184 132 87 12 28 32 224 77 134 75 132  2.50715
2502 1 33 107 74 9 112 139 234 100 124 0 120 205 163 136 150 16 58 40 70 77 198 184 68 63 36 12 32 0 77 130 74 140  2.22794
2502 1 35 239 66 9 112 155 174 103 124 64 120 204 170 136 150 180 58 42 66 77 199 184 4 127 36 28 0 0 73 134 203 140  2.26818
2502 1 161 105 83 93 112 159 234 96 252 0 112 72 50 200 148 181 58 40 66 110 229 190 4 125 52 24 0 0 73 128 99 140  2.7068
2502 1 33 235 67 8 82 137 162 96 108 0 104 204 32 192 148 144 58 169 66 69 199 187 6 125 52 4 0 40 73 2 99 140  2.68825
2502 1 33 43 67 75 112 159 234 80 124 8 121 76 179 192 156 180 24 40 66 78 135 176 108 125 4 28 32 64 73 131 74 132  2.68825
2502 1 1 43 66 9 80 155 234 64 108 0 106 196 161 194 148 180 56 40 66 204 135 184 4 125 36 44 2 0 73 130 107 140  2.54148
2503 1 1 107 67 69 114 138 107 116 52 0 122 228 177 3 144 48 54 172 70 236 193 152 5 79 36 172 34 128 105 130 99 169  2.22331
2503 1 129 79 87 69 112 138 239 52 124 8 114 228 243 0 149 49 54 108 70 110 225 180 37 111 36 170 32 128 109 178 67 169  2.49496
2503 1 1 111 83 71 50 138 110 52 124 8 106 228 255 67 128 180 54 108 68 110 193 152 133 111 164 172 32 128 104 146 3 169  2.23026
2503 1 1 123 107 69 112 142 111 52 108 72 122 196 177 7 144 48 54 44 84 108 193 152 53 109 100 40 32 128 72 130 67 249  2.67728
2503 1 1 111 91 101 112 143 107 48 108 72 126 196 243 1 144 48 54 44 70 110 193 184 37 45 100 173 32 128 104 130 67 169  2.33047
2503 1 33 111 66 39 112 139 102 117 116 0 122 236 243 1 144 16 58 172 70 110 192 184 69 47 100 172 32 0 105 130 66 136  2.81341
2503 1 1 255 83 69 112 142 111 54 124 72 122 100 191 19 128 52 54 46 70 108 193 184 49 111 36 188 32 128 72 130 67 185  2.60707
2503 1 1 143 83 77 48 142 107 55 124 73 122 228 243 33 144 112 54 46 70 44 145 184 37 79 36 190 34 192 76 128 67 169  2.97593
2504 1 1 127 19 7 112 143 230 112 120 200 106 76 246 208 133 176 182 108 68 110 197 176 148 111 36 60 33 0 72 179 67 157  2.06357
2504 1 1 255 19 15 112 141 182 244 120 72 120 236 190 192 132 16 182 107 68 70 199 184 128 127 36 60 32 130 72 146 3 157  2.67003
2504 1 129 127 23 95 96 142 174 112 252 202 114 68 254 216 149 49 182 109 86 110 229 180 20 110 36 58 98 128 72 179 99 157  3.09555
2504 1 1 51 3 5 112 15 170 48 104 232 123 237 215 72 148 16 182 109 68 111 197 176 133 76 36 60 33 128 72 166 3 213  2.66643
2504 1 65 107 87 14 104 138 166 112 232 200 250 236 114 192 149 48 182 101 110 110 197 163 134 109 52 56 32 136 73 178 99 141  3.09555
2504 1 1 127 83 7 114 139 166 48 120 200 122 236 247 64 133 176 54 109 68 110 197 176 133 111 36 44 33 128 72 178 3 157  2.45632
2504 1 1 123 83 5 114 143 166 244 104 232 112 236 182 128 133 48 166 109 68 78 197 248 132 109 36 8 37 160 73 146 67 157  2.76462
2504 1 1 127 19 14 114 143 38 248 184 200 104 236 118 194 129 48 54 105 70 110 193 147 140 127 52 36 37 168 72 179 3 153  2.82599
2348 0 223 123 102 6 43 30 94 240 169 200 166 237 106 238 151 183 182 229 252 231 205 195 174 108 178 122 69 154 107 183 42 93  0
2348 0 127 239 96 7 250 27 206 248 123 226 188 237 75 108 223 180 63 205 212 239 237 114 237 126 62 94 37 180 111 247 74 213  0
2348 0 63 127 98 14 122 147 222 248 37 204 252 239 105 204 183 180 126 233 215 231 205 163 46 255 50 93 175 191 127 183 122 213  0
2348 0 127 126 226 4 99 26 254 208 121 234 252 237 75 236 215 182 62 237 213 231 205 243 172 106 50 93 5 171 111 247 106 213  0
2348 0 127 121 106 68 107 95 223 248 105 236 188 173 75 92 151 55 190 245 213 103 205 99 252 76 115 89 37 191 111 183 78 215  0
2348 0 255 123 102 68 106 26 78 184 97 232 182 236 75 108 151 183 54 228 252 238 205 227 237 104 50 121 101 148 111 183 74 85  0
2348 0 103 115 98 4 106 27 190 88 107 232 176 237 74 204 215 182 62 237 212 103 197 115 172 72 54 24 37 190 79 183 75 213  0
2348 0 125 123 106 6 122 153 86 240 233 236 188 237 107 204 135 144 190 229 196 102 204 99 172 44 50 89 37 187 107 183 74 221  0
2569 1 115 123 98 14 41 28 94 252 169 200 168 205 106 238 151 182 182 229 253 231 205 67 158 109 178 120 13 154 75 183 42 93  2.25857
2569 1 215 109 102 30 11 22 206 224 249 194 210 141 104 236 151 183 62 229 253 239 237 199 191 238 50 122 207 154 111 247 106 92  2.68458
2569 1 127 121 103 4 11 94 94 248 161 200 174 173 106 246 135 182 54 229 252 230 205 195 190 108 51 122 69 155 107 183 42 85  2.59027
2569 1 215 123 99 30 42 216 30 248 185 200 224 236 110 214 133 181 54 245 220 230 225 71 174 127 176 120 37 186 75 183 35 125  3.17009
2569 1 95 123 66 38 43 30 94 176 169 200 174 237 111 198 135 182 182 229 236 102 205 195 172 104 178 249 37 154 106 183 10 85  2.42193
2569 1 207 123 118 86 107 28 62 240 233 200 166 236 106 214 135 183 166 229 252 110 197 67 190 104 50 120 69 138 74 183 43 93  2.57046
2569 1 255 127 102 22 43 26 94 224 233 206 182 173 106 236 151 183 166 229 236 103 237 231 166 108 50 123 69 155 107 247 106 93  2.3076
2569 1 223 123 102 38 42 30 126 240 169 200 182 237 111 110 151 183 182 229 253 231 237 195 173 108 178 123 109 146 111 183 43 85  2.26096
2570 1 111 127 224 71 232 27 206 184 115 234 188 236 75 108 223 182 31 204 212 110 205 114 237 42 62 93 37 180 111 247 74 213  2.25379
2570 1 119 255 97 4 251 27 150 248 123 226 184 237 74 108 215 180 63 205 196 103 237 99 237 126 58 94 5 190 111 247 74 213  2.61047
2570 1 255 239 100 6 250 27 222 252 51 230 188 173 107 108 223 149 63 207 213 239 236 102 237 127 126 91 101 189 103 247 206 213  2.75279
2570 1 63 247 96 7 242 27 238 248 121 226 125 237 75 108 159 180 63 207 214 239 245 242 45 126 62 94 37 166 111 247 202 213  2.2877
2570 1 119 239 96 6 250 27 206 248 121 224 184 237 67 104 159 176 62 205 84 239 237 35 237 126 58 12 37 188 109 247 74 213  2.63109
2570 1 111 239 228 7 237 31 206 252 91 250 184 207 75 104 223 167 93 198 246 239 237 114 237 250 62 94 197 188 79 255 218 212  2.82599
2570 1 63 255 96 39 178 27 94 248 51 232 188 237 75 108 159 144 62 205 213 231 237 242 237 63 186 79 37 180 111 183 10 213  2.82178
2570 1 127 103 224 1 242 59 238 216 123 224 189 237 75 108 223 180 63 205 213 255 133 114 237 74 62 92 37 180 239 247 74 213  2.47694
2571 1 190 111 98 78 91 211 222 232 229 196 252 171 107 204 151 180 126 233 215 231 236 35 110 255 50 89 129 187 119 183 126 214  2.47992
2571 1 62 127 106 110 122 147 222 248 37 204 253 175 75 207 191 16 126 249 215 231 204 163 44 255 242 221 175 175 103 183 110 211  2.79279
2571 1 55 89 98 14 89 23 206 248 101 72 252 207 104 204 191 180 124 233 215 239 205 163 60 253 50 124 137 158 127 183 122 212  2.75279
2571 1 159 95 103 94 106 18 191 248 181 206 212 231 105 238 191 229 126 249 255 239 229 135 46 255 54 123 239 138 55 247 55 245  3.12926
2571 1 55 127 106 46 122 131 158 248 48 204 248 237 113 236 183 16 62 233 87 231 236 163 12 127 112 13 173 188 125 247 42 209  3.10109
2571 1 47 123 98 14 123 147 190 248 173 200 252 237 104 204 183 180 190 233 215 231 197 35 46 253 50 92 15 170 95 183 43 213  2.6486
2571 1 63 127 98 46 126 19 222 248 69 236 249 239 75 200 183 144 254 237 215 231 204 179 77 190 50 77 173 191 127 191 122 213  2.74109
2571 1 55 207 98 142 124 19 206 248 87 232 217 239 105 204 191 164 126 233 151 239 237 35 110 255 50 92 175 188 127 191 120 213  2.8691
2572 1 127 123 226 6 242 26 254 208 105 232 126 237 75 236 215 182 62 237 213 247 197 242 172 104 62 93 37 163 239 247 75 213  2.40241
2572 1 127 126 226 4 99 26 222 208 33 238 252 237 75 236 151 182 62 237 213 231 205 243 172 106 50 125 37 171 111 247 106 213  2.07944
2572 1 111 126 226 86 107 28 254 252 249 202 252 236 106 252 215 182 190 237 212 231 197 99 174 106 50 125 5 171 79 247 106 221  2.67728
2572 1 127 120 226 4 67 62 254 208 121 234 180 205 72 236 215 190 63 237 245 239 133 247 188 106 22 92 69 174 239 247 106 213  2.78062
2572 1 119 107 226 4 195 26 238 192 105 224 248 237 75 232 215 150 62 237 196 231 204 243 140 104 50 124 5 171 239 247 106 196  2.78872
2572 1 119 47 226 38 243 58 254 194 121 234 248 237 75 232 215 148 191 239 213 247 172 243 140 106 58 94 5 171 239 247 106 213  3.09004
2572 1 191 126 226 20 99 59 254 80 121 238 244 189 75 236 215 191 63 237 213 231 236 247 172 74 50 91 69 163 111 245 78 213  2.49799
2572 1 127 121 226 4 67 30 126 216 97 224 237 141 75 238 87 180 62 237 213 230 205 211 188 74 50 93 5 175 107 247 106 212  2.8691
2573 1 127 125 104 100 121 95 95 248 97 236 188 173 123 124 151 51 158 245 213 103 205 99 252 44 115 89 37 187 111 183 78 95  2.09151
2573 1 127 113 98 68 91 95 222 104 233 228 172 141 74 220 23 180 190 245 213 231 205 35 188 76 51 89 5 63 111 54 110 214  2.65926
2573 1 127 121 123 68 107 95 223 248 233 236 188 173 90 220 215 54 190 245 213 110 197 99 188 104 115 89 37 190 111 183 70 247  2.39415
2573 1 255 127 110 68 107 91 223 248 121 238 180 173 75 124 151 55 190 213 213 103 236 103 172 78 114 91 101 191 103 182 78 215  2.38597
2573 1 126 123 106 102 107 221 219 216 169 204 180 173 123 221 151 48 190 241 213 231 204 35 174 120 115 89 33 187 103 183 78 247  2.76066
2573 1 127 115 105 68 107 95 223 120 105 236 181 173 75 92 159 182 62 213 213 231 205 99 253 72 115 89 33 191 103 183 78 245  2.57702
2573 1 126 113 106 102 125 95 223 120 105 236 253 175 75 125 31 52 254 221 215 231 204 179 249 204 115 253 133 183 103 191 118 247  3.30362
2573 1 251 121 106 68 105 95 216 112 233 232 180 45 26 156 151 55 174 181 213 103 205 99 180 76 83 89 65 187 75 164 78 215  2.7766
2574 1 239 123 100 68 104 24 70 184 233 248 180 236 74 96 151 183 6 196 236 110 237 103 239 104 54 121 101 190 75 183 74 85  2.49193
2574 1 127 99 102 68 107 26 78 184 97 228 182 173 75 108 159 183 62 196 252 238 204 227 237 76 50 123 69 149 103 183 74 84  2.3076
2574 1 95 123 99 70 58 26 78 184 97 232 191 236 75 70 159 182 54 228 252 238 205 195 173 108 50 105 37 148 111 183 106 117  2.43612
2574 1 127 115 66 12 40 30 78 120 97 200 245 236 75 66 159 181 62 196 204 238 205 131 237 76 178 249 33 156 107 183 106 85  3.01593
2574 1 255 123 102 68 42 26 94 48 233 232 182 236 75 44 151 183 38 229 252 110 205 225 165 72 50 123 101 146 111 183 74 85  2.3279
2574 1 127 123 224 68 104 26 78 184 97 232 190 236 75 108 215 182 30 228 252 110 205 99 237 40 50 121 101 180 111 247 74 85  2.13707
2574 1 255 127 102 70 34 26 94 184 113 238 183 237 75 108 151 183 62 228 252 110 237 247 237 46 50 123 101 148 111 183 74 85  2.3177
2574 1 255 123 102 5 98 26 238 184 97 232 242 237 75 104 151 179 62 229 124 239 205 243 141 108 50 107 229 132 111 183 106 85  2.68825
2575 1 103 123 99 68 106 89 191 216 235 236 180 236 72 204 215 182 62 253 214 239 197 99 174 120 54 24 37 174 79 183 71 245  2.68458
2575 1 39 114 226 5 98 27 190 88 107 232 112 237 72 204 215 190 62 205 215 231 197 114 172 64 22 24 45 174 79 183 75 213  2.51022
2575 1 103 123 99 6 106 29 174 248 233 232 176 236 126 204 213 182 182 237 84 103 197 99 174 104 52 24 37 186 77 183 67 213  2.2976
2575 1 79 115 114 68 106 27 190 120 233 232 53 236 74 220 159 182 54 101 212 110 197 99 172 76 54 88 33 190 79 183 75 213  2.74887
2575 1 227 122 98 4 106 25 188 64 233 234 176 237 10 140 215 191 174 237 244 71 197 103 166 64 22 24 65 186 77 181 75 213  2.3969
2575 1 119 115 227 4 121 31 142 72 235 232 184 205 74 236 215 182 188 229 212 103 205 99 180 72 50 28 5 190 73 54 74 213  2.89589
2575 1 119 115 66 4 98 27 190 88 43 224 185 237 75 204 223 148 62 205 196 103 197 115 140 72 54 88 37 190 111 183 11 213  2.29016
2575 1 103 123 242 68 106 27 230 216 107 232 168 236 74 232 215 182 54 236 68 110 197 115 172 72 54 24 5 190 75 183 74 149  2.64156
2576 1 253 123 122 70 106 153 118 240 233 236 180 237 106 204 199 182 166 229 196 70 197 99 174 104 50 89 37 187 107 183 78 221  2.28278
2576 1 121 123 82 36 123 27 86 124 33 232 188 237 111 196 135 148 182 229 196 102 205 35 132 44 178 209 37 187 107 182 10 93  2.63457
2576 1 122 123 98 14 123 153 86 232 233 196 172 173 106 204 135 148 190 225 196 102 204 35 174 125 50 89 5 59 99 183 78 223  2.15632
2576 1 124 123 106 38 122 153 94 248 161 236 188 237 111 204 131 16 190 237 197 103 204 3 140 61 242 197 37 185 105 183 14 91  2.60032
2576 1 124 127 122 68 242 91 86 248 97 236 172 237 75 230 199 148 54 252 196 98 204 99 172 46 50 205 37 191 99 247 78 213  2.64508
2576 1 113 127 122 38 50 27 86 240 233 236 186 237 107 104 135 146 182 229 204 102 204 235 140 44 186 221 37 179 107 183 74 93  2.73337
2576 1 249 123 106 36 105 25 86 112 233 236 180 237 43 200 151 147 142 228 196 102 204 103 198 40 50 89 97 187 107 181 74 223  2.67003
2576 1 125 123 106 6 120 155 86 240 225 236 188 237 107 204 151 48 62 228 196 110 204 163 172 44 114 73 37 185 107 183 74 213  2.38325
2349 0 41 121 115 76 113 223 231 116 105 72 124 72 58 149 132 180 188 56 86 74 193 186 48 125 55 220 0 2 75 146 66 189  0
2349 0 9 249 123 101 112 221 123 116 105 72 124 108 191 159 150 48 182 59 85 76 195 184 176 125 103 221 32 128 74 130 67 249  0
2349 0 56 189 122 104 112 223 115 119 113 76 124 40 59 157 150 48 62 186 214 72 202 186 48 63 119 205 32 33 99 130 70 251  0
2349 0 41 189 115 65 114 223 99 119 121 73 108 104 58 151 132 180 54 190 68 8 147 186 180 95 63 188 32 66 107 130 194 189  0
2349 0 41 253 121 75 114 223 243 252 113 72 124 108 123 85 156 52 62 184 86 106 195 186 124 63 103 205 33 160 107 130 70 249  0
2349 0 41 49 115 65 112 223 113 81 105 232 117 108 26 29 132 52 182 60 84 40 129 176 176 76 71 217 32 162 75 130 66 245  0
2349 0 35 185 99 74 112 221 235 116 123 72 124 76 56 220 148 52 62 170 86 76 195 186 180 127 55 28 0 170 79 134 98 253  0
2349 0 41 191 105 65 112 159 235 119 125 105 124 236 187 29 150 52 30 42 86 12 211 184 117 95 110 93 32 192 79 132 194 253  0
2641 1 41 121 115 76 113 221 247 116 233 72 252 8 58 220 20 180 172 184 214 74 193 171 48 125 51 92 0 10 67 22 102 255  2.22331
2641 1 41 121 115 69 113 223 99 116 105 72 110 72 58 21 132 180 180 60 84 72 193 184 176 109 39 252 0 2 74 130 66 189  2.00248
2641 1 41 249 115 73 117 223 226 116 109 72 124 72 58 152 148 180 152 40 86 72 195 186 112 61 39 220 0 2 75 138 66 173  1.96433
2641 1 40 121 115 76 81 223 99 116 97 0 108 8 58 151 132 180 56 184 66 72 65 186 48 125 55 220 0 10 99 130 102 168  2.27303
2641 1 169 120 115 69 113 223 227 112 121 232 116 72 58 149 149 180 24 184 82 106 225 182 48 94 55 156 1 34 75 177 66 189  2.61047
2641 1 33 121 115 76 112 207 231 116 105 72 124 108 58 151 133 52 62 184 86 106 193 186 48 109 55 188 32 0 75 178 98 185  2.28524
2641 1 41 121 115 94 113 221 119 244 121 72 100 72 62 215 133 180 150 120 214 74 195 178 186 127 39 252 0 42 74 147 66 189  2.61047
2641 1 33 249 115 70 112 221 231 244 105 200 124 104 58 212 132 180 156 122 70 74 193 186 176 125 55 156 37 42 75 146 66 189  2.69563
2642 1 11 217 123 233 118 135 251 117 45 72 124 230 189 159 180 32 126 59 23 205 195 184 48 253 103 253 170 128 127 130 99 249  3.38139
2642 1 1 249 123 97 114 205 187 246 104 72 124 236 189 157 148 48 182 59 87 77 195 184 176 127 103 29 32 128 77 130 67 249  2.43326
2642 1 41 251 122 97 112 157 114 116 105 72 124 108 191 153 130 48 150 42 68 76 199 184 240 61 102 221 32 32 74 130 75 153  2.57046
2642 1 9 249 123 101 112 207 123 117 105 72 126 108 191 23 128 48 182 59 85 76 193 184 48 109 103 253 32 128 74 130 67 249  1.79878
2642 1 9 249 123 86 112 220 127 244 233 76 124 108 190 223 134 52 166 123 213 78 195 184 178 109 103 253 32 138 74 150 71 249  2.60707
2642 1 137 120 123 85 112 221 251 116 121 76 116 108 191 157 150 52 38 57 87 76 225 188 180 111 103 217 32 160 66 128 71 249  2.74497
2642 1 73 249 121 65 112 157 123 148 43 72 124 108 191 151 196 48 182 57 84 76 195 24 176 125 103 221 32 168 74 130 3 249  2.57374
2642 1 11 249 123 97 113 221 249 116 105 72 116 108 190 156 150 48 166 57 213 77 199 184 176 93 103 89 32 130 74 132 67 253  2.77259
2643 1 56 189 122 104 81 223 83 117 113 76 252 9 59 221 22 48 184 186 215 96 206 187 48 63 115 221 0 43 99 134 110 250  2.15848
2643 1 40 255 120 76 112 221 83 119 115 108 124 40 59 157 134 48 30 186 196 72 202 58 224 63 119 221 32 57 99 130 70 251  2.04794
2643 1 56 189 107 109 114 207 255 119 53 76 124 169 59 157 150 48 62 187 87 201 234 186 52 127 119 205 32 128 101 128 230 251  2.55105
2643 1 40 61 123 96 112 255 115 83 113 77 124 40 59 157 134 48 62 186 212 24 155 186 176 31 119 205 32 225 99 130 70 251  2.22331
2643 1 56 185 122 72 114 219 243 118 113 76 124 168 59 157 150 52 62 186 215 200 202 186 36 127 119 205 32 169 103 134 102 251  2.42758
2643 1 56 121 122 108 112 223 115 116 113 76 124 8 59 157 150 48 58 184 68 72 200 186 48 63 119 205 32 1 99 130 70 235  2.1848
2643 1 56 249 122 104 114 203 115 116 33 4 108 168 59 215 128 48 62 184 198 72 66 186 32 61 119 237 32 1 99 130 102 251  2.36979
2643 1 40 173 122 73 84 219 243 119 116 4 124 2 51 153 182 48 122 186 6 72 202 186 36 63 119 141 32 65 119 138 230 170  2.69934
2644 1 9 189 115 65 114 222 99 119 121 73 110 108 58 23 132 180 54 62 84 8 211 152 180 95 47 188 32 192 106 130 195 253  2.10169
2644 1 33 189 115 65 242 219 103 247 123 232 108 104 58 148 196 180 54 254 68 88 211 186 164 127 62 156 37 98 107 130 194 189  2.29511
2644 1 41 191 83 72 114 153 98 119 121 9 108 104 58 147 132 180 54 186 68 72 147 186 160 127 54 188 32 106 75 130 66 173  2.41352
2644 1 41 189 115 69 115 222 115 119 121 73 110 104 58 151 132 180 54 190 196 8 145 186 176 79 55 252 16 2 107 128 198 189  2.25618
2644 1 32 59 115 65 114 203 99 87 49 9 124 232 58 151 132 52 62 186 70 24 19 186 160 95 54 140 32 192 99 128 230 185  2.96617
2644 1 41 181 115 67 243 223 115 113 121 65 109 8 26 215 140 180 54 158 212 56 147 186 180 95 63 221 0 98 99 134 198 245  2.68458
2644 1 41 189 115 65 80 142 99 119 113 65 110 72 51 17 148 52 56 174 82 40 147 186 52 79 103 172 32 64 107 130 226 168  2.81759
2644 1 33 181 115 73 242 223 227 115 125 73 125 104 26 212 132 180 62 186 70 40 179 186 52 95 63 188 32 66 75 130 226 181  2.81759
2645 1 169 244 121 75 112 223 243 248 113 72 117 108 123 93 156 49 62 152 86 110 227 182 124 63 103 205 33 160 107 130 66 241  2.30009
2645 1 41 249 121 75 112 223 243 248 97 72 124 104 59 93 148 52 30 184 86 106 195 186 124 61 103 221 33 32 99 130 70 249  2.21641
2645 1 41 255 121 75 112 143 99 252 118 104 124 236 115 85 144 48 30 186 86 108 195 186 124 63 110 141 33 224 107 130 66 249  2.51022
2645 1 41 253 115 71 242 223 247 252 123 232 124 108 123 117 140 180 63 122 214 106 227 184 56 63 111 223 37 160 107 146 198 249  2.62762
2645 1 41 221 107 75 118 199 255 252 86 72 124 226 113 221 188 32 126 250 23 234 195 186 124 255 103 13 167 160 119 154 246 249  3.06294
2645 1 161 253 123 74 114 207 231 244 112 72 124 104 51 85 132 48 62 184 86 106 227 186 60 127 119 141 32 32 97 146 70 249  2.71055
2645 1 40 251 121 75 114 217 183 252 122 76 124 232 123 213 140 52 62 90 198 74 195 186 172 127 102 141 36 160 99 146 198 249  2.82599
2645 1 41 124 123 79 112 223 227 120 117 72 124 104 115 213 149 52 62 184 86 106 225 178 124 63 103 141 33 128 115 163 70 249  3.02619
2646 1 33 49 115 65 112 223 113 113 105 232 117 104 26 21 132 52 62 188 68 104 193 178 176 76 87 152 33 34 67 130 70 245  2.38055
2646 1 41 49 113 65 113 223 113 17 105 232 126 108 154 21 132 180 150 60 212 40 129 184 240 12 7 221 32 34 74 134 66 253  2.11818
2646 1 41 49 123 64 112 223 243 81 105 72 125 108 26 157 148 52 190 184 86 56 129 178 48 76 87 221 32 194 75 130 66 245  2.61047
2646 1 1 49 115 65 114 223 179 81 105 232 119 108 30 156 132 52 182 61 84 24 129 176 180 76 7 28 33 162 75 130 67 245  2.62762
2646 1 169 48 115 65 97 223 241 16 105 72 119 108 158 24 150 180 166 44 68 72 197 180 180 77 7 217 32 2 74 128 75 245  2.98578
2646 1 40 59 241 69 112 223 113 80 123 232 116 104 58 149 197 52 22 60 84 88 129 250 224 8 79 217 33 162 67 128 70 249  3.12926
2646 1 105 49 249 69 113 94 249 81 105 233 125 76 26 29 214 52 182 156 84 28 145 186 240 64 71 253 32 160 203 130 66 245  3.09004
2646 1 41 48 123 65 96 223 249 80 121 232 116 40 27 157 213 60 54 60 84 8 129 244 180 64 71 217 32 160 67 129 71 241  2.89137
2647 1 35 185 99 67 112 221 235 212 123 105 124 76 56 220 212 52 28 170 82 92 147 186 252 127 47 28 1 232 75 134 66 253  2.12863
2647 1 35 189 99 202 246 215 255 247 95 72 124 230 56 220 180 36 126 187 23 205 211 186 52 255 63 28 174 234 95 142 243 253  3.02105
2647 1 35 185 99 72 113 157 234 119 123 72 124 76 42 156 150 180 190 170 86 76 199 186 180 127 55 28 0 170 75 132 74 253  2.08144
2647 1 35 249 115 90 114 157 191 244 123 72 124 236 56 220 148 52 62 123 86 78 195 58 190 127 38 28 36 170 79 150 67 253  2.52261
2647 1 35 185 99 78 112 221 235 113 121 72 124 104 56 220 148 52 62 186 86 76 193 186 180 111 55 60 32 138 71 134 102 253  2.40241
2647 1 35 185 99 72 85 149 235 117 125 64 124 70 56 220 180 180 124 170 18 205 195 186 52 255 55 28 130 232 95 134 114 252  2.5164
2647 1 35 121 123 72 120 205 187 112 233 72 240 108 56 220 148 48 174 185 87 193 195 43 182 125 53 24 32 170 77 2 99 253  3.01593
2647 1 43 249 99 74 115 221 251 84 123 72 124 236 56 220 150 180 62 187 215 204 195 186 180 127 55 92 0 170 79 134 102 253  2.52886
2648 1 41 189 105 65 240 159 235 119 123 233 124 204 57 12 214 52 31 42 86 28 147 186 244 95 110 29 37 224 207 134 194 253  2.39415
2648 1 43 157 107 201 244 215 235 119 95 73 124 230 185 29 182 100 126 170 23 141 211 186 117 255 110 93 178 192 127 140 240 253  3.04703
2648 1 41 189 96 65 117 159 226 119 127 105 124 76 186 24 150 180 156 42 86 12 215 184 116 31 46 93 48 98 75 140 202 221  2.36979
2648 1 41 191 105 65 112 159 235 119 124 104 124 236 179 29 148 52 30 42 86 76 211 184 101 63 110 29 32 224 79 130 194 249  2.21641
2648 1 9 58 123 65 112 159 249 83 125 73 126 228 185 156 150 52 62 59 86 28 147 184 53 95 78 93 48 192 79 132 67 253  2.58032
2648 1 41 171 105 65 112 219 107 55 117 77 126 172 187 13 150 52 30 170 85 12 219 184 101 31 111 93 32 192 103 132 198 249  2.91415
2648 1 41 181 121 65 112 223 233 55 125 105 126 76 187 29 150 52 62 138 86 44 211 184 117 95 111 221 48 192 75 128 194 253  2.3279
2648 1 43 191 97 73 114 159 251 119 125 73 124 236 57 13 150 180 62 58 215 140 211 184 101 95 110 93 32 192 111 132 195 253  2.49193
2350 0 249 127 107 69 114 30 111 112 113 200 246 236 91 7 151 53 62 236 84 238 233 150 165 78 118 235 33 128 111 183 98 241  0
2350 0 37 127 99 69 114 27 239 248 113 232 126 236 83 68 149 52 62 236 86 238 193 178 173 78 54 12 37 132 111 179 66 245  0
2350 0 77 51 115 69 114 30 107 16 105 232 127 236 91 21 149 180 54 204 84 110 129 176 181 76 38 253 33 132 107 167 66 245  0
2350 0 63 36 98 69 82 62 234 120 113 226 127 204 91 44 151 180 62 204 84 238 173 178 117 78 54 111 161 132 111 247 106 212  0
2350 0 89 127 107 101 50 30 111 52 97 232 126 236 123 7 147 48 54 236 84 238 201 144 165 46 246 237 33 128 107 178 66 121  0
2350 0 61 127 107 103 114 30 111 112 97 204 127 236 123 77 151 48 62 236 85 238 201 178 45 110 118 237 33 128 111 183 98 241  0
2350 0 45 123 106 37 112 15 123 80 33 236 118 237 27 13 147 16 62 237 85 111 197 176 229 12 102 77 33 128 109 183 66 209  0
2350 0 60 127 122 69 114 91 119 112 97 236 126 172 91 5 135 52 62 252 196 106 200 178 165 14 118 237 33 129 99 183 70 241  0
2713 1 185 95 111 77 114 6 111 112 53 200 246 230 113 71 181 117 126 236 23 238 233 150 37 110 118 171 162 128 111 179 114 249  1.959
2713 1 253 127 99 69 114 30 111 48 113 234 230 236 91 71 151 181 54 236 84 238 233 214 165 110 54 235 37 128 107 183 98 117  1.61571
2713 1 137 126 111 69 98 30 111 112 112 202 118 236 91 7 151 49 54 236 84 238 225 212 165 78 118 43 97 128 111 176 98 241  1.88717
2713 1 241 121 107 68 112 30 107 112 113 200 246 204 91 7 149 53 62 172 84 238 233 146 181 78 114 169 32 128 107 162 98 241  1.87895
2713 1 155 126 111 69 114 30 239 112 117 202 118 228 89 13 151 53 62 236 87 239 233 180 37 78 118 107 162 128 111 181 98 253  2.33304
2713 1 251 124 111 68 98 94 127 112 113 238 246 172 91 31 151 53 62 244 213 238 233 247 181 78 115 251 97 128 103 181 102 117  2.00619
2713 1 249 119 110 100 98 30 111 112 113 200 246 236 91 13 151 49 62 228 84 238 237 183 37 12 114 233 97 128 111 183 106 81  2.19373
2713 1 157 127 67 69 114 26 111 112 113 200 118 228 91 7 149 181 54 236 84 238 233 150 165 78 54 233 33 128 111 179 98 177  2.00248
2714 1 23 125 99 65 242 31 239 248 113 224 126 204 89 68 149 52 62 204 84 254 193 176 189 110 62 12 37 196 111 183 66 245  1.90717
2714 1 37 127 99 71 112 15 111 248 113 232 126 236 83 101 149 52 62 236 84 110 225 178 253 46 118 12 37 164 107 243 66 241  1.80941
2714 1 37 127 99 69 114 10 239 112 112 232 126 236 81 68 149 52 62 236 86 238 193 178 165 78 52 44 33 128 109 179 98 245  1.40854
2714 1 53 111 97 69 114 27 239 120 113 228 126 236 67 0 151 52 62 236 70 238 201 178 101 78 54 12 37 132 103 183 66 245  2.20274
2714 1 37 99 99 69 114 27 110 248 113 232 127 236 83 64 157 180 62 204 68 110 201 178 237 14 54 44 37 132 111 179 66 181  1.8003
2714 1 53 95 99 77 118 19 239 248 85 232 126 230 81 77 181 36 126 236 22 238 201 178 109 254 54 44 167 132 127 187 114 245  2.45051
2714 1 45 247 105 71 114 27 239 248 116 232 124 236 89 68 159 52 62 204 86 238 225 176 45 127 102 13 37 132 111 183 66 245  2.1099
2714 1 47 127 225 69 240 31 239 216 123 232 126 236 91 108 213 180 63 204 84 126 193 242 237 74 46 28 37 164 239 247 66 245  2.25379
2715 1 45 51 97 69 112 31 107 16 97 232 127 204 219 5 149 180 30 204 84 110 137 176 245 12 38 253 33 132 107 167 66 245  1.77343
2715 1 13 51 99 65 242 30 107 17 97 233 127 236 91 5 158 180 54 140 84 124 145 176 165 76 110 109 33 196 235 134 194 245  2.26818
2715 1 77 121 115 69 114 30 107 16 105 232 126 236 91 23 149 180 54 236 84 110 129 176 181 76 38 124 33 128 111 183 67 245  1.56303
2715 1 77 61 83 65 114 190 99 80 121 232 111 108 91 151 133 180 54 236 68 126 145 176 180 78 22 252 33 64 235 163 66 181  2.59696
2715 1 109 123 115 69 112 30 98 48 105 232 126 108 91 16 133 180 54 108 68 110 193 176 181 76 38 253 33 0 107 179 74 181  2.05377
2715 1 89 51 115 69 114 30 123 49 105 232 127 236 91 23 148 180 54 156 212 110 193 176 181 76 118 253 33 132 107 166 66 245  1.94142
2715 1 95 51 99 69 114 30 107 24 105 232 127 236 91 4 151 182 54 196 124 238 133 144 165 72 22 125 33 132 111 167 74 117  2.13495
2715 1 13 114 81 69 114 31 107 88 105 232 119 236 91 23 133 180 54 28 84 110 129 176 181 76 6 221 33 132 107 163 67 181  2.25379
2716 1 63 69 99 77 84 54 238 120 117 224 255 198 91 108 159 180 126 204 86 238 237 178 125 206 54 111 161 132 111 247 122 244  2.35388
2716 1 63 39 110 5 82 58 110 120 113 230 255 205 75 40 151 21 62 204 85 239 236 242 229 78 118 111 161 132 111 247 122 212  2.97104
2716 1 59 4 99 69 82 54 235 114 53 194 126 198 89 46 149 180 126 140 23 172 169 146 53 206 54 110 130 128 111 231 98 244  2.92341
2716 1 31 101 99 69 82 62 238 112 113 224 126 196 89 44 151 180 62 236 86 239 173 176 53 78 54 111 161 128 111 247 106 244  2.47694
2716 1 61 54 98 69 114 58 106 120 113 226 127 236 75 104 159 180 62 204 212 174 173 176 173 78 54 111 33 132 111 231 106 213  2.26818
2716 1 223 38 98 5 18 62 106 56 113 226 239 204 91 98 159 244 54 196 124 238 173 212 181 78 54 111 129 132 111 167 106 84  2.61388
2716 1 63 44 235 65 210 62 235 82 113 226 126 140 91 44 215 60 63 204 84 189 141 242 181 74 94 77 33 132 239 247 106 244  2.58032
2716 1 189 102 104 69 112 26 234 56 113 226 119 204 83 8 151 48 62 204 84 238 173 180 101 14 102 111 161 132 111 183 90 212  2.66284
2717 1 89 123 107 69 50 26 111 48 97 236 238 236 123 7 147 52 54 228 124 238 201 144 165 12 246 233 32 128 99 182 70 121  1.67531
2717 1 25 127 123 101 50 142 107 119 97 232 126 236 59 7 146 48 54 172 84 236 201 152 165 14 246 237 32 128 107 130 98 249  1.90549
2717 1 89 123 90 100 114 30 111 112 33 200 110 236 123 199 131 48 54 236 68 110 201 146 164 46 242 237 33 128 106 179 10 121  1.81862
2717 1 121 127 107 101 112 30 111 52 97 232 126 236 115 37 147 48 54 236 84 110 201 184 181 46 118 237 37 128 107 178 66 121  1.5062
2717 1 89 95 110 101 50 26 111 48 37 200 254 228 123 103 147 112 54 228 124 238 205 145 165 108 242 239 163 128 47 183 42 89  2.08144
2717 1 25 255 105 103 50 31 127 188 49 104 126 236 255 71 154 48 54 221 213 238 193 144 237 127 230 205 37 164 110 182 3 249  2.79279
2717 1 89 121 107 101 50 94 127 52 33 232 126 236 127 23 147 48 54 253 93 238 193 144 181 108 247 237 33 128 107 182 3 121  1.90549
2717 1 25 127 107 101 50 10 111 180 52 200 126 228 123 39 145 48 54 236 84 238 233 152 37 46 230 237 36 128 111 178 98 121  1.84516
2718 1 61 113 107 102 112 94 123 112 97 204 255 12 91 93 159 48 62 252 85 238 201 178 60 12 115 237 33 128 111 179 102 241  1.70788
2718 1 61 127 107 103 114 30 127 112 113 204 127 236 123 77 151 48 62 252 85 238 201 176 45 110 118 237 33 128 111 183 98 241  1.53363
2718 1 60 127 107 110 112 139 79 248 113 204 253 237 115 205 147 16 62 232 85 238 200 178 44 63 114 237 33 128 103 179 102 241  2.07545
2718 1 29 93 107 111 82 134 239 240 52 192 126 198 121 79 179 48 126 233 23 238 201 178 52 111 118 237 167 128 111 179 98 248  2.27546
2718 1 61 127 106 103 114 26 110 248 113 200 255 236 123 105 159 48 62 236 84 238 205 178 45 46 114 237 37 128 111 179 106 209  2.0616
2718 1 63 95 107 79 118 22 239 112 101 200 255 230 121 109 183 100 126 236 23 238 201 178 45 238 118 237 163 128 111 191 112 241  2.33821
2718 1 61 247 107 71 114 26 239 121 101 76 127 228 91 77 158 48 62 140 85 238 201 176 45 79 118 237 33 132 111 166 226 241  2.28278
2718 1 61 127 235 71 240 126 111 240 113 206 127 172 123 109 151 52 62 236 85 238 201 242 173 106 118 111 37 128 231 247 102 241  2.34863
2719 1 61 123 106 37 112 15 123 80 33 236 254 237 83 13 147 16 62 237 85 239 204 178 197 12 246 237 33 128 109 179 74 209  2.32279
2719 1 57 106 106 37 112 27 122 80 97 236 118 237 27 9 147 16 62 172 68 110 140 176 197 8 70 205 33 129 111 183 74 193  2.78872
2719 1 37 123 106 37 112 15 235 112 96 236 126 237 83 13 151 16 62 236 85 111 197 176 229 12 102 13 33 128 109 182 82 209  2.43898
2719 1 9 122 234 37 114 14 255 80 48 236 118 237 59 141 211 16 54 237 85 79 192 244 164 104 102 13 33 160 109 183 67 217  2.84731
2719 1 169 115 104 97 112 31 123 88 113 236 116 237 27 13 147 48 62 140 85 110 205 176 229 12 102 201 33 164 111 167 66 241  2.62762
2719 1 25 115 107 37 114 15 251 112 40 232 118 237 95 13 147 48 62 189 85 239 193 176 37 76 116 73 33 128 109 166 3 241  2.7219
2719 1 15 127 106 37 112 14 127 48 41 236 126 229 223 15 147 16 54 237 85 239 197 144 37 76 230 125 43 128 110 183 3 209  3.10109
2719 1 45 123 104 37 112 31 127 144 33 236 126 237 219 13 147 48 54 237 213 111 197 176 245 40 102 93 37 128 111 183 74 209  3.07369
2720 1 60 63 123 101 114 219 115 112 113 236 126 168 91 125 135 48 62 252 197 106 136 178 164 46 119 205 33 129 99 167 70 243  2.12653
2720 1 56 115 122 101 114 27 119 112 97 172 126 172 91 5 134 48 62 188 196 106 200 178 165 12 118 233 33 129 99 178 70 241  1.91562
2720 1 56 123 122 69 98 90 255 116 97 236 126 168 91 13 151 52 62 252 196 106 192 176 165 76 118 233 32 129 103 182 70 249  2.41912
2720 1 56 111 123 77 114 218 115 112 101 132 126 168 123 7 133 52 62 188 198 234 72 178 37 78 119 237 32 1 99 163 102 225  2.50409
2720 1 184 126 122 69 114 91 119 112 113 238 118 172 91 5 135 53 54 252 196 106 232 246 165 14 118 207 37 129 99 181 70 249  1.93102
2720 1 60 55 122 100 114 26 115 112 97 236 255 173 75 69 135 20 62 252 196 106 136 178 165 14 114 237 33 129 99 167 78 241  2.15201
2720 1 60 123 115 68 114 91 115 80 97 236 124 168 27 149 135 52 62 252 196 106 201 178 164 12 119 205 33 160 99 179 70 241  1.90213
2720 1 60 111 106 69 114 91 127 112 97 228 254 173 91 13 151 48 62 252 196 238 204 178 101 14 118 237 37 133 103 183 78 241  2.27546
2351 0 91 59 98 4 50 154 122 113 33 68 238 237 43 134 134 148 54 173 204 228 204 155 165 77 178 109 32 131 107 134 42 93  0
2351 0 90 127 106 6 114 218 63 244 49 196 110 173 105 199 135 16 54 253 213 230 196 155 164 111 114 101 36 129 103 182 47 221  0
2351 0 19 127 66 12 114 146 190 116 57 192 122 229 109 238 151 144 54 237 213 231 197 155 132 111 48 36 42 130 109 182 43 221  0
2351 0 154 126 98 4 114 146 186 112 185 196 246 173 105 206 151 148 62 253 213 231 228 151 164 110 50 125 42 131 103 183 47 213  0
2351 0 56 127 106 44 114 155 90 112 33 76 252 173 43 207 130 16 62 169 197 228 204 187 4 63 242 229 32 129 99 134 110 219  0
2351 0 3 187 106 1 114 155 186 112 57 228 124 237 45 142 150 16 54 173 213 213 134 152 164 95 126 77 41 224 109 134 11 221  0
2351 0 11 50 106 69 114 154 185 82 41 76 126 237 9 142 150 180 54 189 213 132 133 152 164 76 86 125 32 130 111 132 47 213  0
2351 0 27 191 98 12 114 146 190 119 61 76 126 229 41 142 150 180 62 171 215 197 197 154 36 255 54 125 42 131 111 134 171 221  0
2785 1 91 51 66 36 50 26 122 113 33 196 238 237 79 134 130 148 54 173 204 164 140 147 133 78 178 229 33 131 106 166 42 85  1.81401
2785 1 91 191 106 36 50 154 94 55 33 76 238 237 107 46 150 144 54 231 253 228 220 155 165 79 178 109 32 195 111 134 170 93  2.22331
2785 1 91 123 98 4 51 154 122 112 33 204 230 237 43 134 135 180 54 237 236 196 205 219 165 108 178 125 0 131 107 166 42 93  2.02685
2785 1 91 185 98 12 19 150 106 113 37 64 206 197 105 6 146 244 54 165 221 236 205 153 181 77 178 109 138 128 43 134 42 92  2.4651
2785 1 91 59 82 4 114 154 58 113 41 64 110 236 43 134 134 180 54 173 196 228 197 155 164 77 50 109 32 130 107 134 43 221  1.85151
2785 1 123 59 66 12 115 154 90 96 169 68 232 237 43 198 134 148 182 173 204 228 204 139 132 93 178 124 0 155 107 134 42 93  2.39965
2785 1 122 59 98 68 115 154 114 119 105 68 238 173 42 140 134 148 38 174 196 68 204 187 164 77 50 125 0 131 99 134 110 93  2.08345
2785 1 89 59 106 37 50 154 122 49 33 68 110 237 43 6 130 16 54 173 204 236 204 152 165 77 246 237 32 129 107 134 42 89  2.09761
2786 1 88 127 122 36 114 154 63 244 49 196 110 173 111 199 131 16 54 253 197 230 196 147 164 110 242 229 37 129 99 182 47 217  1.9896
2786 1 26 111 114 70 82 218 62 228 57 132 110 168 105 230 135 148 54 253 196 226 68 153 172 111 50 229 4 131 103 182 47 221  2.50715
2786 1 74 251 106 94 114 208 63 244 161 76 110 173 121 199 135 48 54 255 213 198 198 155 174 109 118 109 32 137 103 151 47 219  2.40795
2786 1 90 123 122 6 98 216 63 244 169 204 110 173 47 134 135 20 38 253 228 70 196 153 164 104 118 101 36 131 99 182 15 221  2.56395
2786 1 90 127 106 70 114 210 127 244 49 196 254 173 105 239 151 52 54 253 213 238 204 155 164 111 114 109 36 129 103 182 46 125  2.165
2786 1 26 255 106 39 114 138 63 245 48 68 110 229 121 103 130 16 54 255 213 228 192 152 165 111 118 109 36 128 103 150 167 249  2.60032
2786 1 90 255 106 6 242 218 63 245 49 196 110 173 107 238 134 20 54 255 213 230 228 219 172 111 122 103 37 131 103 182 175 221  2.51022
2786 1 82 107 106 4 82 154 63 64 48 196 110 173 41 198 135 16 54 237 193 198 196 147 164 106 118 37 32 129 97 183 39 220  2.71432
2787 1 83 123 66 14 114 144 62 100 169 64 232 237 44 206 135 148 182 237 213 199 197 139 134 109 48 52 10 138 77 182 43 221  2.29263
2787 1 19 127 99 4 114 138 190 112 56 192 122 229 125 206 150 48 54 237 85 231 197 152 164 111 52 44 42 128 109 182 35 221  2.27789
2787 1 83 79 70 28 50 146 46 118 181 198 218 231 105 238 183 213 118 231 253 231 229 153 5 111 176 102 238 128 45 244 43 93  2.65569
2787 1 83 63 66 36 114 142 186 70 57 192 122 237 47 174 7 144 182 237 213 197 133 155 148 110 176 100 40 130 105 116 43 221  2.91877
2787 1 19 127 106 36 50 130 190 116 40 204 218 229 125 238 147 16 54 237 85 231 197 155 132 110 240 37 174 128 45 182 43 217  2.54785
2787 1 19 95 66 140 82 130 170 112 61 64 218 231 109 206 183 208 126 173 151 231 197 147 4 207 48 36 170 130 45 166 43 221  2.51022
2787 1 19 127 66 4 114 154 190 116 57 192 122 229 109 238 151 148 54 237 213 231 197 153 132 110 54 36 46 130 111 182 43 221  2.11196
2787 1 83 127 70 37 50 18 62 112 61 192 218 229 109 110 147 144 54 229 221 231 197 145 5 111 176 102 43 128 109 183 43 93  2.69563
2788 1 154 126 114 86 114 154 58 112 185 198 118 237 107 206 135 149 54 253 196 230 228 213 164 110 54 123 32 131 103 183 47 213  2.27546
2788 1 27 123 98 68 115 210 186 112 169 196 254 173 105 206 151 180 62 253 213 231 197 147 164 110 50 125 10 131 103 183 47 213  2.14772
2788 1 186 126 98 28 99 144 250 98 185 198 244 173 40 204 151 149 174 233 215 199 228 175 166 239 50 121 0 139 103 181 110 223  2.57702
2788 1 30 46 226 4 82 50 186 64 57 198 247 173 73 238 151 156 62 237 213 167 164 215 164 74 18 111 11 131 231 247 47 213  2.65926
2788 1 18 35 98 12 83 210 186 96 173 132 251 163 72 206 55 148 126 189 215 227 68 147 4 204 50 116 139 139 103 39 47 214  3.00578
2788 1 154 127 106 30 114 146 191 112 181 68 214 167 105 206 183 17 126 249 215 231 228 151 36 239 114 105 170 137 103 183 47 221  2.55426
2788 1 159 114 106 4 114 26 186 112 57 204 247 237 73 206 151 144 62 173 213 231 228 151 164 78 114 105 43 131 111 167 47 213  2.55426
2788 1 222 94 102 60 50 146 126 112 181 198 214 165 105 206 183 213 54 229 253 231 236 199 37 238 178 115 235 131 39 181 47 85  2.60707
2789 1 58 127 106 44 50 131 90 112 37 76 252 173 59 207 146 16 62 169 213 231 204 155 4 63 242 229 168 129 109 134 46 219  2.2187
2789 1 56 51 106 40 114 203 123 112 33 68 254 169 11 143 130 16 62 189 197 224 76 147 4 76 242 229 32 129 103 134 46 211  2.62073
2789 1 56 239 74 44 82 139 126 117 49 4 108 173 43 207 2 16 62 171 197 228 78 154 4 63 114 229 32 129 97 130 238 219  2.47992
2789 1 56 39 106 44 83 155 90 104 49 4 237 141 107 207 10 144 62 169 197 228 12 147 4 31 242 229 0 9 99 134 110 210  2.72571
2789 1 58 123 106 108 115 155 90 112 33 76 252 173 43 207 134 16 190 185 197 228 204 171 36 127 114 253 32 139 99 134 110 223  2.01553
2789 1 56 63 106 36 114 155 82 114 113 76 254 173 43 141 130 16 54 172 196 68 204 186 164 47 242 229 32 129 99 132 78 219  2.42193
2789 1 58 47 106 44 83 147 218 96 165 4 252 169 43 204 54 16 122 169 199 197 204 171 36 125 114 109 128 139 103 134 110 206  2.88688
2789 1 24 255 74 45 114 155 122 119 49 76 124 237 47 7 130 16 54 169 197 36 238 154 4 31 246 197 32 129 98 132 14 217  2.8647
2790 1 3 187 98 1 114 155 186 112 59 224 120 237 45 142 150 148 54 173 213 213 135 152 164 127 62 92 41 226 111 134 11 221  2.29016
2790 1 3 191 106 5 114 155 186 119 56 228 126 237 41 140 150 16 54 47 197 5 196 184 164 79 110 13 33 161 109 132 11 221  2.56071
2790 1 131 191 106 51 114 153 186 112 56 196 116 237 45 206 150 17 54 107 213 199 230 220 164 127 118 9 41 160 109 132 11 221  3.04703
2790 1 27 183 104 33 50 155 59 61 56 101 127 237 221 14 154 48 54 143 213 237 215 152 45 95 238 77 41 196 109 134 139 209  2.77259
2790 1 59 175 106 33 242 155 122 87 51 229 124 237 11 14 150 16 62 175 213 149 150 154 132 94 126 77 37 225 237 134 138 221  2.87351
2790 1 35 235 106 3 114 153 186 196 59 69 124 173 41 140 214 16 62 171 215 213 134 186 164 125 126 13 40 225 101 134 111 221  2.68092
2790 1 19 59 106 33 114 139 187 112 40 236 122 237 29 142 146 16 62 173 87 245 148 154 132 76 124 13 43 192 109 134 43 209  2.56071
2790 1 26 59 122 1 114 155 58 80 41 228 124 237 15 142 134 16 54 189 197 116 132 152 164 92 126 69 33 227 111 135 15 213  2.95651
2791 1 75 50 106 5 114 154 57 48 41 76 118 237 173 14 150 180 38 61 213 133 133 152 165 77 70 121 32 130 111 132 15 221  2.11196
2791 1 31 55 98 5 242 62 58 83 41 237 127 237 73 46 150 180 54 157 213 164 149 144 165 78 54 125 33 198 239 230 171 213  2.60707
2791 1 27 58 106 68 114 218 249 82 41 204 126 173 41 142 150 52 62 189 213 132 132 154 164 76 86 125 32 131 103 132 110 253  2.24196
2791 1 10 50 106 101 114 186 121 86 57 77 126 165 57 15 150 48 54 189 213 140 128 152 164 78 86 109 48 128 103 132 39 249  2.64508
2791 1 75 51 98 64 115 154 248 83 105 196 118 172 8 142 150 180 38 189 213 140 149 218 164 76 22 120 0 195 111 132 107 213  2.60369
2791 1 75 59 115 68 114 154 59 82 41 76 126 236 60 150 135 180 38 61 212 204 133 152 164 76 22 124 32 130 107 132 39 253  2.33304
2791 1 11 50 122 1 114 187 184 82 121 76 118 237 11 140 150 148 54 45 196 4 132 180 164 72 86 93 48 131 111 132 79 213  2.61047
2791 1 11 50 98 5 114 154 184 80 41 72 126 229 9 142 150 180 54 173 215 141 133 144 164 76 22 125 42 130 111 134 43 213  2.28033
2792 1 43 239 98 12 115 153 190 119 57 68 124 237 40 140 150 180 62 171 215 197 198 186 36 127 54 125 0 139 111 134 234 221  1.93794
2792 1 18 143 98 28 114 146 190 103 61 68 218 231 41 174 182 212 126 171 151 133 228 155 4 239 50 118 154 131 47 132 175 221  2.48291
2792 1 155 223 98 13 114 146 254 119 61 76 126 231 41 14 150 181 62 171 215 237 229 152 37 255 54 111 170 128 111 132 43 221  2.35125
2792 1 27 255 98 12 115 158 190 119 173 72 126 229 44 142 150 180 166 43 215 197 197 153 52 253 50 125 42 130 79 134 43 221  2.28524
2792 1 27 159 98 143 242 146 190 247 61 69 94 231 105 238 182 228 126 171 151 237 215 152 37 255 62 109 170 192 63 134 185 221  2.50104
2792 1 3 63 98 12 114 147 186 114 61 76 124 231 40 206 182 180 126 171 151 197 197 155 36 255 54 124 170 138 111 134 43 221  2.3618
2792 1 27 191 98 11 242 146 190 119 125 69 124 229 41 204 150 180 62 171 215 197 215 186 36 255 62 125 42 195 111 134 235 221  2.45051
2792 1 11 191 106 45 50 154 191 119 60 77 126 229 189 14 146 48 54 47 215 141 213 152 37 111 102 109 42 128 111 134 171 221  2.57046
2352 0 45 51 112 65 112 31 114 24 107 232 61 236 202 72 206 180 150 12 196 126 133 48 237 28 46 93 33 246 74 135 74 213  0
2352 0 41 251 96 72 121 157 210 120 107 108 252 173 42 204 150 180 156 168 196 102 206 35 236 29 50 93 1 187 67 134 78 215  0
2352 0 45 247 104 67 248 159 255 248 123 236 125 237 91 204 222 48 31 200 214 126 199 50 236 63 110 93 37 252 79 151 202 213  0
2352 0 47 227 96 1 120 27 202 248 99 108 253 237 75 76 222 180 30 140 196 110 206 50 237 29 62 93 33 245 111 134 74 213  0
2352 0 47 255 96 74 121 157 198 248 107 104 188 76 106 200 222 180 156 200 198 110 207 34 254 63 62 92 5 126 91 151 74 213  0
2352 0 47 179 224 65 241 31 234 216 123 233 61 204 74 200 222 180 31 204 212 126 151 114 252 82 62 92 5 238 203 167 202 213  0
2352 0 107 179 96 65 121 159 82 127 123 236 188 237 10 12 214 180 158 140 196 100 223 122 229 31 62 93 37 247 75 132 202 221  0
2352 0 109 123 112 64 121 159 82 216 107 232 44 108 10 208 199 180 150 236 196 126 199 114 236 56 62 221 37 62 75 183 74 213  0
2857 1 41 50 96 1 112 31 224 24 107 232 53 236 138 8 214 180 158 12 196 124 133 240 229 28 6 89 33 182 75 135 74 213  2.43612
2857 1 45 243 112 65 112 31 230 184 107 232 61 108 218 72 223 180 158 76 68 110 197 48 237 28 46 92 37 180 74 183 74 149  2.47694
2857 1 61 51 112 65 113 31 82 88 107 232 189 108 75 72 142 180 190 140 196 126 157 178 237 28 62 221 33 118 107 135 74 149  2.80925
2857 1 45 243 112 97 114 155 50 152 107 236 61 237 207 72 206 148 182 13 196 118 134 112 237 20 14 221 33 247 106 135 75 213  3.0683
2857 1 109 51 120 97 113 223 83 16 107 236 61 45 155 29 214 48 158 172 212 124 141 50 240 28 239 221 33 240 74 134 78 211  3.75075
2857 1 109 51 112 5 120 31 18 56 107 236 61 237 202 68 206 180 150 76 196 110 133 112 237 28 46 93 33 182 74 167 74 213  2.47694
2857 1 45 179 113 67 112 159 98 184 107 105 125 236 202 64 142 180 22 14 196 126 151 176 237 29 46 221 33 246 74 135 74 245  2.54785
2857 1 37 179 120 1 114 159 178 88 107 232 57 237 78 200 206 176 182 13 196 116 151 48 172 92 30 29 33 230 73 134 75 213  3.26361
2858 1 56 247 120 72 121 219 82 248 99 108 189 173 107 205 142 148 158 152 196 98 206 35 108 31 114 221 33 255 99 134 78 215  2.34341
2858 1 44 123 104 72 121 223 211 120 99 236 252 45 42 221 151 52 156 184 215 98 206 35 232 29 115 93 33 187 83 175 70 247  2.5164
2858 1 41 122 104 72 121 157 80 88 107 108 244 173 42 140 150 148 140 168 196 68 206 38 230 29 86 89 33 187 75 132 78 223  2.69193
2858 1 105 179 114 78 121 157 82 120 233 76 237 109 106 204 142 180 156 172 196 102 206 35 234 29 50 125 1 59 75 134 74 213  2.4651
2858 1 121 249 104 64 89 221 82 120 99 228 172 13 43 204 86 180 152 168 196 102 206 35 252 29 115 93 1 59 99 134 78 222  2.38869
2858 1 42 251 96 74 121 153 214 252 107 108 252 173 42 204 150 148 158 234 196 70 206 43 238 61 58 93 5 187 67 150 78 223  2.205
2858 1 32 227 96 8 125 155 210 104 79 44 253 45 98 200 158 148 152 168 198 102 206 35 78 29 50 93 1 59 83 14 94 199  2.54785
2858 1 35 115 98 8 121 157 218 88 107 108 248 237 42 204 150 180 158 169 198 101 143 50 228 93 54 92 1 250 75 134 74 213  2.70306
2859 1 44 247 104 66 250 219 255 248 123 236 61 173 91 205 222 52 31 216 215 126 198 50 236 55 126 93 37 253 103 151 206 245  2.34081
2859 1 45 255 104 11 120 159 191 248 122 236 60 237 251 204 223 48 31 72 214 111 199 114 254 63 110 93 37 188 79 183 75 213  2.45632
2859 1 45 247 104 99 240 159 95 248 115 108 125 237 91 77 222 48 30 200 212 126 223 50 252 63 110 205 37 252 107 135 202 209  2.47992
2859 1 37 183 104 2 240 157 254 249 123 109 125 237 82 204 222 48 159 10 70 126 215 50 238 87 110 29 37 236 73 134 202 213  2.72953
2859 1 37 239 104 3 252 159 206 248 122 236 61 205 67 200 222 16 157 200 87 127 198 114 236 63 110 29 37 252 77 159 218 213  2.72953
2859 1 47 183 104 11 244 159 254 248 87 109 125 239 75 76 254 32 95 202 151 255 254 50 108 191 110 93 165 237 255 159 218 213  3.0523
2859 1 45 247 96 67 240 31 238 252 123 232 61 236 219 76 222 180 31 206 84 126 231 114 237 63 46 93 37 244 79 183 202 213  2.55426
2859 1 47 255 106 67 243 159 255 252 123 236 124 237 107 204 222 180 63 235 215 126 199 186 172 127 126 93 37 231 111 151 206 221  3.06294
2860 1 41 227 64 9 120 27 74 248 99 104 244 237 75 64 158 180 30 140 196 110 207 50 205 29 54 93 33 252 107 134 74 213  2.07346
2860 1 45 227 96 1 124 27 206 184 71 232 189 205 195 72 222 180 24 204 86 111 205 50 109 29 46 92 165 244 79 174 90 197  2.42475
2860 1 43 227 98 64 113 27 123 120 97 236 245 173 75 205 222 180 62 140 196 110 204 178 236 93 126 89 33 229 103 134 78 245  3.21888
2860 1 47 163 96 1 93 27 194 104 67 228 253 141 67 72 222 148 24 140 198 127 142 50 237 29 62 93 1 125 103 143 90 196  2.44761
2860 1 125 227 96 0 89 27 66 248 99 228 173 141 75 72 222 148 28 204 196 110 206 114 237 29 62 93 5 117 107 166 74 212  2.532
2860 1 62 243 104 97 121 27 90 248 99 236 189 173 75 77 222 180 30 204 213 126 206 50 237 28 126 221 37 245 103 167 78 213  2.61047
2860 1 47 167 96 11 112 155 202 248 119 109 253 237 75 76 158 180 30 136 215 239 159 178 109 223 62 93 161 229 127 135 90 213  2.50715
2860 1 45 163 104 73 112 27 91 248 99 109 253 173 67 76 158 48 30 140 196 110 158 50 237 21 126 77 33 245 103 135 206 213  2.44472
2861 1 39 255 97 74 249 157 198 252 107 104 184 236 106 204 220 180 156 202 196 110 207 42 252 127 62 92 5 254 75 150 202 221  2.12026
2861 1 39 241 97 74 125 149 206 248 79 104 249 78 104 220 253 164 222 200 87 239 199 34 126 255 63 92 143 190 95 191 114 245  3.01593
2861 1 47 249 32 10 89 157 82 248 99 104 237 77 122 220 94 180 156 200 208 110 207 34 254 61 59 93 5 126 91 23 74 222  2.44472
2861 1 239 241 96 74 105 157 198 248 107 120 180 76 106 200 222 181 156 200 212 110 207 102 254 117 54 88 1 126 75 151 74 213  2.37516
2861 1 45 231 96 74 125 157 198 248 67 108 189 12 98 200 158 180 152 200 198 110 206 34 110 63 62 93 5 127 91 159 218 196  2.26336
2861 1 39 235 96 10 93 157 198 232 95 104 184 77 98 200 222 180 152 200 66 111 207 34 78 63 62 28 5 126 93 31 90 132  2.32279
2861 1 43 251 96 74 121 157 198 252 107 104 188 76 42 200 214 180 156 234 198 78 207 42 254 125 62 92 5 186 75 150 74 221  2.37516
2861 1 45 253 112 74 121 157 214 248 107 232 189 76 106 216 223 180 157 200 198 110 207 35 254 63 62 92 5 62 91 191 74 213  2.14558
2862 1 47 247 224 67 249 31 206 252 123 249 189 204 74 104 223 180 29 206 212 126 223 114 253 114 46 94 5 246 207 247 218 213  2.49496
2862 1 47 183 96 67 241 191 234 217 123 105 125 236 74 200 222 180 63 138 214 60 151 50 236 87 62 92 5 238 207 135 202 213  2.19823
2862 1 47 163 96 65 211 159 250 217 123 229 45 205 75 200 222 148 63 140 196 124 150 114 188 86 62 92 5 103 235 134 202 212  2.84301
2862 1 47 50 225 65 113 63 234 216 123 233 125 236 74 204 223 188 63 204 212 60 135 114 252 82 30 92 1 238 203 167 74 245  2.40795
2862 1 45 177 224 65 240 31 234 248 123 233 61 76 90 88 222 180 63 204 84 126 215 240 253 86 46 92 37 228 203 167 202 149  2.57702
2862 1 111 179 225 64 241 29 234 216 107 233 61 204 10 204 222 180 30 204 212 124 151 114 252 64 62 92 5 238 203 167 202 245  2.38597
2862 1 39 163 224 1 244 63 234 216 123 225 121 205 203 72 222 180 31 204 86 253 159 242 237 210 14 92 133 228 207 175 90 212  2.91877
2862 1 37 114 224 66 249 61 226 216 123 232 61 76 74 200 223 188 157 204 66 126 135 114 252 82 30 28 5 126 203 183 74 148  2.72571
2863 1 43 191 96 69 249 31 214 255 123 236 188 237 74 44 214 180 157 206 196 36 253 122 237 31 62 94 37 246 75 230 202 221  2.532
2863 1 43 179 96 1 121 159 218 127 123 233 252 237 42 140 214 180 158 175 215 21 159 186 229 223 62 93 33 242 79 134 202 221  2.6486
2863 1 249 183 104 64 113 223 80 127 115 236 180 189 11 28 198 181 158 156 196 36 253 122 228 30 122 217 37 247 107 132 206 215  2.90498
2863 1 33 163 96 1 121 159 194 111 123 232 184 77 130 8 214 180 152 140 198 125 223 122 197 31 62 92 5 118 75 140 218 156  3.04703
2863 1 233 251 96 1 120 153 82 190 123 236 52 237 42 12 214 148 134 206 196 68 206 122 229 63 46 89 37 243 75 132 74 221  2.93746
2863 1 105 179 96 5 121 31 80 63 107 236 188 237 10 12 214 180 156 140 196 36 205 122 229 29 62 93 37 182 75 132 74 221  2.50104
2863 1 56 179 120 65 241 155 82 127 99 237 60 173 11 13 198 148 30 142 196 116 222 58 228 31 126 221 37 247 99 134 206 215  2.90955
2863 1 123 179 96 64 249 159 90 125 107 237 188 237 10 12 214 180 158 141 212 116 223 43 244 93 58 93 5 254 75 134 202 85  2.86033
2864 1 109 122 225 64 121 31 67 216 99 232 172 108 10 132 215 180 28 236 196 126 141 114 236 26 62 93 37 60 203 183 74 245  2.73337
2864 1 109 123 112 64 121 157 82 216 107 236 44 237 10 196 199 180 150 236 196 94 135 98 254 56 62 93 37 186 74 183 74 213  2.47694
2864 1 105 123 80 70 121 157 82 216 107 232 44 108 42 192 199 180 150 108 196 78 199 114 234 57 38 221 37 58 74 183 74 157  2.60707
2864 1 37 123 112 64 120 159 226 216 107 232 60 108 18 216 215 180 158 236 70 126 199 114 236 56 62 28 37 62 75 179 74 133  2.86033
2864 1 109 123 112 64 121 31 86 216 107 232 44 108 74 192 199 180 150 204 196 110 205 114 236 56 62 221 37 62 75 183 74 149  2.69563
2864 1 105 113 113 68 105 95 82 120 107 232 36 108 26 212 198 180 148 220 196 110 197 114 240 8 55 217 37 62 74 182 74 245  2.8691
2864 1 109 251 113 64 243 219 119 248 107 236 44 236 74 212 199 180 54 252 196 122 199 114 172 61 62 221 37 126 107 183 78 245  2.68825
2864 1 125 57 82 64 113 159 82 88 107 232 172 76 10 208 199 180 180 172 196 120 143 51 184 28 58 221 1 126 75 135 74 149  3.01085
6 0 252 104 244 86 73 93 86 200 235 182 164 8 74 248 71 191 137 228 232 98 108 103 250 32 19 219 69 63 67 117 78 70  0
6 0 252 124 189 102 136 78 87 184 227 182 167 8 87 119 73 59 17 212 108 106 104 103 251 40 251 235 101 61 224 243 70 34  0
6 0 252 112 188 118 169 125 87 152 243 254 165 24 94 245 75 59 145 212 236 114 40 103 251 34 219 219 69 63 194 115 70 115  0
6 0 100 96 157 103 137 111 71 136 98 178 161 8 210 113 73 59 145 212 104 122 8 102 219 0 205 154 69 60 192 115 66 34  0
6 0 124 105 56 100 9 77 83 200 227 164 165 8 83 209 65 18 152 244 76 98 72 99 250 24 211 217 1 61 98 51 70 34  0
6 0 244 236 156 54 136 11 70 168 178 178 162 9 199 227 73 27 145 196 108 98 104 71 203 42 249 227 69 61 224 115 2 2  0
6 0 212 96 157 118 136 108 85 136 178 182 163 24 215 243 73 27 129 212 108 18 40 71 219 32 217 227 117 61 224 113 6 34  0
6 0 116 237 24 106 217 205 86 232 243 180 169 9 98 217 75 16 153 216 192 98 78 99 218 63 251 213 5 63 81 59 78 130  0
2929 0 237 104 148 86 201 93 68 136 251 178 164 24 74 240 77 191 129 228 232 74 109 103 250 32 27 218 69 63 202 117 74 6  0
2929 0 244 104 252 116 73 121 84 202 251 182 164 25 2 248 71 27 137 228 232 2 44 103 218 32 83 219 85 59 193 113 78 134  0
2929 0 124 104 244 68 73 93 86 200 227 182 164 8 74 216 71 191 136 212 236 98 76 103 250 32 19 217 69 63 99 55 78 6  0
2929 0 252 104 164 22 9 91 86 168 227 182 164 9 98 104 71 151 136 228 232 98 108 103 251 56 179 211 69 63 67 119 78 78  0
2929 0 228 108 53 94 73 221 215 232 251 246 164 8 98 252 5 63 137 240 232 98 104 103 250 57 51 218 69 59 67 113 70 238  0
2929 0 125 109 228 70 137 62 86 168 227 246 175 8 75 104 95 191 145 196 236 110 236 99 255 40 187 251 69 63 227 247 74 70  0
2929 0 254 104 246 54 11 88 22 192 171 182 164 169 110 254 71 159 163 245 236 66 108 71 138 104 147 243 69 59 99 117 14 70  0
2929 0 231 96 228 22 201 93 214 200 251 246 165 25 74 232 95 191 153 196 224 119 236 103 254 32 27 90 69 63 195 119 94 198  0
2937 1 237 104 148 86 9 29 68 128 235 186 162 8 238 240 69 191 129 100 104 74 109 103 218 32 147 250 85 58 74 113 74 14  1.47294
2937 1 229 104 212 82 201 25 100 200 251 178 165 88 74 208 205 191 1 196 232 90 103 103 238 96 30 26 69 63 203 245 74 132  2.22101
2937 1 237 252 148 86 9 93 86 168 251 242 165 24 106 240 77 191 129 228 232 98 109 103 250 33 179 251 69 63 74 117 74 6  1.84833
2937 1 237 32 149 84 73 127 68 8 249 178 167 24 74 112 77 191 129 196 104 42 109 103 251 0 23 218 69 63 66 113 74 36  2.07147
2937 1 237 120 212 84 233 29 68 152 251 250 164 92 74 112 199 191 129 196 236 110 237 103 251 32 30 218 69 62 74 245 74 21  1.89048
2937 1 109 104 144 86 201 93 70 136 235 178 164 8 74 240 77 190 145 196 232 90 13 99 250 32 27 218 69 63 202 119 74 6  1.62328
2937 1 236 108 148 86 201 57 70 200 251 178 161 24 74 224 77 159 145 230 232 82 44 103 202 34 26 210 69 63 194 117 74 6  2.39415
2937 1 236 104 148 86 201 93 68 136 251 178 164 24 74 241 69 191 129 244 232 74 104 103 250 34 27 218 85 63 194 113 78 38  1.86918
2938 1 224 104 252 116 73 89 84 206 251 182 164 24 34 249 71 27 137 244 232 66 108 103 218 32 83 219 85 59 65 113 78 138  1.76172
2938 1 252 44 254 116 73 122 84 66 241 134 230 25 75 249 7 27 169 228 232 34 44 231 178 10 83 251 81 27 227 113 110 134  2.2187
2938 1 244 108 252 84 201 125 84 202 251 182 164 24 66 248 71 59 137 228 224 2 44 103 250 34 83 219 85 63 193 113 78 198  1.79878
2938 1 124 104 216 116 201 121 86 194 115 166 164 24 11 161 71 154 137 236 224 18 12 118 194 34 87 223 85 59 227 113 78 134  2.52573
2938 1 124 104 174 52 73 125 84 66 227 182 164 9 2 169 87 27 137 228 233 6 12 103 210 32 211 219 85 59 195 117 78 66  2.43612
2938 1 225 104 172 52 73 61 212 74 251 246 160 25 162 232 87 27 137 229 104 7 44 103 210 32 147 91 85 59 73 117 74 206  2.57374
2938 1 228 106 252 20 104 57 212 200 235 190 164 61 2 232 71 27 137 228 236 66 164 103 206 32 86 27 85 63 193 113 78 199  2.36979
2938 1 244 108 252 118 141 121 84 202 243 183 164 25 66 248 79 27 137 198 232 18 46 103 218 50 219 211 85 63 193 125 222 6  2.46217
2939 1 124 104 240 66 9 93 82 200 227 180 165 8 74 216 79 190 137 212 236 82 14 103 250 48 155 217 5 127 227 55 78 6  1.78827
2939 1 252 120 244 68 73 93 87 216 227 254 164 8 10 221 71 191 136 212 236 98 204 103 250 32 83 217 69 63 99 183 78 118  1.59209
2939 1 252 96 246 68 73 91 84 72 225 166 164 8 74 216 71 191 152 244 236 98 76 103 242 8 19 219 65 63 99 53 78 6  1.83258
2939 1 252 104 212 68 75 91 86 200 235 178 164 40 74 144 69 191 162 212 236 98 76 103 202 0 18 217 69 63 99 49 78 6  2.23493
2939 1 124 105 240 68 201 89 86 200 227 182 172 8 74 240 79 190 153 212 228 98 76 99 250 32 51 217 69 63 99 119 78 6  2.04794
2939 1 253 105 254 70 73 92 86 232 225 178 164 8 74 216 79 187 168 212 236 98 76 103 186 32 115 249 69 63 99 51 78 6  2.35916
2939 1 124 104 150 86 73 221 86 192 235 180 164 8 106 208 71 190 128 228 232 66 76 99 250 32 147 217 69 59 66 55 78 6  2.06751
2939 1 108 121 240 68 201 93 86 200 99 176 172 8 74 248 69 190 152 220 224 114 76 99 250 0 31 217 69 63 195 119 78 166  2.54466
2940 1 252 105 164 4 9 95 70 168 227 174 164 9 66 104 71 151 152 228 232 98 108 99 251 56 179 211 69 63 67 127 94 70  2.26818
2940 1 120 233 164 54 137 93 86 237 227 244 164 9 98 248 71 147 136 230 232 66 76 107 218 40 187 211 69 59 67 118 206 78  2.32279
2940 1 248 108 102 86 9 91 86 164 241 166 166 9 106 97 7 151 136 228 232 98 108 231 251 44 179 243 69 19 99 117 78 78  2.52261
2940 1 252 108 108 52 9 91 86 232 243 246 164 137 67 108 71 155 8 228 236 98 108 103 255 42 243 195 69 63 99 117 78 86  2.42193
2940 1 244 104 4 30 9 27 6 232 235 182 160 9 226 192 7 151 136 228 232 99 108 103 219 57 176 114 69 59 64 55 74 14  2.66284
2940 1 252 108 148 54 9 89 86 168 227 182 164 9 106 224 71 151 129 228 232 98 108 103 218 57 179 211 69 63 66 119 78 78  2.22794
2940 1 236 104 172 23 13 91 198 168 115 182 164 9 226 104 87 31 137 228 232 98 108 102 251 56 103 91 69 63 67 127 94 78  2.72953
2940 1 254 238 236 62 141 27 214 236 211 182 164 139 99 104 23 147 201 230 233 231 108 103 207 191 186 83 197 63 119 125 94 78  3.10109
2941 1 228 108 245 86 73 93 199 232 249 182 164 8 114 245 69 63 25 244 96 106 96 103 250 42 55 154 69 59 67 241 70 236  2.68092
2941 1 224 124 117 84 73 95 213 110 233 246 164 8 98 60 5 63 136 244 104 34 105 103 242 8 19 218 85 59 67 112 70 110  2.73722
2941 1 164 236 53 94 77 221 199 232 223 54 164 8 98 248 21 63 201 242 106 106 104 103 122 63 51 218 69 59 83 121 86 174  2.3279
2941 1 232 237 117 94 73 221 87 236 227 214 164 8 106 253 7 55 136 242 232 106 108 103 250 61 115 219 69 59 67 53 70 110  2.3076
2941 1 230 124 53 86 201 77 151 232 251 246 160 8 98 252 77 63 153 244 104 98 105 103 250 120 49 26 69 62 65 113 70 230  2.61047
2941 1 230 120 55 94 73 221 151 200 235 210 160 8 98 220 5 63 136 112 234 66 69 103 186 121 19 26 65 59 65 51 70 246  2.48891
2941 1 236 108 183 94 73 221 87 230 251 150 164 8 106 245 69 63 137 246 224 66 104 103 250 43 51 250 85 59 67 113 70 174  2.42475
2941 1 228 252 53 86 73 221 22 232 251 178 160 8 110 244 69 183 129 117 232 98 97 103 250 57 51 210 69 59 66 115 71 46  2.83446
2942 1 125 109 246 86 137 126 86 168 225 182 175 8 107 120 31 191 177 230 236 106 108 227 191 40 179 251 69 19 227 247 74 6  2.2877
2942 1 253 101 244 70 169 31 86 184 227 250 165 12 75 120 223 191 153 196 236 110 237 103 255 40 186 219 69 63 107 247 74 68  2.13495
2942 1 125 237 228 70 201 123 86 168 115 246 173 8 75 104 95 190 25 198 232 122 124 99 255 34 59 223 69 63 227 247 206 70  2.04988
2942 1 125 96 236 36 9 30 84 40 225 246 167 13 75 104 95 191 129 196 236 46 204 103 255 0 147 251 69 23 107 119 74 70  2.68458
2942 1 125 105 228 70 137 94 70 136 227 246 166 8 75 224 215 191 17 228 236 110 204 99 255 40 59 123 69 63 227 247 74 68  2.26818
2942 1 253 110 228 85 137 62 84 170 243 246 166 29 75 40 87 191 1 196 236 46 236 101 239 32 154 251 85 55 227 245 74 68  2.57374
2942 1 127 103 236 6 137 27 94 232 99 246 173 141 75 104 95 151 25 196 237 231 236 99 237 136 58 91 197 63 103 247 90 70  2.64156
2942 1 127 111 224 6 137 60 86 136 227 246 172 13 75 232 95 158 145 198 236 102 204 99 239 32 186 255 69 63 227 247 74 70  2.35916
2943 1 254 104 238 54 11 88 86 192 161 150 164 137 107 238 71 27 162 245 237 194 108 71 142 104 211 243 69 59 99 117 110 70  2.1099
2943 1 214 104 150 190 11 209 22 200 175 150 128 11 110 222 103 223 232 245 235 195 108 71 154 248 145 114 79 59 16 119 47 6  3.03136
2943 1 126 104 246 86 75 88 23 192 163 134 166 137 106 231 71 158 34 245 232 66 8 71 186 104 19 242 69 59 227 119 38 102  2.56395
2943 1 254 121 246 54 139 88 22 236 171 246 164 169 110 254 71 159 167 245 237 98 108 71 154 104 187 211 69 63 99 117 14 94  2.30009
2943 1 254 124 230 22 139 82 30 232 177 246 167 185 74 254 79 159 191 245 253 227 108 71 174 234 179 115 77 159 103 117 46 86  2.91415
2943 1 220 104 214 52 11 90 54 192 233 166 162 41 78 242 71 155 162 245 236 98 100 231 138 104 146 243 69 27 98 117 15 6  2.37247
2943 1 254 122 246 86 107 89 22 192 171 182 164 169 110 238 199 159 166 245 236 66 76 71 170 96 146 209 69 187 99 247 14 87  2.23961
2943 1 222 120 150 54 11 88 20 200 171 182 164 41 110 242 71 159 163 245 236 66 108 71 138 96 147 243 69 59 66 117 15 7  2.02306
2944 1 103 98 224 22 201 29 214 200 235 246 161 13 74 232 95 158 153 196 232 119 204 103 206 96 26 88 69 63 193 119 74 198  1.89213
2944 1 254 96 228 18 205 89 214 200 195 246 181 139 74 236 95 159 153 196 243 119 204 103 254 176 27 91 197 63 231 127 94 214  2.23026
2944 1 247 96 230 20 77 87 220 200 251 246 161 27 74 236 95 191 217 197 249 231 236 103 254 192 19 90 205 63 69 117 126 214  2.52886
2944 1 229 104 232 22 201 93 214 200 251 246 165 9 66 248 95 59 153 204 96 127 204 103 254 32 95 91 69 63 193 119 90 198  2.15417
2944 1 165 228 228 82 205 127 198 200 91 242 165 24 66 248 95 191 153 204 98 122 254 103 254 50 63 90 69 127 195 127 218 198  2.2187
2944 1 239 224 228 86 233 93 215 200 251 246 165 25 74 236 223 191 153 196 228 110 236 103 254 34 63 91 69 63 67 245 206 214  2.33821
2944 1 231 96 228 22 205 63 198 200 251 246 161 29 66 232 95 159 153 196 224 119 172 103 223 32 30 90 69 63 203 127 90 198  2.09354
2944 1 254 100 228 22 201 121 214 200 251 246 165 153 74 236 95 159 153 196 232 119 172 103 238 98 27 90 69 63 195 117 78 198  2.08144
2930 0 252 104 252 100 136 78 87 184 227 182 166 8 83 113 75 27 17 212 108 106 104 103 251 40 251 235 101 53 226 243 70 98  0
2930 0 252 119 252 102 170 74 87 184 163 182 167 169 87 103 75 27 55 212 237 98 104 71 235 40 251 227 101 61 98 243 6 115  0
2930 0 252 252 157 118 136 78 87 184 178 182 167 8 215 119 9 19 17 212 108 106 104 71 251 63 249 227 101 60 96 243 6 34  0
2930 0 252 108 255 118 9 78 87 176 225 166 167 8 115 119 1 59 32 244 108 106 104 231 187 40 243 235 101 17 98 243 70 34  0
2930 0 252 116 189 118 136 110 87 184 113 178 167 24 87 119 73 59 17 212 108 106 105 103 249 42 251 235 69 52 224 243 70 34  0
2930 0 252 125 253 102 136 79 87 184 115 254 165 8 83 117 73 51 25 212 108 106 105 103 251 42 251 203 101 60 99 243 70 114  0
2930 0 124 121 157 102 136 76 87 152 163 184 175 8 87 247 73 58 17 212 108 122 73 67 251 32 251 233 101 60 224 243 70 34  0
2930 0 252 237 189 118 168 77 87 189 226 182 164 8 247 117 73 51 129 214 108 106 104 99 251 40 251 203 101 61 96 242 198 42  0
3009 1 252 108 252 116 136 78 85 190 227 182 166 8 83 49 67 27 1 244 108 106 104 103 251 40 251 235 101 53 226 241 70 42  1.60197
3009 1 252 96 252 100 8 79 87 152 99 182 167 8 83 113 73 27 17 212 108 106 104 103 249 8 211 235 101 53 98 243 70 34  1.36944
3009 1 124 97 252 100 136 74 87 184 99 182 174 8 83 97 75 27 17 196 108 106 72 99 233 8 251 235 101 53 227 243 70 98  1.60321
3009 1 252 237 252 96 136 111 87 184 99 182 172 8 83 113 75 27 25 212 109 122 120 99 251 58 251 203 101 125 225 243 198 34  2.21412
3009 1 252 44 252 117 136 110 85 186 243 246 166 25 83 125 83 59 1 212 109 42 56 101 251 40 219 235 117 21 226 241 70 98  2.16718
3009 1 253 108 252 102 168 26 87 184 227 190 166 8 83 97 203 59 17 196 108 106 236 103 239 40 250 235 101 61 226 243 74 66  1.97508
3009 1 252 33 188 103 136 79 87 152 226 182 167 8 211 113 75 59 17 212 108 122 56 97 251 32 235 203 101 117 224 243 70 98  2.13073
3009 1 252 96 252 100 137 78 85 184 227 182 166 8 83 119 75 59 1 212 108 106 104 71 251 0 219 235 69 61 226 241 70 98  1.79126
3010 1 220 114 255 102 42 74 87 184 161 190 167 168 95 247 201 27 54 213 237 98 104 71 171 40 243 227 101 189 98 243 6 115  1.70375
3010 1 222 125 236 230 138 66 95 184 163 246 159 171 95 127 75 91 127 213 253 227 104 67 251 40 251 227 239 157 37 243 38 115  2.8824
3010 1 252 255 124 118 170 74 87 188 177 190 167 185 115 103 139 19 23 214 237 98 104 71 235 47 251 227 101 61 98 243 198 115  2.29511
3010 1 124 127 252 100 170 74 87 184 163 182 166 173 95 103 67 27 39 213 237 98 104 67 203 40 251 227 101 189 226 241 6 115  2.10169
3010 1 220 116 252 102 138 74 87 184 160 182 167 169 87 119 75 27 55 213 237 98 104 71 187 8 251 227 101 61 96 243 6 115  1.76902
3010 1 124 247 252 102 138 75 87 184 35 180 173 169 67 103 75 19 23 212 237 98 104 67 235 40 251 227 101 61 98 243 134 114  2.31011
3010 1 252 118 236 38 170 90 87 184 33 246 167 173 67 109 219 27 55 196 237 102 236 71 237 40 242 227 101 181 99 247 78 83  2.48291
3010 1 124 119 252 102 170 106 87 152 35 182 175 169 87 103 73 26 23 212 237 114 8 67 235 32 251 231 101 61 226 243 6 99  2.09557
3011 1 252 244 189 102 136 79 87 184 162 182 167 8 215 119 73 19 17 212 109 106 104 71 251 58 249 227 101 60 96 243 6 114  2.09557
3011 1 252 245 29 102 136 79 71 184 162 186 161 8 87 115 73 19 17 212 108 106 104 71 219 60 249 195 101 60 96 243 6 34  2.10373
3011 1 212 252 157 118 170 74 71 188 242 182 166 56 87 119 137 51 19 212 108 106 104 71 235 47 249 162 101 60 96 241 134 33  2.99074
3011 1 220 237 159 126 153 78 87 188 178 150 175 24 119 247 9 83 49 214 108 106 120 71 187 47 251 231 69 29 226 243 166 34  2.60369
3011 1 252 252 29 126 8 79 87 184 178 50 165 8 247 119 9 51 145 212 108 106 104 103 251 63 241 235 101 60 96 51 70 34  2.165
3011 1 252 252 157 126 8 76 87 184 179 150 164 8 119 247 9 19 17 246 109 106 104 71 250 59 241 227 101 56 96 243 6 34  2.53515
3011 1 220 124 157 118 136 78 71 184 162 178 167 8 215 119 9 123 17 212 108 106 105 69 251 40 249 227 101 20 160 243 6 34  2.17156
3011 1 252 244 29 114 136 79 87 184 178 62 165 24 215 87 72 19 17 212 108 106 122 71 251 55 251 195 101 124 96 179 134 34  2.19149
3012 1 252 124 159 118 9 110 85 48 225 186 167 24 119 115 1 59 128 244 108 106 104 103 251 40 211 251 65 17 98 241 70 34  1.959
3012 1 124 105 255 102 137 94 87 16 225 166 167 8 91 119 1 59 32 244 236 106 72 227 185 40 243 235 101 17 226 243 70 98  1.8708
3012 1 252 120 254 102 9 78 87 184 225 162 167 8 123 115 9 59 48 244 108 106 104 231 187 40 243 235 101 17 98 243 70 34  1.76609
3012 1 252 108 159 118 9 78 71 160 225 166 166 8 119 115 1 59 0 244 108 106 104 229 251 40 243 235 69 17 98 243 70 42  1.74154
3012 1 252 108 255 118 137 110 87 166 241 182 166 24 115 125 1 59 161 246 109 98 104 231 187 42 243 235 69 17 97 113 70 106  2.11611
3012 1 252 108 255 118 195 106 119 240 241 134 231 8 123 247 1 59 51 244 228 106 104 247 170 42 115 235 69 1 99 243 102 162  2.42758
3012 1 252 104 255 118 8 78 85 144 160 182 166 8 115 119 1 59 32 244 109 106 104 199 187 40 211 235 101 17 96 241 70 98  1.87895
3012 1 252 108 127 118 8 78 87 240 241 134 167 8 115 247 1 51 48 244 108 106 104 231 186 42 243 235 101 25 96 243 70 34  1.98777
3013 1 252 116 189 102 168 111 87 152 112 186 167 24 215 119 73 59 145 212 108 106 105 103 249 0 211 235 101 52 224 243 70 34  1.47185
3013 1 244 124 191 118 136 110 87 168 241 178 163 24 86 119 73 59 177 212 104 98 105 103 187 42 249 170 69 22 224 115 198 34  2.2706
3013 1 252 52 253 119 136 110 85 152 115 178 167 24 83 119 73 59 17 212 108 42 41 118 249 2 219 235 117 52 226 241 70 34  2.05377
3013 1 252 100 157 102 136 110 71 152 49 178 167 24 87 115 73 59 17 212 108 106 105 71 217 10 241 235 101 52 224 243 70 34  1.66205
3013 1 252 124 189 117 137 110 85 154 115 242 166 24 215 55 65 59 129 212 124 58 41 101 249 10 219 235 85 52 224 241 70 98  2.2706
3013 1 252 164 255 118 137 110 87 169 113 182 175 24 83 119 9 59 57 214 108 42 56 231 249 46 251 239 69 21 225 243 198 34  2.31011
3013 1 252 100 157 118 137 110 71 184 113 178 167 24 83 115 73 59 17 212 108 106 105 103 249 42 251 251 69 52 226 243 198 34  1.53828
3013 1 220 124 189 119 136 110 87 190 241 186 166 24 215 115 9 59 129 214 108 42 105 229 251 42 235 251 85 20 224 241 198 34  2.09964
3014 1 252 125 253 70 201 79 71 184 115 246 164 8 83 117 77 55 25 212 108 106 105 103 251 42 123 203 69 60 99 243 70 114  1.87895
3014 1 252 245 253 102 137 79 87 184 115 190 173 8 83 117 73 51 25 212 108 106 120 99 251 62 251 203 101 61 99 243 198 98  1.77049
3014 1 116 253 253 102 136 79 87 184 35 254 172 9 83 125 73 51 157 212 125 98 233 99 251 56 251 203 101 60 97 243 70 115  2.23961
3014 1 252 112 125 102 8 79 87 248 97 254 165 8 83 85 73 59 24 212 109 106 105 103 251 40 243 201 101 60 97 179 70 114  1.98413
3014 1 252 124 233 102 136 79 87 248 114 230 173 9 83 125 91 50 25 212 125 106 232 103 249 42 251 207 101 61 225 243 70 114  2.26818
3014 1 252 117 253 103 140 79 87 184 115 190 165 8 83 117 73 59 25 212 108 122 104 102 249 58 251 203 101 61 225 251 198 98  2.165
3014 1 236 112 249 103 200 79 87 152 115 246 165 8 83 117 73 59 25 220 100 122 233 118 249 0 127 203 101 52 227 243 70 242  2.30259
3014 1 253 113 253 102 168 79 71 184 99 250 165 76 83 117 201 59 21 212 108 106 233 103 251 40 243 219 101 60 106 243 66 49  2.40241
3015 1 124 121 157 102 136 76 87 152 227 186 175 8 87 247 73 58 145 212 108 122 73 99 251 32 251 235 101 60 224 115 70 34  1.45457
3015 1 124 33 189 102 136 108 87 152 99 189 175 8 83 119 73 58 17 214 108 122 24 99 251 32 251 237 101 125 224 243 198 34  1.78976
3015 1 93 121 157 102 137 76 87 152 163 242 174 8 215 247 73 122 1 212 108 122 73 65 251 32 251 235 69 60 170 243 2 50  1.90046
3015 1 100 121 251 70 200 76 87 152 227 180 174 8 82 247 205 50 50 244 108 90 72 67 186 96 123 172 101 60 224 243 70 34  2.59027
3015 1 124 241 153 102 136 76 87 184 163 184 175 8 87 247 73 50 16 212 108 106 72 67 251 32 251 233 101 60 98 179 198 34  1.92586
3015 1 124 113 157 102 136 78 71 152 35 176 175 8 87 119 73 26 49 212 108 122 9 67 217 32 249 225 101 60 226 243 6 34  1.78827
3015 1 124 249 185 102 152 76 87 152 162 188 175 8 87 247 73 50 17 212 109 122 74 67 251 32 251 229 37 124 224 243 6 114  1.78082
3015 1 252 112 157 102 40 76 87 152 163 186 167 8 215 87 73 59 16 212 108 106 73 71 251 0 211 233 101 60 96 179 70 35  1.79577
3016 1 116 253 189 102 136 77 87 189 162 182 172 8 215 117 73 51 129 214 109 114 120 107 251 40 251 195 101 61 224 114 198 106  2.06751
3016 1 252 225 61 98 168 77 87 189 226 182 165 24 215 119 72 51 129 214 108 106 122 99 251 49 251 203 101 125 96 178 198 34  2.08546
3016 1 232 248 61 118 40 77 85 188 226 190 164 8 247 87 65 59 129 212 108 106 104 103 251 49 243 203 101 60 64 176 70 42  2.18703
3016 1 252 237 189 118 168 77 87 188 226 190 172 8 247 113 73 51 129 214 108 106 104 99 251 40 251 203 101 61 96 242 198 42  1.70238
3016 1 120 237 189 118 137 76 85 191 227 182 174 8 119 247 72 51 129 214 108 74 104 107 251 33 251 251 85 61 98 240 198 42  2.20274
3016 1 252 229 189 119 140 79 85 189 226 182 165 24 243 117 72 51 137 214 108 106 104 103 251 61 235 203 101 61 96 122 198 106  2.48591
3016 1 252 237 189 118 137 79 87 175 243 178 174 8 247 113 65 59 129 246 108 106 104 105 251 40 251 219 69 53 192 112 198 42  2.19149
3016 1 252 237 124 102 152 75 87 188 226 180 172 8 115 113 73 19 17 214 108 106 104 99 235 61 251 203 101 61 96 242 198 42  2.3969
2931 0 252 112 252 118 233 125 87 216 243 254 181 57 91 253 79 59 159 213 253 114 168 103 250 34 219 219 101 191 227 247 70 115  0
2931 0 252 48 188 114 169 109 87 152 243 190 165 24 214 245 73 59 145 212 236 114 58 103 251 50 219 219 69 127 194 115 70 35  0
2931 0 236 244 185 98 233 125 87 152 115 254 165 24 90 245 75 62 145 220 236 122 43 103 250 50 251 221 5 127 194 243 70 114  0
2931 0 252 244 188 118 169 127 87 188 115 254 165 24 90 117 75 59 145 214 236 34 104 103 251 42 251 219 85 63 194 113 198 115  0
2931 0 252 112 189 118 169 125 85 152 243 254 167 24 219 117 75 59 129 212 236 26 41 103 251 32 219 219 85 63 194 241 70 115  0
2931 0 124 112 188 38 169 125 86 152 163 254 173 45 79 253 75 26 151 213 237 114 140 67 251 32 219 211 101 63 226 119 14 83  0
2931 0 252 120 190 118 41 76 87 216 179 222 165 57 127 215 75 27 133 245 237 66 104 71 186 32 211 243 101 59 98 113 6 115  0
2931 0 228 120 189 118 233 77 23 200 187 254 165 8 126 245 73 59 145 117 232 82 99 103 186 34 251 147 69 63 192 115 7 115  0
3081 1 252 113 252 98 168 93 215 216 235 254 181 45 95 221 223 59 159 213 253 115 204 103 250 32 219 217 101 191 195 247 70 115  2.1848
3081 1 254 116 236 50 173 127 223 216 115 254 181 157 75 109 95 27 157 197 253 247 188 103 255 162 219 91 197 255 231 247 214 87  2.19149
3081 1 236 112 248 118 233 125 87 216 115 254 181 57 91 125 223 59 157 220 245 122 168 118 250 32 95 219 101 61 227 247 70 243  1.79577
3081 1 252 116 249 102 235 107 87 216 51 254 181 185 95 253 79 26 191 221 245 114 40 103 186 34 219 199 101 191 227 119 70 243  2.24432
3081 1 254 124 245 86 235 127 87 216 251 254 181 56 74 253 207 63 183 213 253 114 233 103 186 106 123 219 69 191 227 247 70 119  2.33821
3081 1 252 240 108 114 41 93 87 248 243 126 181 57 91 221 95 59 157 212 253 98 234 103 250 51 211 219 101 191 99 183 70 115  2.38869
3081 1 252 112 252 118 233 125 87 216 179 254 181 57 91 253 79 59 159 213 253 114 168 103 250 34 219 219 101 191 227 245 70 115  1.78827
3081 1 252 116 252 100 41 127 87 88 113 254 181 57 91 125 79 59 159 213 253 98 172 103 249 10 211 219 101 191 227 247 70 115  2.08144
3082 1 252 180 188 114 137 109 87 136 243 191 165 24 214 245 73 59 145 214 236 114 58 103 251 50 219 211 69 127 194 115 198 34  1.20564
3082 1 124 48 149 98 169 125 83 152 235 184 173 8 94 247 73 190 145 212 236 114 25 99 251 0 219 217 69 63 194 115 70 35  2.12235
3082 1 236 120 189 114 169 109 87 152 251 190 165 24 214 245 73 59 145 84 108 114 42 103 251 50 203 219 101 62 192 115 70 99  1.69418
3082 1 252 52 188 112 169 111 81 152 243 190 165 24 86 241 73 59 145 212 108 50 56 103 251 2 219 219 69 127 194 97 70 34  1.62202
3082 1 252 240 189 114 169 77 87 152 243 190 165 24 222 213 73 59 145 212 236 114 106 103 251 48 219 219 69 127 66 51 70 35  1.86756
3082 1 236 50 156 114 169 121 86 152 251 190 165 56 198 241 75 27 145 84 236 114 62 101 203 34 203 211 101 127 194 115 78 3  2.03065
3082 1 237 52 156 114 169 63 86 152 251 250 165 92 214 113 73 59 145 68 108 114 189 103 219 50 203 219 69 126 202 115 74 19  2.60369
3082 1 252 164 188 122 141 125 82 136 211 191 165 24 195 249 75 59 153 208 236 114 62 103 251 50 219 219 69 127 210 123 94 2  2.3618
3083 1 236 244 185 98 233 125 87 152 115 255 173 24 210 117 75 62 145 222 236 122 59 102 251 50 239 223 5 125 194 243 198 114  1.9896
3083 1 124 53 248 102 153 125 87 152 115 239 173 8 91 245 75 62 145 222 236 122 26 99 250 34 251 221 5 63 226 243 198 114  1.97148
3083 1 252 112 249 98 233 125 83 216 115 254 165 24 83 213 75 58 153 220 196 122 42 102 250 50 91 221 37 125 226 243 70 243  2.01929
3083 1 236 244 57 98 57 221 83 152 243 252 165 24 90 213 74 55 145 220 204 122 107 103 250 55 251 217 5 127 66 147 70 115  2.57702
3083 1 237 244 169 66 205 125 215 216 83 255 165 24 82 253 95 62 153 220 113 122 171 103 251 50 95 223 5 127 195 127 86 242  2.65569
3083 1 237 240 177 98 169 93 87 152 123 250 165 8 222 213 73 54 145 92 108 122 75 103 250 50 251 221 5 126 194 51 198 115  2.32279
3083 1 253 112 185 66 169 124 83 152 227 254 165 8 90 213 79 62 145 212 252 122 143 103 250 34 219 221 5 127 194 119 70 118  2.3279
3083 1 108 112 241 66 233 125 87 152 115 254 165 8 90 245 205 190 145 220 228 122 137 102 250 34 95 221 5 63 194 243 70 247  2.14558
3084 1 252 244 188 118 137 127 85 172 115 254 165 25 82 125 75 59 153 214 236 34 108 103 251 42 251 219 85 63 194 113 198 114  1.88059
3084 1 252 245 60 118 169 95 87 189 241 254 165 57 74 117 10 19 149 214 236 98 124 103 251 63 251 211 69 63 98 246 206 83  2.50104
3084 1 252 245 189 118 169 95 87 188 243 254 173 24 214 117 75 51 145 214 236 98 121 99 251 58 251 219 69 63 194 115 198 115  2.02117
3084 1 252 252 189 118 137 125 87 174 243 254 172 24 122 245 75 63 145 214 236 34 104 103 251 43 251 255 85 63 194 113 198 122  2.09354
3084 1 252 124 188 118 169 127 87 190 251 190 166 56 94 117 75 27 145 214 236 34 104 103 251 42 251 219 85 55 194 113 198 115  2.03256
3084 1 253 244 188 119 169 127 87 188 115 254 165 28 219 113 75 59 145 198 236 110 236 100 251 42 235 219 101 53 202 247 202 83  2.36712
3084 1 253 244 180 86 169 127 87 188 123 250 165 60 74 116 207 191 149 214 236 34 237 103 251 42 187 219 69 62 202 119 198 119  2.35651
3084 1 252 180 252 119 137 127 85 191 115 255 165 24 91 125 74 59 145 214 236 34 120 118 249 2 251 219 85 55 227 240 198 114  2.33047
3085 1 253 112 172 118 141 125 85 152 243 254 165 24 211 125 91 59 137 196 125 58 44 103 251 0 219 219 85 61 194 121 86 114  2.22101
3085 1 252 48 189 118 137 124 85 152 243 255 167 24 218 245 75 59 129 212 236 18 56 103 251 32 219 251 85 63 194 113 70 114  1.78827
3085 1 252 112 189 100 41 93 81 24 227 254 167 24 223 85 75 59 128 212 236 122 9 103 251 0 211 217 65 63 66 179 70 115  2.04215
3085 1 236 112 189 119 169 125 85 152 243 254 167 24 223 117 75 59 129 84 236 26 41 100 251 32 207 219 117 53 194 241 70 115  1.57988
3085 1 236 120 189 116 41 109 85 154 251 254 164 24 150 181 65 59 129 212 108 10 41 103 250 32 211 219 85 63 194 113 70 98  1.79426
3085 1 237 112 181 87 169 124 85 152 251 250 167 24 222 117 77 191 129 84 236 74 169 101 251 32 143 251 85 54 202 113 70 119  1.90717
3085 1 252 48 253 117 137 127 85 24 115 254 167 24 91 53 75 59 145 212 236 58 41 101 249 2 219 219 85 55 226 241 70 114  1.93275
3085 1 252 120 220 116 169 124 85 154 227 190 166 24 75 243 67 191 129 212 236 10 40 103 251 32 211 251 85 31 226 241 78 35  2.165
3086 1 94 120 174 54 171 116 30 152 163 254 135 173 79 255 75 27 183 213 253 243 140 67 187 96 219 243 77 191 162 119 47 83  2.67003
3086 1 124 116 188 38 171 125 86 216 163 254 173 41 79 247 75 26 183 213 236 114 12 67 186 34 251 215 69 63 226 119 14 83  1.87405
3086 1 92 113 188 38 171 93 23 152 171 254 173 45 222 247 75 26 151 213 253 114 141 67 251 32 219 209 101 63 202 119 7 83  2.22101
3086 1 124 113 248 102 169 124 87 152 163 252 173 45 79 245 75 26 149 212 236 114 140 67 251 32 219 221 101 63 226 247 78 83  1.86272
3086 1 126 112 172 38 41 125 95 152 163 254 133 141 207 253 91 26 149 213 253 103 140 71 251 0 211 211 77 191 226 119 14 83  2.5672
3086 1 252 114 252 54 171 121 86 152 179 254 165 189 79 109 75 27 151 213 237 118 172 71 203 32 218 211 101 191 226 247 14 83  2.26096
3086 1 124 114 188 38 169 127 86 152 99 254 173 45 67 109 75 26 145 196 236 114 140 99 235 0 219 215 101 63 226 119 78 83  2.14345
3086 1 109 114 148 38 169 61 22 152 235 250 165 109 206 244 75 154 149 69 236 118 141 99 219 32 154 211 69 62 202 119 10 87  2.53515
3087 1 252 120 191 118 41 92 87 216 169 218 165 24 94 215 73 59 164 245 253 98 105 71 186 96 211 251 69 58 74 115 6 115  2.50409
3087 1 252 120 190 118 41 237 87 208 179 158 164 25 126 247 67 27 129 244 237 66 40 103 186 34 211 243 65 59 226 113 70 115  2.33821
3087 1 252 112 189 116 41 76 85 152 179 254 165 57 95 215 75 27 133 213 237 98 104 71 250 0 211 243 101 63 98 177 6 115  2.32534
3087 1 220 120 190 118 43 92 23 152 171 222 165 41 110 215 75 31 166 245 237 66 72 71 186 96 211 241 69 59 66 119 7 115  2.59696
3087 1 252 120 186 114 171 205 87 216 179 158 165 57 95 215 75 27 167 241 237 82 106 71 186 32 211 193 101 59 98 51 6 115  2.60707
3087 1 252 120 190 118 41 76 87 184 179 222 164 41 126 247 67 27 133 245 237 66 104 103 250 42 243 243 101 59 66 113 70 123  2.63109
3087 1 220 120 190 118 41 92 87 144 179 254 166 61 127 247 67 27 135 245 237 66 108 71 186 34 211 243 101 187 98 245 14 83  2.56071
3087 1 222 126 190 62 43 118 31 248 179 222 215 189 127 255 11 27 183 245 253 231 236 199 187 107 211 227 111 159 38 119 39 83  3.47377
3088 1 228 120 189 118 233 77 23 200 234 254 164 8 246 245 73 59 129 116 232 82 67 103 250 32 219 211 69 63 192 115 71 115  2.13073
3088 1 229 124 189 86 233 77 23 152 251 250 165 12 246 244 77 59 149 116 108 98 225 103 250 42 105 154 69 62 200 115 70 115  2.65569
3088 1 100 124 147 86 201 124 23 200 187 170 173 8 126 247 77 190 149 119 236 82 33 103 186 106 187 190 69 58 194 115 7 51  3.23145
3088 1 236 248 185 114 235 205 23 216 187 190 37 56 126 215 73 59 151 89 192 82 98 103 186 51 251 209 69 63 66 115 7 243  2.81341
3088 1 196 124 191 118 203 205 23 200 186 246 165 9 126 247 73 59 177 117 233 114 98 71 186 106 249 147 69 63 192 115 7 114  2.48591
3088 1 196 252 191 118 169 108 23 200 251 218 165 24 126 255 73 59 163 119 124 66 99 103 186 99 251 251 85 59 192 113 7 115  3.03655
3088 1 228 120 189 118 170 77 23 200 171 254 161 40 222 245 73 59 135 85 253 114 97 103 250 32 217 146 69 62 192 115 7 115  2.51022
3088 1 76 249 177 118 169 93 23 152 171 250 164 8 254 247 73 190 149 117 252 82 67 67 186 32 251 217 69 62 194 115 7 115  2.74497
2932 0 108 36 157 103 137 111 71 136 115 179 173 24 211 113 73 59 145 212 104 58 56 98 219 0 207 219 69 52 194 115 194 34  0
2932 0 100 32 153 98 137 109 67 136 98 177 169 8 214 241 73 58 145 212 104 122 10 99 219 48 217 156 5 124 192 115 70 34  0
2932 0 228 224 157 115 137 77 71 136 106 178 161 24 214 113 73 59 145 84 104 122 105 100 219 48 205 155 69 60 192 115 70 34  0
2932 0 108 96 236 101 201 111 71 136 99 182 165 8 211 97 95 58 25 196 104 122 8 114 251 0 79 219 69 53 195 243 86 226  0
2932 0 228 96 145 101 205 111 71 136 115 178 161 8 210 113 73 59 153 220 96 122 72 118 217 16 205 154 69 60 192 123 70 162  0
2932 0 101 96 149 102 137 111 71 136 226 178 161 8 214 113 73 59 145 196 104 122 9 103 219 0 153 154 69 60 200 115 66 34  0
2932 0 100 104 157 117 168 111 69 136 234 178 162 8 214 49 65 59 129 84 104 90 8 100 219 32 205 154 69 52 192 113 66 34  0
2932 0 229 100 172 35 140 47 198 136 114 178 161 25 211 104 89 27 153 196 104 127 60 102 219 18 205 154 69 124 192 123 210 2  0
3153 1 236 36 157 119 137 111 69 137 114 179 167 24 211 113 73 59 145 212 104 58 56 100 219 0 205 219 85 116 192 113 194 34  1.45994
3153 1 108 36 189 99 137 111 71 136 115 179 173 24 211 113 73 58 153 212 104 58 56 98 249 18 207 223 69 125 192 123 198 34  1.55353
3153 1 109 36 148 71 137 63 70 136 107 179 175 24 194 112 77 191 145 68 104 58 28 96 219 0 143 219 69 55 202 115 202 6  2.12235
3153 1 109 228 149 87 137 111 70 136 115 179 173 24 210 113 73 191 145 214 104 58 57 98 219 34 175 222 69 52 194 115 194 34  2.05768
3153 1 236 36 157 103 169 111 67 152 115 186 165 24 211 113 73 59 145 212 108 58 41 102 249 0 207 219 69 52 194 243 66 34  1.60073
3153 1 108 161 157 103 137 111 71 136 99 178 173 8 211 113 73 58 145 212 104 122 24 98 219 0 239 219 69 53 194 115 198 34  1.59209
3153 1 116 132 157 247 141 111 71 170 86 179 171 24 211 113 73 123 217 214 104 58 56 99 219 50 233 255 69 52 208 123 208 34  3.03136
3153 1 236 32 157 101 9 111 65 9 115 178 167 24 211 49 73 59 145 212 104 40 40 102 209 0 199 219 81 53 194 96 70 34  2.26577
3154 1 100 161 157 98 137 109 71 136 226 177 169 8 214 241 73 58 145 86 104 122 26 99 219 48 233 150 69 124 192 115 198 34  1.63861
3154 1 100 32 185 66 201 109 67 136 106 177 173 8 82 245 77 58 145 220 96 90 10 98 250 32 93 156 5 60 192 115 70 162  2.03256
3154 1 100 32 144 98 137 45 66 136 107 177 169 8 198 241 73 154 145 196 104 122 26 99 219 32 153 220 5 126 192 115 66 2  1.83258
3154 1 100 96 153 102 9 109 67 136 98 176 169 8 214 241 73 58 145 212 104 122 10 99 219 48 201 148 5 60 192 115 70 34  1.69418
3154 1 100 160 185 99 141 109 67 136 98 177 165 8 210 81 73 58 153 220 104 122 10 98 251 16 205 157 5 125 192 123 70 34  1.99878
3154 1 100 97 153 98 200 77 71 200 98 176 169 8 214 209 73 26 145 220 104 122 10 99 218 48 249 132 5 124 192 115 66 34  2.02117
3154 1 100 32 153 98 137 109 67 136 227 185 161 8 214 211 73 58 145 212 104 122 26 99 219 16 217 152 5 124 192 35 70 34  1.98413
3154 1 116 33 153 96 136 107 67 136 98 177 169 8 215 113 73 26 17 212 104 114 24 99 201 0 217 132 5 124 224 115 70 34  2.05768
3155 1 236 225 21 99 137 77 71 168 107 176 161 8 214 81 73 59 145 84 104 122 75 100 219 49 237 217 69 124 64 51 194 34  1.72317
3155 1 228 96 157 119 137 77 69 136 250 178 161 24 214 113 73 59 129 84 104 122 105 100 219 32 205 154 69 60 192 113 66 34  1.58841
3155 1 228 224 157 99 137 79 71 136 106 178 161 24 214 113 73 59 145 84 104 122 105 100 251 48 205 155 69 52 192 123 70 34  1.4621
3155 1 224 224 149 119 9 77 69 173 107 178 161 24 214 81 72 59 129 84 104 106 104 102 219 17 133 146 85 62 64 48 198 34  2.24668
3155 1 228 224 189 115 137 109 85 136 250 179 165 24 214 113 73 59 129 84 104 58 59 100 251 16 205 155 85 124 192 113 198 34  1.85151
3155 1 228 224 157 99 168 79 71 152 98 186 161 24 215 113 73 27 145 84 108 122 105 100 219 16 205 139 101 116 192 115 66 34  1.54061
3155 1 228 96 157 82 200 77 167 200 250 178 161 24 210 208 77 59 145 84 104 122 99 103 250 48 13 154 69 60 192 115 71 160  2.35651
3155 1 228 236 157 127 137 77 71 172 242 178 160 8 246 113 73 59 145 86 104 106 106 102 219 59 237 155 69 60 80 123 70 42  1.92073
3156 1 36 32 252 69 72 107 97 72 99 182 229 8 67 97 77 31 25 220 98 58 8 246 203 0 87 138 65 37 227 243 70 162  3.41125
3156 1 100 32 173 101 136 107 71 136 98 182 173 9 211 101 91 26 25 196 104 122 8 98 235 0 205 143 69 53 193 243 86 98  2.7181
3156 1 109 97 173 71 205 95 71 136 99 246 165 8 210 113 95 62 153 196 104 122 8 98 251 16 111 219 69 53 194 123 86 98  2.49799
3156 1 108 96 253 69 201 111 71 136 99 178 165 8 83 113 77 58 25 212 96 122 8 114 249 0 79 219 69 53 227 243 70 162  2.53831
3156 1 228 100 172 69 205 111 69 136 114 182 164 24 211 97 95 59 25 196 96 42 104 118 251 16 79 139 69 53 193 121 86 226  3.05761
3156 1 101 96 232 71 200 45 71 152 99 182 173 12 211 97 95 26 25 204 96 126 136 114 251 32 79 159 69 60 193 243 66 224  2.77259
3156 1 108 96 252 97 137 111 67 136 99 182 165 8 211 65 91 58 153 196 104 122 8 118 251 0 207 219 69 53 194 243 70 34  2.67365
3156 1 108 96 196 71 137 59 70 136 99 182 175 8 195 96 95 158 25 196 104 122 12 114 205 0 142 223 69 53 194 243 90 4  2.95172
3157 1 228 96 145 71 205 111 70 136 115 178 161 8 210 113 77 191 153 204 96 122 41 118 217 18 15 154 69 60 194 123 66 162  1.8595
3157 1 100 96 209 69 200 107 70 200 115 178 161 40 66 113 77 26 25 220 96 114 72 118 203 16 29 146 69 63 193 115 70 162  2.64508
3157 1 228 96 157 101 77 111 69 8 114 178 161 24 210 17 65 27 153 220 96 42 40 118 217 24 197 154 65 60 64 121 70 162  2.08949
3157 1 228 96 217 97 200 111 71 216 115 178 161 8 83 81 73 27 25 220 68 122 8 118 217 0 221 136 101 60 224 243 70 162  2.3076
3157 1 165 96 165 71 205 79 199 200 83 242 161 8 210 120 93 63 153 204 114 122 73 118 251 48 45 154 69 60 193 123 82 164  3.00578
3157 1 228 96 241 85 201 111 101 72 115 178 37 24 82 117 77 63 25 220 96 58 40 118 249 2 95 154 85 52 195 241 70 162  2.83873
3157 1 164 96 185 106 205 109 199 200 82 178 161 8 210 209 73 59 153 216 66 122 74 102 250 16 77 152 69 60 209 123 86 162  2.35125
3157 1 228 96 145 101 205 79 71 136 114 178 161 8 210 113 73 59 153 220 104 122 72 118 217 16 237 154 69 60 192 123 70 34  1.68067
3158 1 101 96 157 70 137 111 71 136 98 242 161 8 210 112 73 59 145 196 104 122 9 103 251 0 153 154 69 60 200 115 66 32  1.76172
3158 1 116 96 149 102 137 111 71 136 226 178 163 8 214 113 73 59 145 212 104 122 9 103 219 0 217 154 69 60 192 115 66 34  1.42296
3158 1 101 112 149 38 9 109 70 136 234 242 169 8 214 240 73 58 145 68 104 98 13 99 219 0 145 146 69 62 200 115 66 6  2.07944
3158 1 101 96 149 68 201 47 70 136 107 178 161 72 82 112 77 191 145 196 104 122 9 103 219 0 29 154 69 62 200 115 66 36  1.96969
3158 1 100 97 149 100 137 79 71 169 226 178 161 8 214 113 73 51 144 196 104 106 73 99 219 8 177 154 69 60 64 114 194 34  2.10579
3158 1 101 96 151 86 73 77 164 200 234 178 161 72 214 208 77 63 145 68 104 106 65 103 218 64 21 26 69 62 200 115 67 164  2.43612
3158 1 101 96 156 102 41 46 70 152 227 186 163 8 214 115 73 59 145 196 108 106 9 103 219 0 193 251 69 60 200 115 66 2  2.20727
3158 1 101 96 149 86 137 44 70 136 227 178 163 72 210 243 73 191 145 196 104 122 9 71 219 32 153 186 69 60 202 115 66 32  2.02306
3159 1 100 32 157 101 40 111 65 0 234 178 163 8 214 17 65 58 128 84 104 10 8 100 211 0 197 184 65 52 192 35 66 34  2.49496
3159 1 100 104 157 119 8 13 69 128 234 178 162 8 246 113 65 27 128 100 104 74 72 100 219 32 197 186 69 48 64 115 66 42  1.99143
3159 1 100 120 157 101 168 111 65 152 98 186 162 8 215 49 65 59 129 84 108 122 9 100 251 0 205 154 101 52 192 113 70 34  1.73727
3159 1 100 104 157 97 168 111 69 136 234 178 160 8 214 49 65 27 129 84 104 90 8 96 219 32 205 146 69 52 192 113 70 34  1.99694
3159 1 237 120 157 117 41 109 69 152 234 186 38 8 150 17 65 59 129 84 104 90 1 100 251 32 199 219 85 52 200 113 66 34  2.34341
3159 1 100 104 157 117 141 111 69 138 234 178 162 8 214 113 65 59 129 116 104 74 8 101 219 40 205 154 85 52 192 121 70 42  2.14345
3159 1 228 32 157 117 168 111 69 10 234 178 162 24 214 49 65 59 129 84 104 42 40 100 219 0 205 155 85 52 192 113 66 34  2.04215
3159 1 229 104 149 87 169 47 68 136 235 178 162 88 214 113 69 191 129 84 104 90 33 101 219 32 141 154 85 54 200 113 66 32  2.34863
3160 1 244 36 140 163 204 47 198 200 82 179 161 26 211 104 89 11 217 196 106 251 56 103 219 34 221 138 199 124 193 123 210 130  3.12926
3160 1 229 100 140 35 140 47 70 136 114 178 161 24 211 104 89 27 153 196 104 127 44 102 219 18 141 154 69 52 192 123 82 0  2.22101
3160 1 228 38 140 35 137 43 68 136 114 183 161 25 194 96 75 27 153 196 104 50 60 102 203 18 140 146 69 117 192 121 202 2  3.01085
3160 1 165 228 173 27 140 47 198 136 90 242 161 24 210 120 93 43 217 68 122 127 239 102 223 50 45 26 69 60 217 123 210 132  2.93746
3160 1 228 164 173 51 140 111 71 136 82 183 161 25 211 105 89 27 153 196 105 63 58 102 219 18 205 155 69 124 192 123 214 98  2.5195
3160 1 101 96 172 39 141 63 198 136 106 242 169 13 194 104 95 26 153 196 104 127 140 98 223 48 141 26 69 60 200 127 90 70  2.61388
3160 1 229 225 172 99 140 15 70 140 114 178 161 25 211 105 89 27 153 196 104 126 124 102 219 48 239 219 69 116 200 123 210 2  2.67365
3160 1 100 227 172 163 140 111 199 136 2 191 153 153 211 109 89 10 217 196 109 119 26 98 203 48 205 131 237 125 196 123 214 66  3.8996
2933 0 116 121 25 96 8 77 83 88 162 164 165 9 87 215 65 18 144 245 77 98 8 67 218 24 209 193 33 61 96 51 6 34  0
2933 0 124 105 56 102 9 77 87 232 227 164 164 8 115 209 65 50 152 244 76 106 72 99 250 57 243 217 5 57 98 51 70 42  0
2933 0 124 104 184 100 9 77 81 80 227 164 164 8 19 145 65 58 128 244 108 74 8 103 242 0 211 217 65 57 98 51 70 34  0
2933 0 124 96 234 100 73 75 83 72 35 164 165 9 75 205 67 18 56 252 197 98 8 99 248 8 211 201 1 61 99 183 70 226  0
2933 0 124 97 24 100 9 79 71 104 227 164 173 8 82 209 65 18 152 244 104 98 72 99 218 24 243 209 5 61 64 51 70 34  0
2933 0 116 113 57 100 41 77 83 72 235 172 165 8 86 213 69 50 144 244 108 98 72 99 250 24 211 217 1 63 64 51 70 99  0
2933 0 124 225 185 98 9 77 87 216 163 180 165 8 87 215 73 18 144 212 108 122 74 99 250 49 251 201 5 125 98 179 70 98  0
2933 0 252 96 24 96 9 77 83 72 99 164 165 8 19 209 73 16 152 156 76 122 10 103 216 16 211 201 1 61 98 3 70 34  0
3225 1 84 113 57 32 10 77 19 216 170 244 161 9 215 215 73 18 182 213 77 115 8 67 154 16 209 193 33 60 96 51 7 115  2.62762
3225 1 116 97 25 100 8 77 83 72 162 164 161 9 87 215 65 18 144 244 77 98 72 67 218 24 209 193 33 61 96 51 6 34  1.55708
3225 1 244 113 57 104 8 77 83 88 162 164 165 9 87 215 73 16 152 153 77 98 72 3 218 29 209 193 33 61 112 35 6 114  2.09761
3225 1 124 120 24 106 40 201 83 88 163 132 165 41 55 215 65 16 146 185 205 66 10 3 202 57 211 193 33 57 96 163 6 35  2.24432
3225 1 84 121 155 96 154 77 83 200 162 164 172 8 87 215 65 16 48 253 77 114 8 67 154 40 249 197 5 61 224 51 6 34  2.31516
3225 1 116 122 152 32 104 141 83 72 162 172 161 41 23 211 65 26 136 249 77 82 10 99 202 16 209 129 33 61 64 51 6 131  2.60032
3225 1 124 121 152 36 8 77 82 88 163 164 173 13 87 215 67 18 148 245 237 98 12 67 218 24 211 229 33 61 96 51 14 82  2.20955
3225 1 244 104 25 98 8 201 83 216 162 164 164 8 119 215 65 18 16 244 76 98 74 71 202 57 209 129 33 60 96 179 6 34  2.31264
3226 1 248 104 26 118 9 201 83 192 227 132 164 8 47 211 65 16 128 248 204 66 74 103 202 57 243 209 1 59 98 19 70 42  2.17816
3226 1 248 105 60 100 9 77 87 236 227 164 164 9 115 221 67 19 136 244 109 98 72 99 250 57 243 201 69 57 97 58 70 106  1.61319
3226 1 124 105 152 102 25 205 87 132 227 164 172 8 119 209 65 18 128 244 236 66 72 107 218 40 251 213 5 59 98 51 70 42  1.6874
3226 1 124 105 56 102 9 77 87 232 227 164 164 8 115 209 65 50 152 244 76 106 72 99 250 57 243 217 5 57 98 51 70 42  0.932674
3226 1 252 105 122 110 9 205 87 224 225 132 228 8 115 209 1 16 184 240 76 98 72 163 154 44 243 233 5 25 99 51 102 34  2.165
3226 1 224 104 57 126 73 205 87 232 225 6 164 8 50 209 1 51 136 240 64 74 104 103 250 57 243 217 65 57 64 51 70 170  1.94491
3226 1 120 233 57 110 25 205 87 232 227 36 164 8 119 209 1 16 152 240 76 98 74 35 250 61 243 193 1 57 112 59 70 42  1.92758
3226 1 120 105 28 110 9 221 86 168 227 168 164 8 243 209 1 18 128 228 108 74 76 99 218 61 243 249 1 59 66 51 74 10  2.28033
3227 1 124 104 154 100 9 89 80 64 227 160 164 8 15 147 65 154 128 244 236 66 8 99 194 0 211 241 1 59 98 51 78 2  2.06554
3227 1 124 104 185 100 9 77 81 16 227 172 164 8 151 145 65 58 128 244 108 74 8 103 242 0 211 217 65 57 66 51 70 34  1.84833
3227 1 120 104 184 116 9 109 81 66 227 166 164 8 179 145 65 26 136 244 108 66 8 103 242 40 211 217 81 57 64 121 70 42  2.25618
3227 1 248 104 62 100 9 77 85 80 225 166 164 8 19 145 67 59 128 244 108 106 72 103 242 8 211 233 65 57 98 177 70 34  1.95017
3227 1 120 96 249 100 8 77 81 88 227 180 164 8 19 149 65 58 8 148 108 72 8 103 242 0 211 201 97 61 99 161 70 98  2.532
3227 1 124 104 154 100 9 108 83 16 227 164 174 8 23 179 65 26 128 244 108 88 8 99 208 0 211 253 5 57 226 243 70 34  2.30259
3227 1 125 121 185 100 9 93 83 144 227 232 164 8 27 145 65 50 128 244 108 90 9 99 250 0 219 217 5 61 98 179 70 34  2.90042
3227 1 236 104 187 112 73 205 81 64 227 164 164 8 50 209 65 58 136 248 64 90 8 103 242 32 83 217 1 57 66 49 70 162  2.2877
3228 1 124 96 232 36 9 91 83 72 99 228 165 137 67 205 87 18 152 196 237 103 12 99 253 8 211 217 1 61 99 183 78 82  1.94142
3228 1 124 32 210 100 75 91 82 72 35 164 165 8 75 195 73 150 56 220 196 114 8 115 136 8 91 197 1 61 227 163 78 162  2.3177
3228 1 124 96 122 108 75 74 83 72 33 134 229 9 67 199 3 24 56 252 225 226 8 231 176 8 211 225 65 25 99 51 102 226  2.2187
3228 1 124 97 104 96 75 75 83 200 35 164 165 137 91 221 75 16 56 220 197 114 72 99 248 24 211 201 1 61 99 179 70 242  1.97869
3228 1 252 96 106 100 76 75 83 88 225 164 181 9 83 205 87 19 24 244 69 106 72 103 232 8 83 201 33 61 99 179 86 226  2.38055
3228 1 124 120 122 100 73 93 83 72 227 164 164 9 11 221 71 16 152 252 197 98 8 35 250 24 211 221 1 59 99 183 70 242  2.13495
3228 1 124 99 122 36 11 91 82 72 161 164 165 169 79 205 67 18 178 245 205 98 76 99 136 8 211 193 1 63 99 183 78 66  2.19373
3228 1 124 97 248 100 73 75 87 88 35 164 173 9 67 229 67 18 24 252 197 98 72 99 232 8 243 205 5 61 99 243 70 226  2.05768
3229 1 124 97 152 100 9 79 71 168 99 164 173 8 83 113 73 18 152 212 108 106 72 99 217 8 243 217 5 61 98 59 70 34  1.83102
3229 1 116 97 19 100 73 79 71 104 227 160 161 8 82 209 73 18 152 252 64 98 72 99 218 24 241 144 5 63 64 51 70 162  2.16718
3229 1 252 97 28 100 9 75 86 104 227 164 165 8 67 209 65 19 152 244 232 98 72 99 218 24 243 193 69 61 96 59 78 2  1.97869
3229 1 124 97 18 36 9 15 70 72 163 164 169 9 70 192 65 146 152 228 232 98 76 99 218 24 177 208 1 63 64 51 74 2  2.50409
3229 1 116 97 138 36 9 89 70 72 227 164 168 9 66 192 71 18 152 228 104 98 76 99 210 8 179 244 5 63 64 50 78 6  2.95651
3229 1 244 97 62 108 77 79 71 104 225 132 229 8 82 209 1 19 216 228 104 106 72 99 250 12 243 249 65 61 65 59 102 34  2.65214
3229 1 124 105 154 100 25 79 87 232 226 160 168 8 86 241 65 18 144 244 104 98 72 99 218 8 249 197 5 61 64 51 70 34  2.01178
3229 1 120 33 20 108 9 79 66 104 227 160 169 8 70 209 0 146 152 244 104 98 72 99 219 29 243 209 1 63 66 34 70 34  2.48891
3230 1 116 113 115 70 43 73 19 200 235 172 161 40 78 212 77 50 178 245 236 98 64 99 170 72 147 144 1 63 64 51 71 35  2.5164
3230 1 244 113 125 100 41 79 87 120 235 236 164 40 82 213 69 19 144 244 236 98 72 99 250 8 243 217 69 63 98 51 70 115  2.46805
3230 1 100 113 49 68 105 77 87 72 235 168 165 8 82 213 69 54 144 116 64 106 73 99 250 24 51 152 5 62 66 51 70 163  2.41073
3230 1 124 113 121 108 41 93 83 88 235 236 181 40 95 221 71 48 158 244 204 98 200 35 250 24 211 217 33 63 66 179 70 115  2.69934
3230 1 116 112 57 110 9 205 83 72 227 172 165 8 114 213 13 48 152 176 76 98 72 35 250 29 211 217 1 59 64 35 70 98  2.25618
3230 1 116 121 153 102 41 77 83 200 235 168 165 8 86 209 65 50 144 244 108 98 8 99 250 32 211 217 1 63 64 51 70 35  2.2187
3230 1 117 48 57 100 41 79 83 24 235 232 165 8 210 221 93 50 144 212 125 98 137 99 251 24 211 217 1 62 72 35 70 114  2.7068
3230 1 244 113 57 96 40 77 81 72 235 184 165 8 150 213 73 50 128 148 108 98 73 99 250 16 209 217 33 62 64 35 70 35  2.36979
3231 1 124 233 249 98 72 77 87 220 163 180 164 8 51 215 65 18 0 220 109 90 74 99 250 49 251 201 5 61 98 147 70 106  2.16282
3231 1 124 161 120 98 153 89 83 184 227 180 165 8 67 65 74 18 16 196 236 122 90 99 235 21 251 217 5 125 98 163 70 98  2.37516
3231 1 237 249 177 34 201 77 119 216 98 240 37 13 87 221 75 50 148 204 112 126 199 114 248 48 127 201 5 60 106 179 194 210  3.64966
3231 1 124 225 209 98 155 73 83 216 163 164 173 8 95 215 73 150 48 212 236 114 74 67 250 48 251 193 5 127 98 179 6 34  2.165
3231 1 124 233 56 98 40 77 83 216 163 188 165 9 87 215 75 18 144 212 109 82 74 99 250 49 251 193 37 125 96 179 70 98  1.9293
3231 1 124 241 57 106 73 77 87 216 99 60 165 8 83 215 73 48 152 216 68 106 74 35 250 49 243 217 5 61 98 179 70 98  2.15632
3231 1 124 225 185 98 137 77 87 216 227 180 165 8 83 209 73 50 144 212 108 122 74 99 250 48 251 217 5 125 98 51 70 34  1.57988
3231 1 124 241 59 106 25 205 87 216 163 4 165 8 87 215 72 16 48 220 77 114 74 3 186 53 251 225 5 125 96 19 166 114  2.80099
3232 1 244 96 24 96 9 205 81 72 227 176 165 8 147 209 65 25 136 152 72 122 74 103 218 16 211 217 1 61 64 9 70 34  2.40517
3232 1 252 96 16 96 9 89 82 72 99 164 161 8 7 209 73 144 152 140 204 114 14 103 200 16 211 209 1 63 98 35 78 2  1.98595
3232 1 252 96 24 96 8 77 83 88 99 172 165 8 23 211 73 24 16 156 76 122 10 103 216 16 211 201 33 61 98 131 70 34  1.89712
3232 1 124 32 56 96 89 77 83 72 99 164 165 8 19 209 73 16 152 156 64 114 10 99 216 16 219 205 1 125 224 3 70 162  1.91732
3232 1 248 96 88 104 9 79 83 72 97 36 165 8 19 17 9 17 152 156 68 106 104 39 208 28 211 201 1 61 99 131 70 34  2.38325
3232 1 188 96 120 98 89 221 83 216 99 44 165 8 19 209 77 48 152 152 68 122 10 38 250 16 83 217 1 125 99 131 70 162  2.44185
3232 1 188 96 56 104 77 205 209 72 199 52 165 8 19 217 73 24 216 152 66 98 10 39 90 17 211 201 1 61 81 11 86 162  2.92807
3232 1 252 224 24 106 25 205 83 200 99 32 165 8 87 211 72 48 144 152 76 122 10 39 218 21 211 217 1 125 98 3 70 34  2.16718
2934 0 212 107 140 38 136 14 70 184 162 178 163 205 215 99 73 27 17 197 108 102 104 71 203 40 248 227 101 60 40 115 10 0  0
2934 0 244 236 28 62 8 79 71 232 178 182 160 9 247 227 9 19 145 228 104 98 104 71 219 63 241 163 69 61 64 115 6 2  0
2934 0 244 236 156 54 136 11 70 168 178 178 163 24 215 115 73 27 145 214 108 98 104 71 203 42 249 227 101 60 224 115 130 2  0
2934 0 220 110 222 54 138 10 86 168 179 182 162 169 79 227 67 27 51 245 236 98 108 71 139 42 250 227 69 61 224 243 14 2  0
2934 0 244 236 140 55 140 43 70 172 114 182 160 25 195 104 91 27 153 198 104 103 108 103 203 42 248 195 69 61 225 121 218 2  0
2934 0 116 106 156 54 136 8 70 140 162 178 162 9 231 227 65 26 129 228 108 66 72 71 203 32 248 227 101 57 192 115 10 10  0
2934 0 116 237 156 38 137 75 86 168 162 182 170 9 71 227 73 18 145 197 104 98 72 67 219 40 249 231 69 61 224 115 6 2  0
2934 0 244 236 148 54 137 9 6 232 187 178 161 25 230 226 73 155 145 231 104 98 108 71 203 59 184 178 69 63 192 115 139 6  0
3297 1 212 98 140 38 8 10 70 168 160 178 163 141 215 99 73 27 16 197 108 102 104 71 203 8 208 227 101 20 104 115 10 2  2.21641
3297 1 220 227 148 38 8 12 70 184 163 176 163 76 199 195 73 219 16 196 108 110 73 71 203 32 152 225 101 60 40 179 10 0  2.31264
3297 1 213 251 156 54 168 12 70 184 162 250 162 77 215 226 75 27 133 197 108 102 109 71 219 32 248 227 101 60 72 115 11 17  2.31011
3297 1 220 110 156 54 136 14 70 184 178 186 162 77 215 99 73 27 17 196 108 110 104 71 203 42 248 227 101 60 232 243 10 0  2.14986
3297 1 212 105 140 182 136 6 78 168 162 178 131 205 215 226 73 91 81 197 109 231 104 71 219 40 184 162 207 28 168 115 35 0  2.41073
3297 1 244 107 196 38 136 11 70 168 35 178 161 205 67 96 201 27 17 196 108 102 104 71 207 40 184 130 101 60 104 243 66 0  2.83446
3297 1 212 231 140 54 136 14 78 184 50 182 163 157 195 99 75 27 21 196 109 254 124 71 219 34 248 227 101 125 168 243 138 0  2.93276
3297 1 252 115 140 38 168 11 86 184 34 190 161 237 199 99 75 27 149 197 237 102 108 71 203 56 248 195 101 189 104 243 10 19  2.52261
3298 1 244 236 12 190 8 71 70 232 182 150 129 9 247 227 9 83 217 197 105 227 104 71 219 63 241 163 207 61 16 115 38 2  2.05768
3298 1 244 236 28 54 8 79 71 172 178 178 160 9 247 241 65 19 129 228 104 98 104 103 219 63 241 131 69 60 64 113 70 10  1.78677
3298 1 252 108 12 62 9 15 70 168 176 150 160 25 227 99 11 27 145 228 104 110 104 71 219 63 241 227 69 25 64 113 66 2  2.39142
3298 1 244 238 172 62 10 75 151 232 186 182 160 137 231 228 75 19 157 101 105 103 104 71 202 63 241 3 77 61 80 115 7 210  2.99573
3298 1 244 236 28 126 8 73 71 172 179 182 160 8 103 227 1 19 17 244 104 98 104 71 202 63 241 162 69 57 96 113 6 42  2.3076
3298 1 244 108 30 62 9 79 86 232 176 134 162 9 119 243 1 19 144 244 104 98 104 199 154 47 241 227 69 25 96 115 38 2  2.19373
3298 1 244 237 28 62 8 201 87 168 178 182 160 9 247 227 73 19 145 244 108 98 106 71 202 63 249 227 101 61 96 51 6 2  1.94666
3298 1 244 236 31 62 152 205 71 232 178 130 169 8 247 243 9 19 145 230 104 98 104 71 218 63 249 166 69 56 64 115 2 2  2.54148
3299 1 244 237 157 118 136 10 70 168 178 178 163 72 215 243 73 19 145 212 108 98 104 71 203 42 249 162 101 60 96 115 130 34  1.82016
3299 1 212 204 158 190 136 38 70 172 182 146 131 16 215 115 9 91 241 215 105 226 120 71 219 42 249 227 207 20 160 115 161 2  2.52886
3299 1 244 164 156 54 136 42 68 171 178 178 163 25 215 99 72 27 145 198 108 34 120 71 203 10 249 227 117 53 224 112 130 2  2.04407
3299 1 244 108 156 54 136 47 70 168 178 178 163 24 215 115 73 27 145 196 108 98 104 71 219 42 249 227 69 60 224 115 2 2  1.87405
3299 1 244 108 156 118 136 75 86 168 242 178 162 24 215 113 65 27 129 244 108 98 104 103 203 42 249 195 101 53 96 113 66 2  1.9805
3299 1 252 229 148 118 136 11 70 168 115 178 163 24 199 99 73 27 17 198 108 106 120 103 203 42 184 227 69 53 224 243 202 0  2.34601
3299 1 212 236 157 55 168 11 71 188 178 178 162 24 215 115 73 27 145 86 108 98 104 69 203 58 233 195 101 52 224 113 134 34  2.04407
3299 1 244 236 156 50 136 9 86 168 178 186 161 25 215 243 73 27 145 215 108 114 122 71 203 50 249 195 101 125 224 115 134 2  1.81708
3300 1 94 98 214 36 11 26 22 168 179 166 162 169 79 226 75 146 51 229 236 226 76 71 143 74 186 231 69 31 98 119 47 6  2.59696
3300 1 220 110 220 54 138 10 86 168 179 182 166 169 79 99 75 27 51 196 236 98 108 71 203 42 250 227 69 53 226 243 14 2  1.73161
3300 1 220 110 158 54 139 42 22 200 179 182 162 169 79 227 67 27 179 245 236 114 44 71 138 42 248 227 69 63 224 115 15 2  1.99878
3300 1 252 110 218 36 138 43 86 200 51 166 170 169 79 227 65 26 51 253 236 114 40 87 137 42 250 199 69 61 224 243 14 2  2.17375
3300 1 212 110 222 52 42 10 22 232 168 182 162 169 71 227 67 27 167 245 236 98 108 71 138 40 210 227 101 61 96 241 15 3  2.27303
3300 1 220 108 222 54 10 10 86 232 177 134 162 137 103 227 1 27 50 245 236 226 104 199 139 42 242 227 69 25 96 243 46 2  2.06949
3300 1 220 255 156 54 170 8 22 188 179 182 170 173 111 231 75 19 183 247 237 98 108 67 139 42 250 227 101 191 224 247 143 91  2.41912
3300 1 222 110 238 182 139 2 30 232 179 150 130 171 79 239 91 27 183 245 253 231 108 199 143 106 250 227 207 159 165 119 47 82  2.38597
3301 1 244 108 140 54 136 43 70 200 114 182 161 25 67 104 75 27 153 196 104 115 44 103 201 42 248 195 69 53 225 113 74 2  2.17816
3301 1 244 100 140 36 140 11 70 168 50 182 160 25 195 105 91 27 153 196 109 103 108 103 203 10 249 195 69 61 97 121 94 66  2.43042
3301 1 244 231 140 50 136 43 70 168 242 182 169 25 195 104 91 27 153 198 104 119 124 103 207 50 248 195 69 125 192 115 218 2  2.33047
3301 1 246 238 236 191 140 43 214 174 210 182 128 155 227 104 91 11 217 230 233 231 108 103 207 59 248 71 221 61 245 125 222 74  2.35916
3301 1 244 238 140 55 168 11 86 174 242 190 160 25 227 104 91 27 137 198 108 103 108 103 203 42 234 211 117 61 192 121 218 10  2.27303
3301 1 244 236 140 55 140 47 70 174 82 182 160 25 195 105 89 27 217 198 104 103 104 103 219 58 249 195 197 61 208 121 210 2  2.45924
3301 1 252 44 140 53 137 42 68 174 113 182 162 25 67 32 3 27 153 198 104 34 124 231 201 42 251 227 85 21 225 113 202 2  2.471
3301 1 212 100 142 181 140 35 204 200 182 182 131 27 195 232 89 11 249 197 105 183 44 199 207 10 216 131 207 53 161 113 122 2  2.92807
3302 1 92 105 156 54 136 8 70 140 162 176 162 9 231 227 65 18 128 228 108 66 72 67 203 32 248 225 69 57 96 51 10 10  1.96969
3302 1 116 235 156 54 136 8 84 174 162 182 162 9 231 227 65 27 129 230 108 66 72 79 203 32 248 227 117 57 192 112 134 10  2.24196
3302 1 116 106 156 52 168 9 86 136 162 186 160 41 199 224 65 26 129 197 108 82 76 103 203 32 216 195 101 61 192 115 10 3  2.15417
3302 1 84 104 142 190 8 32 70 136 162 146 130 9 231 227 65 91 193 229 104 194 12 71 203 40 208 227 207 25 160 115 42 2  2.8647
3302 1 116 104 154 54 136 137 70 132 178 162 160 9 231 195 65 26 145 236 108 82 74 71 202 42 249 229 5 57 224 115 10 10  2.6486
3302 1 84 106 148 54 168 8 70 136 162 186 170 72 231 227 65 154 129 230 108 66 72 67 203 32 184 230 101 56 192 115 2 8  2.37785
3302 1 228 104 156 54 136 8 68 134 178 178 162 9 231 226 65 27 129 100 104 66 108 69 203 40 128 243 85 57 200 113 10 10  2.55426
3302 1 116 106 138 54 8 8 70 132 178 166 166 9 99 227 67 26 144 228 108 66 76 71 202 42 242 231 101 57 96 115 74 10  2.78466
3303 1 84 237 158 54 137 74 86 168 162 166 170 9 103 227 73 18 177 247 104 98 72 67 155 42 249 231 69 61 224 115 6 2  1.9293
3303 1 116 165 156 38 137 15 70 168 162 182 169 9 199 225 73 18 145 198 104 98 88 99 219 34 249 199 69 61 224 115 198 2  2.11611
3303 1 124 109 132 38 137 106 70 168 51 166 170 9 67 99 73 146 17 196 232 98 104 67 217 42 251 231 69 53 226 115 78 2  2.29263
3303 1 84 205 140 174 137 70 87 168 166 182 138 9 215 227 73 82 209 199 105 226 72 67 219 32 249 231 207 29 160 115 164 2  2.66284
3303 1 124 233 156 38 137 73 86 168 162 180 168 9 199 227 73 18 145 196 108 114 72 67 203 48 249 193 69 125 96 51 6 2  2.18037
3303 1 116 237 152 38 152 11 87 136 162 180 168 9 87 227 73 18 145 213 108 114 74 67 203 40 249 197 37 61 224 115 6 2  2.1848
3303 1 116 97 158 36 139 75 86 232 163 178 171 9 71 243 73 19 177 213 104 98 72 67 155 8 185 226 69 63 96 115 6 2  2.3618
3303 1 118 109 134 166 139 66 30 232 163 166 138 139 71 238 73 18 185 213 233 243 72 67 155 42 185 230 207 63 161 119 39 66  2.94219
3304 1 213 253 148 54 137 13 6 172 187 242 160 77 230 242 73 147 145 199 104 102 109 71 219 59 184 242 69 62 72 119 139 22  2.26096
3304 1 244 238 148 54 168 9 22 168 186 186 161 121 198 224 73 155 145 71 236 98 108 103 203 50 184 210 69 63 192 115 139 3  2.19823
3304 1 244 236 148 22 137 43 70 174 251 178 162 24 230 224 73 159 145 198 104 98 124 103 203 63 184 178 69 63 192 113 202 6  2.06949
3304 1 246 236 148 190 137 41 70 236 187 178 161 25 230 226 73 155 217 231 104 227 108 71 219 51 185 210 95 63 128 113 139 2  2.63457
3304 1 212 236 150 30 139 34 6 232 182 146 203 0 228 226 41 219 241 103 106 226 108 71 155 127 184 162 79 31 144 115 171 6  2.69563
3304 1 214 238 134 158 137 33 142 232 190 150 129 155 228 226 109 207 249 231 234 231 108 71 207 251 184 50 207 63 144 119 43 4  2.7766
3304 1 212 236 148 54 137 137 22 232 186 178 161 25 230 226 73 27 129 231 104 66 110 71 202 59 185 178 69 59 64 115 11 2  2.0616
3304 1 244 102 151 54 137 43 6 200 187 178 161 72 198 226 73 159 145 229 108 98 104 71 202 106 176 178 69 62 192 115 3 4  2.45341
2935 0 212 104 157 118 8 108 69 136 162 178 162 24 215 243 65 27 129 244 108 10 40 69 219 32 209 227 85 56 192 113 6 34  0
2935 0 220 96 156 116 168 104 85 152 179 183 167 24 215 243 73 91 1 212 108 26 40 69 203 0 219 227 117 21 226 241 6 34  0
2935 0 212 96 157 182 136 108 85 136 162 182 163 25 215 247 73 91 129 213 109 82 8 71 219 32 217 227 101 61 160 115 6 98  0
2935 0 244 36 157 118 136 108 85 138 178 183 163 24 215 115 73 27 129 214 108 50 56 71 219 2 217 227 117 61 224 113 134 34  0
2935 0 212 120 157 118 168 108 85 152 186 186 163 88 215 243 73 27 129 85 108 82 41 69 219 32 217 243 117 60 200 113 3 35  0
2935 0 220 104 158 54 137 104 85 130 179 150 166 25 103 247 67 27 161 245 237 2 40 71 154 32 211 227 85 57 224 113 6 66  0
2935 0 244 96 153 114 136 109 81 200 178 183 161 24 23 211 73 27 129 220 104 18 42 103 218 48 217 195 85 61 224 113 70 34  0
2935 0 212 104 157 118 138 104 21 136 170 182 163 56 215 247 73 27 35 213 104 82 32 69 139 32 217 163 117 61 224 113 7 34  0
3369 1 212 104 157 119 136 110 69 136 226 178 163 24 215 115 73 59 129 84 108 10 40 101 219 32 201 227 117 20 192 113 70 34  1.62202
3369 1 212 40 151 118 9 108 65 0 163 178 163 24 214 243 65 27 129 244 108 2 40 71 219 0 209 242 81 58 192 113 6 34  1.65026
3369 1 213 104 149 118 9 44 68 152 163 178 162 88 247 243 65 223 1 244 108 10 41 69 219 32 145 242 85 24 168 113 2 32  2.20274
3369 1 244 104 157 118 9 109 85 138 242 182 160 24 247 241 65 27 129 244 104 2 40 103 219 32 209 243 85 57 192 113 70 42  1.50959
3369 1 216 96 149 117 9 110 65 10 178 178 162 24 215 51 65 27 1 212 104 8 40 69 211 0 193 227 85 52 224 112 6 34  2.31011
3369 1 212 104 157 116 8 108 69 152 162 178 162 24 215 243 65 27 1 212 108 74 8 71 219 32 209 163 101 60 224 113 6 34  1.3337
3369 1 212 104 157 118 136 108 69 142 162 178 162 24 247 243 65 91 129 246 108 10 40 69 219 32 217 227 85 56 128 113 6 42  1.4675
3369 1 212 104 159 116 8 110 101 2 248 178 162 24 215 179 65 59 161 116 104 10 40 229 147 32 209 171 85 16 192 113 71 34  2.21641
3370 1 220 96 156 117 137 110 69 153 178 179 167 24 215 115 73 91 1 212 108 24 40 69 219 0 203 227 85 20 226 240 130 34  2.14986
3370 1 220 108 158 118 168 104 85 154 179 191 167 56 223 243 73 91 35 214 108 26 40 69 139 34 219 227 117 29 162 241 6 35  2.00433
3370 1 220 32 156 117 168 106 85 152 178 183 167 24 215 99 73 91 1 212 108 58 56 69 203 0 217 227 117 21 160 241 6 34  1.70238
3370 1 92 96 156 116 168 104 85 152 162 183 167 24 215 243 73 27 1 212 108 26 8 71 203 0 219 227 117 61 224 241 6 34  1.70238
3370 1 220 96 149 96 136 104 65 152 163 178 167 24 215 243 73 95 1 212 108 58 8 69 203 0 217 226 101 124 162 241 6 32  2.01365
3370 1 252 96 156 117 40 110 81 26 179 183 167 24 215 51 73 27 129 212 108 10 40 101 211 0 195 251 113 21 226 241 70 34  2.14345
3370 1 220 48 157 116 136 108 85 152 179 182 167 24 215 247 73 91 1 212 108 26 40 69 251 0 219 227 117 61 162 241 6 34  1.959
3370 1 220 34 220 117 128 106 117 19 115 183 39 24 215 179 65 27 51 220 108 24 56 244 193 2 207 227 117 53 226 241 198 34  2.69934
3371 1 84 32 157 38 136 108 81 136 162 182 163 9 215 247 73 26 129 213 109 82 8 67 219 0 217 225 101 61 224 115 6 98  1.63861
3371 1 212 96 188 54 136 108 21 136 162 182 163 25 215 253 75 27 129 213 109 83 12 71 219 32 217 195 101 61 192 115 7 66  2.03447
3371 1 212 32 157 230 136 76 65 136 162 176 163 8 215 243 73 91 129 213 108 114 24 71 219 0 217 225 101 124 160 35 6 34  2.01365
3371 1 212 96 173 182 136 108 93 136 178 182 131 25 215 231 75 91 129 213 125 147 40 71 219 32 217 227 255 61 160 113 7 114  1.81554
3371 1 220 224 157 182 136 76 85 136 162 182 161 25 215 247 73 91 129 213 109 82 74 71 219 49 217 227 117 61 160 113 6 34  2.03256
3371 1 212 112 157 182 136 108 87 152 162 182 163 25 215 247 73 91 129 213 109 114 40 71 219 32 217 227 101 60 160 115 6 98  1.58841
3371 1 212 233 157 254 8 205 87 136 162 20 161 9 247 215 73 91 129 241 109 66 74 67 218 49 209 225 101 61 48 51 7 34  2.71432
3371 1 84 112 159 182 138 108 87 152 162 151 139 9 215 247 73 90 181 213 109 210 8 67 155 32 217 231 111 29 160 115 39 114  2.16282
3372 1 212 36 157 118 136 108 69 155 178 179 163 24 215 115 73 91 1 214 108 42 56 71 219 2 217 163 117 60 160 113 134 34  1.37932
3372 1 244 228 157 118 136 109 85 175 242 183 161 24 215 115 72 27 129 214 108 34 120 103 219 35 249 227 117 61 192 112 198 34  1.59578
3372 1 244 36 156 54 137 108 84 138 178 183 167 25 215 115 75 27 129 198 104 50 60 71 219 34 219 227 85 61 224 113 142 2  1.78379
3372 1 244 180 157 114 136 109 85 152 178 191 161 24 215 115 73 27 145 214 108 50 58 71 219 50 217 195 117 124 224 113 134 34  1.54529
3372 1 244 36 189 118 136 109 85 142 178 183 167 25 215 119 73 27 129 214 109 18 56 71 251 34 217 195 117 61 224 113 198 98  1.71619
3372 1 244 36 156 117 136 111 81 11 114 183 163 24 215 51 72 27 145 212 108 48 56 103 217 2 217 227 117 117 224 97 198 34  1.78082
3372 1 244 36 157 118 136 108 85 138 178 179 163 24 215 243 73 27 129 214 108 50 56 71 219 2 217 227 117 61 224 113 134 34  1.3833
3372 1 212 36 157 119 136 110 69 138 242 179 163 24 215 115 73 27 129 86 104 58 56 101 219 34 201 227 85 20 192 113 198 34  1.58719
3373 1 196 120 156 118 168 44 84 152 250 186 163 88 247 243 73 27 129 119 108 18 40 101 219 32 217 243 117 57 200 113 11 3  2.1848
3373 1 196 124 157 118 168 108 21 152 186 186 161 120 214 247 73 27 135 87 108 18 33 71 218 34 217 178 117 62 192 113 7 51  2.21641
3373 1 212 112 157 116 168 76 85 152 162 186 163 88 215 243 73 27 133 213 108 114 41 71 219 0 217 227 101 60 200 113 3 51  1.95369
3373 1 212 112 157 118 168 108 85 152 186 250 163 24 215 119 73 59 129 85 124 10 41 69 251 32 193 251 117 60 200 113 7 51  2.14132
3373 1 212 120 157 53 168 46 85 154 186 186 162 92 215 51 65 27 133 85 108 18 41 69 219 32 201 243 117 52 200 113 3 51  2.21183
3373 1 212 120 157 118 168 108 85 152 186 186 163 88 215 243 73 27 129 84 108 82 41 69 219 32 201 227 117 60 192 113 7 35  1.90046
3373 1 212 248 157 122 40 205 17 152 190 26 161 88 215 211 73 27 129 81 108 82 43 69 219 49 201 211 101 124 64 17 7 35  2.93276
3373 1 197 120 149 54 136 44 4 136 186 186 163 92 214 242 73 155 129 69 104 82 33 69 219 32 153 178 85 60 200 113 3 0  2.41352
3374 1 222 104 142 54 139 96 29 128 179 150 131 153 111 231 67 91 167 245 237 131 40 71 138 96 211 227 95 27 160 117 39 82  2.72571
3374 1 252 104 190 118 136 104 85 146 178 182 166 25 87 247 67 27 161 245 109 82 40 71 186 32 219 227 117 57 224 241 6 98  2.34601
3374 1 92 104 158 54 139 104 84 130 179 182 162 25 111 243 65 27 161 245 236 2 40 71 154 32 219 227 85 59 224 113 6 2  2.04215
3374 1 244 108 158 118 137 108 85 2 240 150 166 25 119 241 67 27 161 246 108 2 40 103 146 34 211 227 85 25 224 113 70 10  2.5672
3374 1 220 108 158 118 139 122 20 2 177 150 167 57 79 243 3 155 163 245 236 2 44 197 155 34 211 243 85 19 226 113 15 2  3.0683
3374 1 252 104 158 118 9 76 85 192 179 150 164 25 55 215 65 27 129 245 237 66 104 71 154 32 211 227 85 57 96 113 6 10  2.42758
3374 1 252 108 158 54 137 108 85 130 179 150 167 25 119 247 67 27 129 247 237 2 40 71 218 34 211 227 85 57 224 113 6 66  2.27546
3374 1 220 104 190 52 9 106 85 2 177 182 166 25 79 167 67 27 161 245 237 2 40 71 131 0 211 227 81 25 224 113 6 66  2.63109
3375 1 244 96 153 114 202 105 83 200 50 183 161 24 23 215 73 24 17 220 76 18 42 71 218 50 217 133 37 61 224 115 6 162  2.20727
3375 1 244 104 153 114 136 109 81 200 162 183 161 24 23 211 73 27 129 212 108 82 10 103 218 32 217 193 85 125 224 113 70 34  1.79426
3375 1 228 104 157 112 200 105 85 202 178 182 32 24 23 211 65 27 129 220 96 18 42 118 202 32 221 131 117 61 224 113 70 162  2.43042
3375 1 244 96 157 114 137 109 80 200 186 178 161 24 214 211 73 27 129 212 104 18 42 103 218 16 153 210 85 63 192 113 6 34  2.26336
3375 1 244 160 157 114 137 237 81 136 178 55 161 24 247 241 73 27 137 210 104 18 42 103 218 49 217 195 85 125 192 89 70 34  2.20955
3375 1 244 96 156 50 136 109 80 200 178 183 161 25 87 217 73 27 137 213 105 18 42 103 218 48 219 195 85 125 224 113 70 2  2.36712
3375 1 244 96 153 114 8 109 81 200 178 183 165 24 23 211 73 27 129 220 108 18 42 103 218 18 217 195 117 61 224 113 70 34  1.89048
3375 1 244 232 25 122 8 205 85 204 178 22 161 24 55 211 73 27 129 152 108 66 106 103 218 49 209 193 113 57 96 17 6 42  2.36712
3376 1 212 120 189 116 138 104 21 136 186 182 166 56 215 247 65 59 35 213 104 82 32 69 187 32 217 163 85 61 224 113 7 98  2.38325
3376 1 212 98 158 54 138 40 52 136 170 182 163 185 207 226 73 27 167 213 232 82 36 71 139 96 152 162 85 63 192 113 15 2  2.7219
3376 1 212 76 159 183 138 98 53 136 190 182 131 16 213 247 73 91 35 87 105 178 48 69 155 96 217 163 95 21 160 113 165 34  3.22515
3376 1 212 104 159 52 138 104 21 136 178 182 162 24 215 243 65 27 35 213 104 82 32 69 139 32 217 163 117 61 224 113 7 34  2.23493
3376 1 84 104 157 114 138 104 23 136 162 182 163 40 215 247 73 26 35 213 108 82 10 65 139 32 217 161 101 125 224 115 7 34  2.12863
3376 1 196 104 159 118 138 104 53 128 250 182 163 56 246 243 73 27 163 119 104 82 32 101 138 32 217 162 85 59 192 113 7 35  2.35388
3376 1 220 96 159 118 139 104 21 136 162 182 163 184 79 247 73 91 35 213 233 194 40 69 139 96 209 227 95 31 160 113 39 34  3.07911
3376 1 212 112 157 118 170 104 21 136 170 182 163 56 215 247 73 27 163 85 108 82 32 69 139 32 217 131 117 61 192 113 7 35  2.21183
2936 0 52 225 168 42 221 93 214 200 67 180 169 9 66 200 95 16 153 200 192 115 78 99 218 49 123 85 5 127 209 63 94 198  0
2936 0 244 237 12 62 221 95 86 232 211 166 169 9 98 232 79 17 153 234 192 99 108 99 218 63 187 215 69 63 81 123 222 134  0
2936 0 180 236 24 122 89 205 87 232 178 52 165 9 119 211 73 17 153 216 65 98 106 103 218 63 251 193 5 125 112 19 70 130  0
2936 0 116 237 16 62 25 205 86 232 163 132 169 9 102 209 9 16 152 248 200 98 78 35 218 63 177 212 5 59 80 59 78 2  0
2936 0 116 237 184 106 217 77 87 232 115 180 173 8 82 241 73 16 153 218 64 114 90 99 218 51 251 221 5 127 209 123 198 162  0
2936 0 188 253 104 122 217 201 87 236 19 166 172 9 115 221 75 17 153 250 197 98 106 103 250 63 251 197 5 61 113 59 70 218  0
2936 0 124 233 88 106 89 217 86 232 227 164 172 9 98 217 79 16 152 248 196 98 78 35 202 61 251 213 5 63 99 51 78 130  0
2936 0 116 251 24 34 250 201 22 232 171 188 169 41 102 209 75 16 147 217 204 114 78 99 202 61 248 213 37 63 64 51 14 131  0
3441 1 54 225 104 42 93 209 214 232 199 164 169 139 66 204 127 16 216 200 195 227 78 35 78 189 123 85 133 63 85 63 94 198  2.76462
3441 1 52 224 168 42 221 77 210 200 83 181 161 9 67 201 91 24 153 200 192 115 14 103 218 50 219 213 5 125 209 59 94 194  2.37247
3441 1 116 225 232 34 217 91 86 200 99 180 169 9 66 232 79 16 153 204 192 114 30 99 221 48 123 69 5 127 225 119 78 198  2.41073
3441 1 54 97 168 170 205 69 150 200 138 180 185 11 66 220 127 10 217 217 67 115 78 99 218 48 249 16 141 63 209 123 86 194  2.99573
3441 1 36 225 160 74 221 93 214 200 67 180 169 9 66 216 79 148 153 200 194 114 78 99 218 49 59 92 5 127 211 63 94 134  2.07944
3441 1 117 235 168 34 157 13 198 200 234 180 168 13 194 200 95 18 153 204 104 119 206 99 206 48 184 21 5 127 193 63 90 198  2.93276
3441 1 60 225 232 34 217 93 214 200 99 244 173 141 67 205 95 16 153 200 193 119 142 99 254 48 123 93 5 125 227 191 94 210  2.47694
3441 1 52 225 40 42 157 93 214 232 67 180 169 9 67 200 94 16 217 200 200 119 78 99 218 53 251 209 5 127 81 63 94 198  2.42758
3442 1 188 237 108 62 221 127 214 236 87 182 173 27 99 105 31 17 217 202 195 99 124 99 91 63 251 207 197 61 243 127 222 130  2.91415
3442 1 118 239 64 46 217 91 214 232 83 166 169 137 66 232 95 144 153 206 192 99 108 99 207 63 186 86 5 63 113 127 94 198  2.74109
3442 1 244 237 44 62 141 93 86 236 211 182 169 9 98 248 79 19 153 194 232 99 110 99 218 63 251 211 69 63 81 127 222 70  2.25142
3442 1 164 108 10 30 93 159 198 232 211 162 233 8 98 248 63 17 217 232 66 99 108 103 90 63 49 22 69 59 81 123 90 134  2.5195
3442 1 181 237 20 94 157 95 198 237 87 186 169 8 98 120 12 181 153 194 72 98 110 99 91 63 187 218 69 63 81 58 202 14  2.87351
3442 1 180 237 28 126 201 205 86 236 211 182 160 9 98 233 15 17 153 250 192 98 108 103 218 63 243 211 69 59 81 123 206 138  2.54148
3442 1 246 237 134 58 221 233 198 236 211 182 169 25 98 232 77 145 217 235 232 115 126 99 218 191 185 214 69 127 209 127 254 134  2.67003
3442 1 116 109 24 38 153 95 86 232 243 166 168 9 66 232 71 16 153 228 200 98 108 99 216 62 251 215 5 63 65 123 78 2  2.38597
3443 1 52 237 24 106 88 205 87 232 178 36 169 9 119 211 73 16 153 248 65 98 74 35 218 63 249 133 5 61 112 51 70 130  2.43042
3443 1 180 236 120 122 88 201 87 232 179 52 165 9 115 195 72 17 57 216 65 98 106 103 138 63 123 129 5 125 97 147 70 162  2.69934
3443 1 172 249 57 122 73 205 87 248 171 52 165 9 118 215 73 17 145 89 65 98 66 103 186 53 251 209 5 127 80 19 70 242  2.88688
3443 1 180 228 56 106 29 205 83 232 18 180 161 9 87 217 73 17 153 216 65 114 106 103 218 63 251 193 5 125 112 11 70 130  2.41912
3443 1 164 236 24 122 89 205 87 232 243 18 165 8 114 209 9 17 153 248 64 106 106 103 90 63 243 153 5 57 80 19 70 162  2.35916
3443 1 252 236 24 122 9 205 86 236 179 54 164 9 103 211 75 17 153 217 201 66 110 103 218 63 251 195 5 63 112 19 78 138  2.6173
3443 1 180 237 28 186 29 197 87 232 150 20 129 11 247 219 40 65 217 217 75 99 106 39 90 63 249 193 143 125 16 27 180 130  3.34529
3443 1 252 237 24 122 217 205 87 232 179 52 165 24 119 211 72 17 145 218 72 114 122 103 218 55 251 193 5 125 96 19 198 2  2.26096
3444 1 116 109 18 174 25 197 22 232 135 132 233 9 102 210 41 80 216 249 202 99 78 3 90 61 177 212 15 59 16 59 46 2  2.45051
3444 1 52 109 18 126 89 205 86 232 151 4 233 8 102 209 45 16 216 248 194 98 74 35 90 63 177 148 1 59 81 59 70 130  2.2187
3444 1 124 237 18 126 153 205 86 236 179 128 168 8 102 241 9 144 145 242 232 98 106 99 218 63 187 215 5 59 66 115 78 10  2.11403
3444 1 116 233 16 126 25 205 86 232 163 180 168 9 102 209 73 16 152 248 232 66 74 99 218 61 249 208 5 59 80 51 70 10  2.13284
3444 1 118 233 16 46 25 205 86 232 171 164 169 9 238 210 73 148 152 249 204 98 78 35 218 61 185 212 5 63 80 63 14 6  2.44472
3444 1 116 237 16 46 25 205 86 232 227 160 169 9 102 208 9 16 152 224 72 98 78 35 218 63 177 148 5 63 80 51 74 2  2.35651
3444 1 116 104 26 62 25 205 86 232 163 4 161 9 102 217 3 16 152 249 200 66 78 39 218 63 243 213 1 59 80 51 78 2  2.40241
3444 1 116 105 18 46 89 207 86 232 163 164 168 9 98 208 1 144 152 252 200 98 76 35 218 61 177 212 5 59 81 59 78 130  2.69193
3445 1 116 237 152 118 201 77 86 236 243 182 168 8 118 241 73 18 153 218 64 114 74 99 218 51 251 213 5 63 192 115 198 162  2.55426
3445 1 116 229 57 106 217 77 87 232 115 52 173 8 82 217 76 48 153 218 64 114 90 99 250 55 123 221 5 127 81 27 198 162  2.01741
3445 1 116 229 248 98 217 77 87 200 115 181 173 9 83 249 73 16 153 222 64 114 26 99 218 50 251 205 5 125 225 115 198 130  2.165
3445 1 36 237 184 122 221 237 215 200 211 182 173 8 114 249 77 24 217 218 66 82 10 99 218 51 123 157 5 61 209 123 70 162  2.63457
3445 1 108 237 152 106 221 77 86 168 67 180 173 8 194 241 73 16 153 202 64 122 90 98 218 51 239 221 5 127 210 123 206 130  2.48891
3445 1 116 237 152 106 153 205 87 236 227 189 173 8 86 241 73 18 153 210 104 114 90 99 218 55 251 213 5 127 208 123 198 34  2.25142
3445 1 124 165 152 106 217 111 86 200 115 183 173 24 67 241 73 24 153 218 192 50 58 99 218 50 251 215 5 127 243 123 206 130  2.87795
3445 1 116 237 208 66 217 79 70 232 115 164 173 8 66 241 77 148 153 220 64 122 90 99 218 58 59 220 5 127 195 115 198 162  2.43898
3446 1 252 253 120 106 217 205 87 252 19 164 172 9 115 221 75 16 153 218 197 98 106 99 250 63 251 205 5 61 113 59 70 250  2.07147
3446 1 182 253 41 122 89 205 215 236 147 246 164 9 98 221 95 17 153 248 209 99 106 103 250 63 123 83 5 63 81 63 86 250  2.92807
3446 1 252 253 122 114 219 201 87 236 179 166 164 9 107 221 67 16 185 251 197 66 106 103 186 63 251 197 5 59 97 51 70 218  2.95172
3446 1 188 253 106 46 219 195 87 236 55 134 236 137 99 239 43 17 249 251 193 227 106 3 218 63 251 197 133 61 113 115 166 210  3.3668
3446 1 188 237 104 34 217 75 86 236 51 166 173 137 67 237 75 16 153 218 197 114 110 103 200 63 251 199 5 61 99 119 206 210  2.99074
3446 1 188 239 104 122 202 73 215 236 18 182 189 169 115 237 95 17 31 218 195 98 106 102 238 63 127 131 101 61 117 251 198 226  3.33121
3446 1 188 205 120 250 221 197 215 236 151 6 252 11 115 221 43 1 217 250 151 99 106 39 122 191 251 205 133 57 113 59 244 234  3.3668
3446 1 184 236 120 126 89 203 87 238 115 166 172 9 99 249 3 17 153 250 193 98 106 111 90 63 243 199 5 57 113 120 70 138  2.97104
3447 1 124 225 88 106 89 217 86 232 99 36 173 9 99 201 10 16 152 216 196 98 78 35 202 61 243 197 1 61 99 19 78 130  2.17595
3447 1 44 233 80 74 89 221 82 232 227 160 165 8 98 209 77 180 152 248 192 98 74 35 218 61 123 217 5 63 83 59 78 134  2.50409
3447 1 124 233 120 98 89 221 86 200 227 164 172 9 107 217 79 16 152 248 196 114 78 99 218 57 251 221 5 63 99 51 78 130  2.10169
3447 1 124 237 80 66 219 217 86 232 99 164 172 40 74 209 79 148 179 220 196 114 78 99 138 63 59 213 5 127 99 183 78 134  2.68825
3447 1 120 233 88 102 89 217 86 236 227 164 172 9 98 217 71 16 152 252 192 66 78 107 202 61 251 213 5 59 99 50 78 10  2.08345
3447 1 60 105 122 106 89 203 82 232 131 164 237 9 99 217 47 16 216 249 199 98 78 35 74 61 243 213 1 63 113 59 78 130  2.64156
3447 1 124 109 218 46 219 89 86 232 163 132 236 9 107 235 75 16 184 253 197 98 76 35 138 42 251 197 5 63 99 119 110 130  3.02619
3447 1 124 233 80 74 89 217 86 232 227 164 172 9 106 216 79 148 152 232 196 98 78 35 202 61 187 213 5 63 83 63 78 134  2.50715
3448 1 244 255 28 50 184 201 22 236 171 188 160 41 102 209 75 19 145 243 204 98 110 99 202 61 250 209 37 63 64 51 78 11  2.90955
3448 1 108 235 16 34 251 73 22 200 123 180 41 41 78 193 75 148 147 88 196 114 66 98 203 55 190 213 5 127 194 51 14 131  3.21888
3448 1 116 251 24 42 186 201 87 232 162 188 169 41 87 211 73 16 145 217 77 114 74 67 202 53 249 197 37 127 112 51 6 3  2.92807
3448 1 124 255 88 34 186 9 86 248 163 172 173 173 103 195 75 16 151 221 204 98 78 67 202 63 250 213 37 63 96 179 14 19  2.94219
3448 1 118 103 138 34 218 107 150 200 42 164 169 169 70 236 75 16 191 221 197 115 12 99 136 60 248 132 13 127 225 115 7 195  3.52337
3448 1 116 249 152 34 155 201 22 200 171 188 169 41 110 210 73 18 179 221 236 114 78 99 138 57 185 213 5 63 64 51 15 3  2.85597
3448 1 100 243 24 42 232 9 22 200 170 184 161 109 198 200 75 16 153 201 76 114 78 99 202 49 248 145 37 63 88 51 10 131  3.12357
3448 1 100 251 16 66 250 201 22 232 235 188 169 40 102 209 77 16 147 88 192 114 66 99 202 53 56 148 5 63 64 51 70 131  3.04703
7 0 87 119 239 39 162 42 47 184 60 226 219 229 221 102 155 83 55 197 125 239 225 209 173 110 252 39 111 132 172 243 35 113  0
7 0 93 118 255 101 162 42 127 152 33 238 47 236 95 103 203 58 55 213 108 110 129 208 173 72 254 239 101 132 234 243 7 113  0
7 0 69 183 241 67 242 47 43 152 58 249 43 236 223 102 204 48 55 95 116 62 147 80 237 66 44 156 37 228 200 227 131 241  0
7 0 237 54 237 85 232 62 109 152 123 250 55 252 219 108 223 63 23 68 124 62 181 244 253 66 78 91 101 180 203 245 66 245  0
7 0 197 54 157 55 168 46 45 154 186 251 131 253 215 103 201 91 135 71 124 62 177 69 219 98 204 163 127 148 136 241 131 17  0
7 0 77 48 189 97 160 110 113 24 58 251 39 92 223 55 201 58 151 84 124 58 145 208 249 0 205 251 101 116 200 227 3 113  0
7 0 65 54 223 117 162 46 45 55 56 235 102 252 223 39 128 59 39 119 124 12 177 220 165 74 204 175 117 128 200 224 131 121  0
7 0 197 118 213 103 160 46 111 184 120 250 35 252 215 99 137 59 55 68 108 110 225 212 205 42 164 170 101 132 200 243 3 49  0
3513 0 213 127 207 39 34 10 47 176 48 226 194 229 221 103 129 83 54 229 125 239 225 213 141 110 244 163 111 128 44 243 35 113  0
3513 0 87 100 231 7 130 54 47 184 56 226 203 196 217 102 157 255 55 197 124 239 165 209 189 74 188 46 239 132 173 247 35 116  0
3513 0 71 255 239 39 178 14 47 188 60 234 90 228 221 102 153 114 55 71 125 239 225 208 173 110 236 46 111 132 172 243 131 113  0
3513 0 87 34 202 37 162 42 58 152 58 230 203 237 205 230 219 26 55 205 125 247 132 209 141 74 156 39 47 132 172 247 43 81  0
3513 0 215 118 238 39 170 58 62 184 185 246 155 237 77 110 159 27 55 197 253 231 228 197 141 106 186 99 111 150 237 247 171 85  0
3513 0 86 183 239 55 178 98 63 187 60 71 207 181 221 103 138 81 55 215 125 167 176 209 173 111 252 167 111 196 164 227 167 113  0
3513 0 150 94 239 191 174 34 191 248 188 214 219 247 253 238 187 75 119 247 63 231 224 197 47 238 240 39 239 132 181 243 53 113  0
3513 0 85 23 239 167 178 38 111 184 52 226 219 230 213 103 153 97 119 199 125 239 249 208 45 110 236 175 239 132 172 243 161 113  0
3521 1 213 126 239 37 34 10 111 48 48 226 210 229 213 39 145 91 54 229 125 239 225 212 165 74 228 171 111 128 44 243 35 113  1.95369
3521 1 215 93 239 39 34 66 47 176 176 194 194 228 253 119 129 115 54 245 125 239 225 213 189 106 240 163 111 128 44 243 39 113  1.99878
3521 1 212 111 207 37 162 42 111 184 48 162 138 229 215 103 129 91 55 245 125 238 105 209 141 42 240 163 111 132 172 243 35 113  2.26336
3521 1 213 114 79 37 34 10 43 56 36 192 67 229 221 71 137 83 54 69 125 238 225 212 141 76 196 163 107 132 44 163 35 113  2.22562
3521 1 85 127 91 39 50 10 47 240 56 194 107 229 93 103 129 16 54 253 93 238 225 145 141 110 244 166 47 128 104 243 35 113  2.35651
3521 1 212 95 94 167 34 10 62 184 60 162 211 229 223 103 137 83 54 245 109 230 232 213 141 110 240 227 111 132 44 243 43 17  2.60032
3521 1 215 127 206 183 162 10 46 182 60 226 194 229 245 98 131 83 55 231 108 231 229 213 141 110 180 34 111 128 44 241 43 25  2.65214
3521 1 79 127 14 55 34 10 47 176 172 206 66 229 253 103 131 83 38 101 125 239 225 209 143 108 228 35 111 128 44 247 35 81  2.5195
3522 1 87 37 231 5 130 62 111 184 120 226 75 196 217 102 157 254 55 197 124 239 181 208 189 74 172 46 239 132 173 247 35 116  2.3969
3522 1 87 124 167 23 130 54 47 144 184 194 203 196 253 230 153 255 55 229 121 239 161 193 191 106 176 46 207 128 172 247 35 116  2.471
3522 1 87 115 229 7 170 22 174 184 110 248 155 228 217 102 157 230 55 69 124 239 197 193 255 72 172 58 239 148 12 247 35 117  3.07911
3522 1 87 6 199 151 130 50 174 136 62 242 195 215 201 98 157 239 119 197 122 191 165 213 141 202 156 38 223 132 173 247 57 84  3.06294
3522 1 223 68 231 7 130 54 110 184 48 226 199 212 217 102 155 255 55 197 125 239 237 213 189 74 186 107 239 132 175 247 43 84  2.67728
3522 1 87 135 199 7 146 34 46 191 60 226 203 212 81 98 156 247 55 199 120 174 245 209 157 78 60 46 239 132 173 246 163 20  3.02105
3522 1 215 101 239 71 194 102 239 248 48 226 203 146 89 110 221 59 63 213 121 239 241 215 189 74 125 46 207 132 229 243 163 240  3.04703
3522 1 87 54 231 5 34 54 175 24 56 234 219 228 89 102 157 191 54 197 124 175 161 209 189 74 20 46 235 132 237 247 35 117  2.56071
3523 1 69 255 159 39 178 14 47 188 60 200 74 228 253 119 137 112 55 127 125 238 225 216 189 111 236 174 47 128 44 243 163 121  2.34341
3523 1 71 255 237 7 186 10 175 188 186 250 154 236 245 102 219 51 55 71 125 239 225 65 239 127 236 46 111 180 76 243 131 121  2.71432
3523 1 79 247 237 39 178 14 111 188 60 234 95 229 221 102 155 114 55 71 125 239 245 208 237 110 236 111 111 132 172 247 131 113  2.24668
3523 1 71 115 111 37 50 14 47 184 44 232 95 228 221 70 153 112 54 85 125 239 193 144 189 76 228 47 43 132 44 179 3 113  2.44761
3523 1 71 191 175 191 178 162 175 182 190 200 90 229 245 230 145 98 55 111 127 221 179 216 175 111 236 38 239 128 140 240 163 249  2.81759
3523 1 71 126 239 7 162 46 175 152 56 234 91 228 221 110 153 58 55 69 125 239 161 208 173 106 100 46 111 132 204 243 3 113  2.52573
3523 1 71 127 239 37 162 14 47 176 56 234 90 228 221 38 145 115 54 101 125 239 225 208 173 104 236 42 111 132 44 243 3 113  2.471
3523 1 71 255 199 37 178 10 46 191 60 226 90 229 213 98 152 83 55 71 124 239 241 216 141 110 172 38 111 132 44 242 131 17  2.36446
3524 1 87 106 138 39 178 34 42 152 62 160 202 229 205 226 195 88 55 237 109 215 132 209 141 106 156 38 47 132 172 243 43 17  2.82599
3524 1 87 51 203 37 178 42 42 24 40 232 219 237 221 102 219 18 54 205 125 247 149 209 141 72 156 36 47 132 172 231 35 81  2.61388
3524 1 86 54 234 36 226 42 187 200 58 230 235 237 93 238 219 26 55 221 117 183 128 211 141 74 216 38 47 132 237 243 39 209  3.06294
3524 1 87 38 234 37 162 42 62 152 56 230 91 237 221 110 219 26 55 77 125 231 132 208 141 74 196 39 111 132 236 247 11 81  2.66643
3524 1 87 55 206 167 178 34 62 154 50 231 219 229 205 110 219 90 55 199 253 181 156 208 205 98 252 103 239 132 172 247 171 81  3.27017
3524 1 86 35 202 37 178 10 62 136 42 164 139 237 205 226 203 82 55 197 237 247 20 209 141 66 184 36 47 197 164 247 43 81  3.03136
3524 1 71 34 198 37 162 42 170 136 62 242 67 197 205 226 219 26 55 77 121 255 132 208 143 64 140 34 239 132 172 247 43 212  2.99074
3524 1 94 50 206 165 34 42 56 24 44 230 203 229 205 230 131 90 54 229 253 167 140 209 133 72 208 231 107 133 172 231 47 81  3.0523
3525 1 223 126 236 39 170 50 30 184 48 246 151 247 73 110 155 91 55 197 253 231 236 197 237 42 250 99 239 149 173 247 43 85  2.77259
3525 1 214 118 238 23 162 58 191 184 184 246 179 253 77 110 159 27 55 213 253 231 228 213 173 106 54 34 111 135 229 247 167 85  2.57702
3525 1 214 247 236 38 186 43 190 252 58 254 186 237 79 108 203 19 183 215 253 231 244 65 141 110 248 71 109 183 237 119 135 83  3.14076
3525 1 87 111 254 38 234 34 190 236 185 138 187 237 77 234 157 19 183 247 125 231 228 199 142 106 184 62 111 158 197 243 171 5  3.86323
3525 1 215 255 199 38 170 26 30 188 187 242 138 237 205 102 207 215 55 199 253 231 253 65 143 106 184 114 79 150 172 247 139 85  2.92807
3525 1 223 126 230 55 170 50 62 184 185 218 147 245 205 110 159 219 183 229 253 231 229 197 143 106 146 115 111 134 174 245 43 85  2.60707
3525 1 223 247 108 39 162 30 62 184 56 242 183 253 221 110 155 19 55 197 253 231 229 213 141 110 250 99 109 148 109 247 139 81  2.97104
3525 1 87 55 238 38 170 26 30 184 41 230 155 237 79 110 159 19 54 197 253 231 252 193 141 76 250 99 109 149 109 247 171 85  2.73337
3526 1 223 182 239 119 178 114 63 191 63 255 223 181 221 111 154 123 55 215 253 183 177 221 173 238 254 127 255 196 166 245 167 113  3.2003
3526 1 20 167 78 43 178 170 63 191 62 69 75 245 213 103 154 80 55 79 93 181 178 152 13 127 236 167 47 196 172 194 163 81  2.93746
3526 1 86 134 223 55 178 34 63 175 62 151 75 241 221 103 136 89 55 215 109 163 48 209 141 111 252 166 127 196 164 243 167 49  2.97104
3526 1 94 183 238 55 178 34 63 187 52 135 207 181 77 103 138 83 55 215 237 166 56 209 173 110 248 231 111 197 164 243 167 113  2.7068
3526 1 22 183 111 47 242 106 191 248 60 70 127 165 93 103 138 16 55 223 87 231 240 145 45 127 116 39 111 196 101 243 167 241  2.88688
3526 1 86 183 111 33 178 98 59 51 60 77 223 245 221 103 138 80 55 151 221 181 177 145 45 78 248 231 42 196 172 231 167 113  3.24419
3526 1 86 181 239 55 154 98 63 187 50 247 143 149 221 103 26 82 55 215 125 183 249 193 191 111 249 167 239 196 164 243 167 114  3.17009
3526 1 214 183 111 39 178 74 63 185 60 92 199 245 221 103 138 81 55 213 125 167 241 193 173 95 248 163 111 196 36 162 167 113  3.14656
3527 1 222 94 238 191 170 34 63 184 188 222 223 247 253 239 187 75 119 247 253 231 224 197 175 234 240 103 239 128 164 247 37 113  2.90498
3527 1 135 223 175 191 190 162 175 238 30 83 91 247 245 238 185 65 127 91 59 231 243 212 15 255 172 38 239 196 156 251 177 209  3.46574
3527 1 150 86 239 191 134 34 239 216 22 206 223 247 81 239 187 73 127 205 63 239 168 215 45 238 240 39 239 132 181 251 52 241  3.46574
3527 1 214 84 255 255 170 98 191 248 188 210 215 178 93 255 185 107 119 245 63 227 161 197 63 202 211 235 239 132 165 241 37 115  3.39621
3527 1 150 223 127 255 174 6 191 252 156 218 219 230 253 127 185 99 119 119 63 239 225 193 47 255 248 167 239 132 53 251 165 121  3.53188
3527 1 150 111 239 39 138 67 191 248 180 214 155 167 221 236 27 11 63 101 125 231 228 197 47 106 224 7 239 132 229 247 55 208  3.64966
3527 1 151 94 238 191 166 34 190 250 156 210 211 247 221 110 187 75 119 231 63 167 165 213 15 238 244 35 255 128 173 253 49 81  3.25062
3527 1 199 78 231 159 170 34 175 184 188 214 219 247 236 230 189 111 119 103 127 239 225 197 175 239 180 50 239 132 148 243 37 117  3.6027
3528 1 87 135 206 167 176 38 110 187 52 227 219 215 213 98 154 65 119 199 125 175 189 216 77 78 236 167 239 132 172 242 185 17  2.99573
3528 1 213 23 239 229 166 34 111 185 116 226 223 246 81 103 153 107 127 196 61 175 249 213 45 206 252 175 239 132 173 243 240 113  2.98084
3528 1 85 87 207 39 178 34 111 184 52 226 219 228 213 103 153 115 55 197 125 238 249 208 45 110 236 175 239 132 172 243 161 113  2.41352
3528 1 84 157 159 239 178 34 47 184 52 130 219 226 213 119 169 97 119 87 61 234 121 209 9 110 232 167 239 132 172 243 161 49  3.0523
3528 1 23 151 109 171 182 39 239 249 20 224 91 230 213 111 184 96 127 207 23 255 177 144 109 222 236 46 175 196 189 235 177 241  3.15239
3528 1 21 159 239 255 182 38 111 191 52 202 90 230 245 103 185 97 119 111 63 239 241 216 45 111 236 175 239 128 172 243 177 121  2.99074
3528 1 221 215 237 167 188 38 79 184 52 238 223 231 211 111 155 99 87 199 125 239 249 208 237 46 234 239 239 148 172 243 176 113  2.95651
3528 1 85 4 175 167 146 38 111 184 52 226 203 212 213 103 25 123 55 197 125 191 185 208 189 78 237 175 239 132 172 243 161 112  2.84301
3514 0 92 102 223 101 162 42 103 152 34 166 47 232 215 103 201 26 55 212 108 122 0 208 169 8 252 167 101 4 224 243 7 33  0
3514 0 93 54 255 101 34 42 123 16 49 238 111 236 95 39 129 58 54 245 108 46 129 212 165 74 198 239 97 128 226 243 7 113  0
3514 0 93 114 255 101 162 62 127 152 33 234 175 236 95 103 203 62 54 213 124 110 129 209 189 72 214 239 101 132 234 247 3 113  0
3514 0 92 54 250 100 162 106 59 80 49 230 175 169 95 103 195 26 55 213 237 178 144 209 173 74 218 231 37 133 227 247 39 115  0
3514 0 93 116 255 103 162 110 127 184 49 238 63 172 95 119 137 59 55 213 125 106 225 208 185 106 255 239 101 132 226 243 7 113  0
3514 0 92 115 248 101 178 10 127 152 32 236 63 237 223 103 203 18 54 213 109 126 136 208 173 8 254 237 37 132 232 243 7 113  0
3514 0 93 255 253 103 162 90 127 188 35 254 46 236 95 119 203 50 55 214 236 110 209 208 173 40 238 239 101 132 226 243 135 113  0
3514 0 92 118 220 37 162 58 54 152 59 254 47 237 79 103 203 26 55 213 236 118 164 208 173 10 254 231 101 183 234 247 15 81  0
3593 1 84 38 239 101 130 42 111 152 48 166 175 200 83 103 201 26 55 196 108 190 168 208 173 10 220 175 101 4 225 243 70 96  2.65926
3593 1 92 38 222 101 162 42 111 153 32 167 47 232 223 99 201 26 55 213 108 58 24 208 137 0 220 231 101 4 224 243 131 33  2.55105
3593 1 84 126 223 101 162 42 55 152 40 174 42 232 215 103 193 26 55 213 108 114 0 209 137 8 248 167 101 132 224 243 7 49  2.1848
3593 1 92 166 223 115 178 106 115 184 54 23 111 176 215 103 137 88 55 215 108 58 48 208 169 46 238 231 37 69 224 243 7 33  3.53188
3593 1 93 106 223 101 162 42 103 144 98 162 46 232 223 99 193 58 55 116 108 122 1 208 173 40 204 239 101 4 226 243 3 33  2.80099
3593 1 92 102 253 101 170 106 71 152 34 182 175 232 215 103 201 26 55 212 108 122 8 80 237 10 204 231 101 180 224 243 6 97  2.38869
3593 1 76 110 211 69 226 42 103 144 43 166 46 232 95 167 193 30 55 220 100 122 0 208 169 66 124 172 37 36 226 243 7 161  2.80925
3593 1 92 118 223 103 162 106 39 152 48 162 47 232 87 119 201 26 55 212 108 122 1 208 169 8 252 167 101 4 224 243 7 49  2.39142
3594 1 93 54 255 101 34 42 59 16 40 234 127 236 223 55 129 58 54 117 108 106 129 208 165 72 198 239 97 128 106 243 7 113  1.71619
3594 1 93 50 211 69 34 58 123 16 41 236 111 236 223 7 131 190 54 229 236 60 129 208 165 72 134 253 33 128 234 167 3 117  2.50715
3594 1 221 54 255 101 34 110 123 16 57 238 103 252 95 55 131 59 54 245 125 46 161 212 165 74 215 235 97 128 98 241 7 113  2.23493
3594 1 68 114 251 85 98 40 57 16 57 206 103 236 95 231 199 58 54 125 100 14 129 212 167 64 86 175 97 128 226 243 7 241  3.04703
3594 1 92 54 254 101 34 42 127 18 48 238 111 173 95 103 131 26 55 245 108 46 160 212 165 10 198 239 97 128 226 243 7 113  2.06751
3594 1 93 122 255 101 34 42 107 16 33 238 102 236 91 39 129 58 54 244 108 238 137 212 165 74 214 239 97 128 226 243 6 113  2.10373
3594 1 93 54 243 69 242 122 123 26 49 239 111 252 95 39 129 60 55 220 228 60 177 208 165 74 78 239 33 132 226 225 6 113  2.70306
3594 1 93 52 251 100 98 110 123 80 57 202 111 232 95 247 129 56 54 253 84 42 129 208 160 74 215 173 33 128 226 243 39 241  2.68825
3595 1 95 114 254 100 170 62 95 152 169 250 175 237 95 247 203 58 182 213 253 110 133 65 187 64 210 251 101 150 234 247 11 113  2.12863
3595 1 93 114 251 101 34 62 123 24 41 232 47 236 223 87 203 58 54 213 124 126 129 208 189 64 214 237 33 132 234 183 3 113  1.97148
3595 1 221 114 255 101 34 30 127 152 33 234 167 236 95 103 139 59 54 213 124 110 201 213 189 72 210 235 101 132 106 243 3 113  1.70512
3595 1 77 114 245 69 162 62 127 152 41 234 46 236 223 103 203 190 55 85 124 110 129 208 189 72 238 255 101 132 234 247 3 113  1.91902
3595 1 93 114 198 4 162 62 78 152 33 234 175 236 91 102 203 190 55 196 236 238 141 193 173 72 154 239 101 148 234 247 10 85  1.96969
3595 1 93 121 159 101 162 46 127 144 160 202 175 100 223 119 129 122 54 117 124 238 129 209 185 72 211 239 103 132 170 243 35 49  2.74497
3595 1 87 114 247 68 98 62 47 24 41 234 167 236 90 102 207 190 54 213 252 238 129 209 189 72 22 62 101 134 235 247 3 117  2.42758
3595 1 93 113 239 69 162 62 111 152 97 234 47 204 91 103 219 62 54 196 124 238 137 208 189 72 118 239 101 132 235 243 66 113  1.9951
3596 1 92 54 250 97 178 106 59 80 49 164 111 173 79 103 131 24 55 253 205 178 48 209 173 78 250 231 37 197 227 227 39 115  2.55748
3596 1 92 54 251 96 178 106 123 90 51 239 239 185 95 247 203 24 55 221 237 176 24 209 169 66 219 231 37 197 226 227 39 115  2.471
3596 1 94 55 234 37 178 106 63 147 35 229 175 173 95 47 195 26 55 213 253 181 152 209 173 64 250 229 45 133 231 247 135 115  2.96617
3596 1 92 58 250 100 34 106 59 80 168 230 175 169 95 231 195 26 54 245 237 242 128 209 165 72 210 231 101 129 225 243 39 115  2.33047
3596 1 92 38 243 100 178 106 123 16 49 166 175 169 79 231 193 30 55 245 237 178 0 209 173 74 218 231 37 133 226 247 7 113  2.7766
3596 1 92 54 234 100 162 122 127 24 49 230 175 185 91 103 203 58 55 213 253 182 188 211 173 74 218 239 101 133 227 247 38 115  2.45051
3596 1 220 54 254 117 162 42 61 18 49 182 167 189 79 103 203 27 55 213 237 178 176 213 173 66 218 227 117 133 227 241 39 83  2.59027
3596 1 94 54 250 96 163 126 123 80 41 238 191 173 95 63 207 58 183 213 253 178 144 209 169 66 219 253 33 199 231 231 39 115  2.8691
3597 1 221 116 255 103 162 110 127 184 49 238 183 236 91 119 153 59 55 212 125 238 233 212 189 42 243 235 101 132 227 243 70 113  1.77196
3597 1 220 119 255 102 162 94 127 184 185 238 191 168 95 119 137 51 55 213 253 106 225 197 169 110 243 251 101 148 98 243 7 113  2.12444
3597 1 93 53 255 103 162 110 127 185 49 238 111 172 95 119 139 51 55 213 125 46 241 208 189 78 255 239 101 132 234 242 135 113  2.05573
3597 1 92 148 255 119 178 110 127 186 49 95 111 48 95 119 136 123 55 215 124 170 177 208 185 111 251 239 117 196 226 243 167 115  2.77259
3597 1 220 124 255 118 170 110 127 152 179 254 167 184 95 119 201 59 55 213 125 250 161 69 187 106 251 235 101 132 226 243 7 115  2.46805
3597 1 92 124 251 103 178 110 127 184 49 234 126 232 95 119 137 48 55 221 85 122 161 208 185 110 255 239 37 132 227 243 7 113  2.35651
3597 1 93 124 253 103 162 110 127 152 57 234 63 108 223 119 201 58 55 213 125 106 225 208 185 106 239 239 101 132 234 243 7 113  2.02875
3597 1 85 124 255 100 162 110 127 144 56 234 46 40 95 119 193 59 55 245 125 122 161 209 185 106 251 175 101 132 224 243 7 113  2.47397
3598 1 92 55 250 101 242 42 127 216 32 236 127 237 95 103 203 16 54 221 69 126 144 208 173 72 254 237 37 132 233 243 7 241  2.52261
3598 1 92 51 120 33 50 10 123 24 32 236 63 237 223 7 203 16 54 157 77 126 128 208 169 12 222 205 33 196 104 163 7 113  2.67365
3598 1 92 51 236 101 178 42 95 152 33 236 191 237 223 103 203 18 54 213 109 126 136 208 237 8 254 237 37 148 226 243 6 113  1.97148
3598 1 84 115 251 101 34 10 63 24 40 172 62 236 223 103 193 18 54 85 109 98 192 208 169 72 244 169 37 132 96 179 7 113  2.471
3598 1 93 115 216 37 178 10 127 152 32 236 47 237 223 103 195 18 54 197 108 126 129 208 141 8 236 237 37 132 232 243 3 81  2.06949
3598 1 93 115 249 97 178 14 127 152 43 236 62 236 223 87 203 48 54 221 93 254 193 208 173 72 254 205 37 164 236 179 7 113  2.50715
3598 1 92 243 248 101 186 10 95 153 34 236 175 173 223 103 202 18 55 213 237 126 216 65 173 0 250 229 37 245 224 178 135 113  2.81341
3598 1 76 123 248 103 50 12 91 152 43 236 63 237 255 71 203 18 22 117 253 110 193 64 233 104 238 253 37 176 106 179 7 113  3.31044
3599 1 93 255 253 103 170 90 95 188 35 254 174 236 223 119 203 51 55 212 108 110 233 65 237 40 250 235 101 148 98 243 134 113  2.09964
3599 1 77 255 247 119 162 88 63 180 171 222 46 236 255 247 203 182 55 119 252 78 193 208 175 96 238 255 101 128 226 247 135 113  2.83873
3599 1 77 127 253 103 162 122 127 156 35 254 46 236 91 119 203 58 55 214 236 126 145 80 237 32 110 239 101 180 226 243 198 113  2.56071
3599 1 220 183 252 119 162 26 127 185 49 254 47 189 91 103 138 55 55 214 236 110 248 208 173 47 238 235 101 197 226 247 134 113  2.65569
3599 1 92 255 255 103 178 90 55 188 43 236 46 236 95 119 138 50 55 215 236 98 209 216 173 108 254 231 101 196 226 243 135 113  2.54466
3599 1 93 165 237 69 162 90 111 191 98 247 46 168 91 55 219 58 55 214 253 174 209 208 173 72 111 111 101 132 231 242 198 113  2.89137
3599 1 93 251 244 71 162 26 127 188 43 248 46 236 223 103 203 182 55 215 236 110 213 80 173 96 238 255 101 132 234 247 139 117  2.67728
3599 1 93 255 253 103 162 26 127 191 34 238 46 236 223 103 195 50 55 86 108 110 193 216 237 42 238 239 101 132 234 242 135 121  2.5195
3600 1 221 119 252 38 170 58 30 184 59 254 175 253 79 102 203 27 55 213 236 102 252 65 173 74 250 227 101 183 234 247 143 85  2.26577
3600 1 92 118 252 37 170 59 55 152 42 246 47 173 207 102 203 26 55 85 236 54 132 80 237 0 206 199 101 181 232 247 15 81  2.35388
3600 1 93 54 214 5 162 58 54 152 57 226 47 237 79 98 203 158 55 197 236 54 165 208 141 74 190 231 101 6 234 247 11 21  2.27546
3600 1 92 115 212 37 170 26 62 184 43 238 46 237 207 103 203 146 54 213 236 102 196 80 141 72 254 227 101 183 106 247 11 81  2.79279
3600 1 92 126 222 55 162 58 54 146 187 238 46 237 79 230 195 26 55 119 236 86 164 209 173 106 250 231 101 131 234 247 15 85  2.47694
3600 1 220 118 220 55 162 58 118 152 51 182 39 253 79 103 203 27 55 221 236 54 36 212 141 34 222 231 101 165 234 247 15 81  2.57374
3600 1 124 118 220 37 162 58 86 152 51 238 175 237 75 103 203 26 55 196 236 118 172 208 237 10 250 231 101 181 234 247 14 81  2.33304
3600 1 94 54 252 33 162 58 62 152 43 255 63 237 79 111 203 26 55 213 237 54 148 208 141 64 222 247 101 199 238 247 143 81  2.89137
3515 0 68 183 217 99 178 42 43 153 58 169 43 236 223 103 200 16 55 95 108 56 147 80 137 66 236 132 37 228 232 226 131 49  0
3515 0 77 183 241 67 186 31 63 184 43 249 61 236 223 118 204 180 151 95 124 126 147 80 237 117 174 221 37 244 202 167 131 117  0
3515 0 71 182 213 19 242 43 50 154 58 251 43 252 222 102 204 56 183 95 100 54 183 80 141 114 12 30 53 230 200 195 131 149  0
3515 0 5 183 121 99 242 47 171 217 62 105 127 252 221 103 216 48 55 31 87 188 179 208 109 87 108 143 37 228 237 195 131 241  0
3515 0 69 183 241 67 240 47 99 152 122 233 41 76 215 112 205 48 23 76 68 62 147 240 253 2 44 156 37 100 200 243 195 177  0
3515 0 69 179 249 67 226 40 57 153 42 253 125 252 221 231 204 58 55 95 117 28 147 80 239 64 76 28 53 236 192 194 135 241  0
3515 0 69 162 200 1 242 43 43 152 58 229 43 237 215 98 218 16 55 77 68 60 150 208 205 66 76 12 37 228 236 227 3 209  0
3515 0 69 53 241 67 242 46 47 152 122 232 43 236 220 118 205 54 55 93 116 126 145 208 189 66 44 28 37 228 200 243 131 245  0
3665 1 76 179 209 65 178 10 42 153 59 169 43 236 207 103 200 148 55 93 236 56 147 208 137 70 172 244 37 196 234 130 131 49  2.51022
3665 1 68 183 219 99 242 106 59 153 58 165 111 232 95 231 200 16 55 95 100 56 18 208 169 66 108 165 37 228 224 227 135 177  2.3177
3665 1 84 183 249 99 178 43 63 155 58 173 43 237 223 103 200 16 55 95 77 48 178 80 233 2 236 133 37 244 224 226 135 113  2.16937
3665 1 69 183 209 35 178 14 47 189 58 233 43 236 223 103 200 48 55 95 108 60 147 216 141 70 236 164 37 196 232 130 131 49  2.165
3665 1 69 179 25 33 50 15 43 25 42 105 43 236 223 7 200 16 54 29 76 124 147 16 137 84 236 132 33 228 72 130 3 49  2.49496
3665 1 69 167 153 99 176 46 107 153 58 169 107 236 215 99 200 48 55 79 108 60 147 208 201 66 236 172 37 228 200 226 131 33  2.33047
3665 1 68 187 153 99 178 44 51 152 42 185 43 236 223 247 201 16 55 95 108 82 19 80 137 98 236 133 37 228 232 243 131 49  2.1099
3665 1 68 183 209 35 178 42 34 153 42 185 43 236 215 99 200 18 55 95 108 48 19 80 137 66 172 132 37 116 232 226 131 17  2.25379
3666 1 77 183 121 99 176 13 63 184 42 121 61 236 223 87 200 48 151 95 92 126 211 80 233 117 238 221 37 244 72 131 131 113  2.09761
3666 1 77 183 225 67 184 27 71 152 43 253 45 236 203 102 200 180 23 94 236 126 147 80 237 51 174 221 37 244 194 231 134 117  2.74497
3666 1 77 179 113 67 178 31 59 152 43 249 47 236 223 87 204 180 55 93 252 126 147 80 173 84 174 221 37 230 202 135 131 117  2.35916
3666 1 77 181 249 71 186 95 63 185 58 248 45 236 255 119 200 54 23 87 124 110 243 64 255 127 110 255 37 252 74 243 131 113  2.96133
3666 1 79 179 241 3 186 63 30 152 43 249 61 237 223 126 207 182 151 95 253 118 151 80 237 112 174 93 37 246 202 247 139 85  2.31264
3666 1 71 179 181 67 186 29 31 184 43 249 57 236 222 118 204 54 151 87 124 126 211 64 239 117 172 28 37 254 200 167 131 117  2.40517
3666 1 79 179 161 1 184 31 43 185 42 249 58 236 223 102 218 180 23 69 124 125 151 88 237 84 172 92 45 244 202 166 131 117  2.84301
3666 1 77 183 245 67 178 62 63 189 123 249 111 252 223 118 204 180 55 95 252 62 179 216 253 103 46 255 37 198 202 230 131 117  2.7068
3667 1 71 182 209 2 234 41 54 152 59 251 41 236 206 230 205 58 183 95 108 114 151 66 207 114 28 22 101 254 200 243 131 21  2.91415
3667 1 69 182 213 83 226 59 54 154 123 187 43 120 222 246 205 190 183 95 100 18 179 116 171 98 12 158 117 102 200 243 131 181  2.71055
3667 1 71 182 213 19 178 174 42 154 58 123 107 252 222 118 140 56 183 95 124 20 183 216 173 119 12 62 53 198 200 195 131 21  2.68825
3667 1 71 182 225 3 242 47 184 154 59 251 59 253 220 110 220 58 183 95 117 21 151 80 141 82 12 30 61 230 204 199 131 213  2.85597
3667 1 5 182 145 19 242 47 34 154 58 251 43 252 222 118 200 56 183 95 68 28 179 208 137 114 12 158 53 228 200 193 131 177  2.84301
3667 1 71 166 196 19 242 59 46 159 58 243 43 253 207 98 204 154 55 79 100 54 183 80 205 114 44 30 53 228 200 247 139 149  3.03655
3667 1 7 182 253 19 250 43 182 184 122 251 57 253 214 108 204 57 151 95 68 55 183 112 205 118 44 30 101 246 200 243 131 213  3.00578
3667 1 71 182 208 1 178 58 50 154 123 251 43 252 206 38 206 190 183 79 236 20 151 80 173 66 14 30 53 230 202 199 139 85  2.90498
3668 1 37 183 105 99 240 47 107 216 50 105 125 220 83 103 216 48 55 222 85 190 179 208 253 55 111 143 37 228 233 195 194 241  2.84301
3668 1 13 183 121 99 242 175 123 185 62 105 127 252 223 87 136 48 55 31 84 60 179 144 109 95 236 141 33 196 232 130 131 241  2.26096
3668 1 133 183 125 67 242 75 191 253 126 121 63 252 221 124 220 49 55 31 86 60 243 248 45 87 108 15 37 228 205 194 131 241  2.96617
3668 1 5 151 89 107 178 175 43 185 62 105 123 244 213 103 136 112 55 27 22 188 179 152 77 127 236 174 43 196 188 194 161 177  2.69934
3668 1 7 182 121 67 242 175 187 218 62 121 127 244 221 127 156 56 55 27 87 189 179 144 61 119 108 31 47 196 205 195 131 241  2.67003
3668 1 5 183 249 65 242 43 171 91 126 233 127 244 209 101 156 48 63 30 86 188 177 240 109 78 108 14 37 196 237 227 195 241  2.73337
3668 1 5 183 249 97 242 47 187 219 58 233 125 252 221 119 200 48 55 95 87 60 147 240 237 82 108 141 37 228 237 195 131 241  2.59027
3668 1 5 183 105 35 242 15 171 185 58 105 127 236 221 103 218 48 55 31 85 189 147 208 237 87 108 13 45 228 237 130 131 241  2.66643
3669 1 101 181 241 67 240 47 99 152 122 233 45 108 215 117 205 52 23 92 68 62 147 112 249 2 109 156 37 100 200 243 195 241  2.06554
3669 1 69 182 145 67 176 46 107 152 122 233 107 76 215 98 217 48 23 76 116 60 147 208 253 2 140 188 37 100 200 227 67 177  2.5164
3669 1 5 183 113 67 240 47 99 153 122 233 107 92 215 112 204 48 55 14 68 60 179 240 253 86 44 156 37 68 200 194 195 177  2.63806
3669 1 101 55 249 67 240 47 103 152 122 232 57 236 211 100 205 48 23 76 68 126 145 240 237 10 108 140 37 244 200 243 194 241  2.18703
3669 1 5 33 249 67 240 47 235 152 106 241 41 72 211 96 221 58 55 76 64 126 147 112 237 64 12 12 37 100 201 243 67 160  2.61388
3669 1 69 167 208 67 240 63 102 153 123 185 43 108 215 96 205 190 23 78 68 62 147 240 205 2 46 156 37 100 202 243 203 133  2.43042
3669 1 5 52 177 67 240 47 231 152 122 235 57 92 214 112 221 56 151 78 68 62 179 240 249 98 44 158 37 100 200 243 195 177  2.54785
3669 1 37 243 217 67 232 45 231 216 122 184 57 108 215 209 201 56 23 88 70 122 131 114 234 48 108 140 37 172 200 243 67 161  3.25062
3670 1 71 179 233 83 234 104 191 153 58 255 61 253 220 238 223 58 55 95 117 159 147 80 175 96 76 30 125 236 197 243 135 241  2.65926
3670 1 68 50 249 67 98 73 57 216 42 253 113 232 157 199 205 58 54 93 117 90 131 80 174 64 76 8 33 236 192 131 7 241  2.86033
3670 1 69 179 249 67 234 8 41 153 42 253 45 236 212 102 206 50 23 87 108 28 147 64 239 65 76 60 37 252 192 130 135 241  2.83022
3670 1 71 162 213 67 234 40 232 25 42 49 121 248 221 99 220 58 55 31 119 184 147 112 207 64 12 152 123 236 196 194 131 161  3.15239
3670 1 65 179 241 67 226 168 41 157 42 89 111 236 157 231 204 62 55 31 124 156 147 216 175 65 12 60 52 196 200 194 131 241  2.90498
3670 1 68 179 249 71 242 104 59 153 43 237 111 168 223 247 206 50 55 95 117 24 146 80 235 64 79 189 37 236 192 227 135 241  2.80511
3670 1 71 178 249 67 232 45 57 153 43 121 61 252 220 215 204 56 151 29 117 28 147 80 235 80 78 28 33 236 200 195 131 241  2.85163
3670 1 68 178 249 65 242 104 57 155 58 253 61 252 157 55 200 58 55 95 117 28 147 80 237 66 76 13 53 228 192 192 135 241  2.75672
3671 1 69 167 232 1 242 42 107 152 50 229 47 237 83 102 218 16 55 204 100 188 146 82 237 66 124 44 37 228 233 227 130 208  2.97104
3671 1 69 167 200 1 242 43 42 155 58 229 43 237 199 98 202 16 55 79 68 52 151 208 205 66 172 4 37 228 232 230 139 209  2.63109
3671 1 5 166 232 35 242 43 187 152 58 229 57 237 215 108 219 16 55 77 69 55 150 112 205 18 76 5 37 244 237 227 3 209  2.65569
3671 1 71 163 200 33 242 10 42 152 42 225 59 237 221 110 218 16 55 77 85 189 151 208 205 66 108 12 45 228 204 166 131 209  2.90042
3671 1 5 34 218 1 114 43 43 88 58 229 107 237 159 135 194 16 55 13 68 28 147 208 141 66 76 140 33 228 232 131 3 209  2.80099
3671 1 68 34 192 3 210 43 42 136 42 177 43 201 199 98 201 26 55 205 96 190 16 80 205 64 12 4 5 100 225 227 3 128  3.1881
3671 1 7 162 196 1 146 11 170 136 126 241 3 221 213 106 222 40 55 77 122 189 151 208 205 80 12 14 15 100 237 167 11 132  3.63061
3671 1 69 162 200 33 176 47 107 152 58 165 43 221 215 66 218 16 23 77 108 60 146 208 205 82 204 156 37 244 200 131 3 65  2.94219
3672 1 69 121 241 67 226 111 47 152 42 248 41 236 222 118 205 58 55 93 116 126 129 80 189 96 45 28 37 164 200 243 3 241  1.96077
3672 1 69 53 209 65 242 46 43 152 123 232 107 236 220 118 205 180 55 93 84 126 145 208 189 74 44 156 37 228 202 243 3 181  2.02685
3672 1 69 53 241 69 242 46 47 25 104 232 43 236 223 54 204 54 54 93 124 60 145 208 189 72 44 60 37 132 200 226 131 117  2.14772
3672 1 71 253 241 71 250 15 175 252 122 250 56 236 212 244 221 50 55 95 116 127 241 114 237 122 60 30 37 188 205 243 131 245  2.88688
3672 1 69 49 211 67 242 44 43 144 122 193 107 68 220 246 205 190 55 95 112 218 147 208 189 98 13 60 7 64 200 243 163 181  2.63457
3672 1 71 53 241 71 226 62 47 153 123 235 43 236 220 246 205 190 55 95 124 62 145 80 189 66 60 30 37 166 202 243 131 245  2.3279
3672 1 71 55 225 3 242 62 175 152 122 232 59 236 217 100 221 54 55 77 116 255 145 208 189 66 44 12 37 228 205 247 131 245  2.34081
3672 1 69 241 17 65 242 14 47 184 40 232 43 108 220 87 200 52 54 93 84 126 209 208 185 76 45 156 37 228 72 163 131 177  2.59361
3516 0 199 54 229 85 168 62 108 152 123 250 183 252 202 108 223 191 151 69 252 62 181 68 239 66 14 122 101 182 206 245 75 85  0
3516 0 237 118 237 71 168 63 79 152 115 250 183 220 211 100 223 63 23 196 124 126 173 116 253 10 110 219 101 180 202 247 66 117  0
3516 0 165 38 237 85 228 63 237 155 122 243 119 220 211 104 223 59 31 78 114 63 181 244 237 66 12 14 117 132 205 241 210 244  0
3516 0 109 54 244 85 160 63 116 154 123 251 39 252 203 32 207 191 23 70 236 60 181 244 237 2 14 223 117 52 202 245 202 85  0
3516 0 239 54 237 85 226 126 125 152 121 254 55 188 91 125 223 63 55 212 245 62 177 244 253 66 79 91 101 164 231 245 70 241  0
3516 0 111 50 236 1 232 63 249 152 123 255 53 253 219 108 223 58 151 77 245 63 181 116 237 66 78 95 117 244 207 245 75 213  0
3516 0 237 52 253 87 232 126 117 154 123 251 39 124 218 116 207 63 23 86 124 62 177 116 255 98 79 123 117 180 202 245 194 117  0
3516 0 109 48 229 69 224 62 109 152 123 250 39 220 219 36 221 191 23 68 116 62 129 244 253 64 14 58 101 164 203 245 66 245  0
3737 1 199 54 229 85 169 62 108 154 251 250 166 220 202 108 215 191 135 69 252 46 165 69 255 64 14 122 85 182 202 245 75 85  2.11818
3737 1 207 118 229 21 234 58 60 152 59 250 55 253 204 102 223 191 55 69 252 62 165 84 175 66 14 122 101 166 206 245 11 85  2.3618
3737 1 207 118 229 93 169 54 140 154 59 250 208 244 200 126 221 175 223 85 253 175 229 71 255 210 6 122 223 190 143 245 51 245  3.22515
3737 1 207 54 244 87 168 62 124 152 123 250 55 252 223 124 223 191 151 69 252 46 181 68 239 66 142 123 117 150 206 245 11 85  2.57374
3737 1 255 54 228 5 171 58 94 152 59 254 183 253 75 110 223 191 151 197 253 182 189 71 239 66 154 123 101 183 239 247 74 85  2.57046
3737 1 199 114 229 21 168 63 172 152 123 250 51 252 206 104 223 191 151 69 124 127 165 100 239 64 12 26 101 182 204 245 75 85  2.36979
3737 1 207 34 229 23 169 62 108 152 251 250 167 220 202 102 223 191 149 68 236 62 181 69 255 66 14 122 69 182 202 247 74 84  2.53515
3737 1 199 183 229 87 168 62 238 185 123 250 191 252 202 108 223 191 151 71 124 62 181 224 237 74 46 126 101 150 206 247 203 117  2.47397
3738 1 229 118 237 71 232 63 199 152 115 250 181 92 211 108 223 63 29 204 116 126 173 118 253 10 14 26 101 180 201 243 66 245  2.22101
3738 1 237 247 253 71 168 31 79 184 123 250 53 252 219 117 223 63 23 68 124 126 241 116 253 58 110 219 101 180 202 247 194 113  2.16718
3738 1 237 102 236 7 168 62 79 152 115 254 167 221 211 100 223 59 23 196 108 126 173 84 237 10 110 127 101 180 234 247 74 85  2.19149
3738 1 237 114 237 69 168 63 79 152 99 250 183 236 219 101 223 63 23 196 124 126 173 116 253 8 206 219 101 180 202 247 66 117  2.13707
3738 1 237 118 237 103 172 63 207 184 82 250 151 222 211 108 223 43 93 196 125 111 237 116 253 170 238 219 229 180 239 255 82 113  2.90042
3738 1 205 124 237 85 168 62 79 186 115 250 166 92 211 100 211 63 21 198 124 46 237 212 253 42 239 251 101 148 202 245 194 117  2.7219
3738 1 229 54 237 69 160 62 111 152 113 250 183 252 211 100 223 63 55 196 124 62 169 244 237 10 110 11 101 148 239 243 66 117  2.71432
3738 1 237 116 237 103 224 63 111 152 114 250 55 220 211 101 219 59 23 76 116 126 169 244 253 42 110 207 101 180 235 243 66 241  2.62762
3739 1 167 110 237 87 232 41 173 218 122 242 112 220 208 236 221 59 31 78 114 31 161 116 239 98 12 26 117 164 197 241 67 245  2.94219
3739 1 135 36 229 87 196 58 236 139 126 243 115 214 193 104 221 175 121 78 114 191 181 244 237 194 12 46 215 132 239 245 218 164  3.19418
3739 1 229 38 236 85 236 62 237 159 122 243 35 92 211 104 223 59 25 70 120 61 181 244 255 2 12 62 117 4 201 240 210 228  2.60032
3739 1 165 52 237 81 228 47 237 154 122 250 49 92 210 124 221 59 157 76 86 63 177 244 253 74 13 30 117 164 205 241 82 245  2.91415
3739 1 165 38 236 21 228 43 237 154 122 246 118 221 211 40 223 27 27 76 102 63 164 244 237 2 76 10 117 180 205 249 82 192  2.80511
3739 1 165 148 237 87 236 63 239 191 86 243 119 214 209 108 159 43 93 70 114 191 177 244 125 46 110 15 245 132 205 249 208 244  2.90042
3739 1 5 36 237 81 224 62 233 27 122 243 119 212 209 108 222 59 55 78 112 188 181 244 253 66 78 47 117 196 205 225 195 244  2.70306
3739 1 229 38 237 85 224 63 239 187 114 250 63 220 211 96 221 63 63 206 100 62 177 244 237 74 46 14 117 164 237 241 194 229  2.80925
3740 1 237 182 236 85 160 58 85 191 115 255 39 253 203 36 222 191 23 70 236 60 189 244 237 2 78 251 117 213 234 244 202 85  2.58694
3740 1 77 38 228 21 161 62 108 159 123 243 47 220 203 32 223 191 55 70 236 60 181 208 253 66 14 127 85 4 234 244 202 84  2.56395
3740 1 237 182 212 19 168 59 38 154 123 251 39 252 202 96 207 191 23 70 236 62 181 116 237 34 46 94 117 118 202 245 202 85  2.65569
3740 1 109 54 244 5 160 63 86 154 123 234 46 236 203 32 199 190 23 68 236 62 149 240 237 10 14 223 101 180 202 247 74 85  2.54785
3740 1 109 54 252 85 168 59 116 26 123 254 38 253 203 32 199 27 7 68 236 60 164 116 229 0 78 219 117 53 234 245 74 85  2.71432
3740 1 205 42 244 81 160 59 96 146 123 191 38 248 139 32 215 191 39 78 236 28 180 252 237 34 14 219 117 229 194 245 203 69  3.34529
3740 1 109 38 220 85 224 63 100 154 123 187 39 124 219 97 207 191 23 78 100 62 181 244 237 2 78 223 117 36 202 241 74 133  2.62073
3740 1 237 54 212 81 233 63 116 155 123 251 39 124 202 48 207 191 151 70 236 60 181 116 249 2 14 219 117 118 202 245 202 21  2.55105
3741 1 255 54 237 87 235 126 95 152 121 254 183 189 91 125 223 63 55 213 253 62 189 229 253 74 95 123 101 151 231 245 70 119  2.54785
3741 1 207 54 237 85 226 58 253 24 57 254 119 253 89 111 223 63 55 213 245 174 160 212 237 66 70 123 117 132 231 245 71 241  2.61047
3741 1 239 180 229 87 224 126 111 185 113 246 119 156 89 109 157 63 63 214 117 174 177 212 253 110 111 123 213 196 231 245 198 240  2.82178
3741 1 239 116 237 69 226 126 125 152 121 254 55 188 91 61 223 63 55 212 245 110 225 116 253 64 71 123 101 164 239 245 70 245  2.31011
3741 1 236 38 236 85 226 122 125 155 115 255 55 185 91 45 223 59 55 214 245 62 176 244 237 2 79 75 117 165 231 245 198 241  2.44761
3741 1 237 52 253 65 224 126 121 26 123 254 55 188 91 61 223 59 55 220 117 60 177 244 253 66 79 219 117 164 231 225 70 241  2.52261
3741 1 172 50 237 87 106 123 185 216 114 254 117 189 83 93 223 59 31 92 247 126 161 246 239 16 70 11 97 164 231 243 70 241  3.27017
3741 1 143 60 253 83 226 127 255 144 121 250 119 252 217 125 215 63 55 125 245 62 177 244 189 106 79 91 101 132 239 245 71 245  2.77259
3742 1 79 50 236 17 224 62 248 27 123 251 55 253 217 44 222 58 183 77 253 157 181 212 237 66 78 127 125 196 207 229 203 213  2.81341
3742 1 111 182 236 1 232 63 249 152 123 255 53 253 219 108 223 58 151 76 245 61 183 116 253 82 78 95 117 244 207 245 202 213  2.50409
3742 1 111 114 233 65 232 63 249 152 123 254 53 237 219 108 223 58 151 93 245 31 133 116 239 64 78 95 117 180 207 245 71 245  2.54466
3742 1 47 50 236 33 168 63 154 152 107 255 181 253 219 108 223 59 159 69 253 55 149 96 239 16 78 91 101 244 205 231 75 213  2.80925
3742 1 207 50 236 19 226 59 184 152 59 254 55 253 205 108 223 59 55 77 245 55 181 212 173 66 78 91 109 228 239 247 11 213  2.97593
3742 1 205 114 232 33 224 63 250 152 123 250 55 253 223 12 223 58 151 77 117 63 165 116 237 66 78 91 101 180 204 247 75 213  2.80511
3742 1 119 54 232 33 234 59 216 216 51 255 181 189 75 44 223 26 63 205 245 183 188 118 237 2 94 79 117 245 237 229 78 211  3.23145
3742 1 111 182 236 51 232 59 223 154 59 255 61 189 203 108 223 27 159 71 245 55 182 116 239 34 110 95 117 245 205 245 207 213  3.01085
3743 1 229 52 245 87 232 127 229 154 123 251 55 124 218 116 205 63 151 86 124 62 177 116 251 98 15 26 117 182 202 241 195 245  2.33304
3743 1 237 116 253 85 232 126 117 159 122 250 38 124 210 53 207 59 23 84 116 46 225 116 255 2 79 59 117 180 202 240 198 241  2.76462
3743 1 205 52 229 87 233 126 101 154 123 243 39 28 218 116 223 191 21 70 120 62 181 84 255 98 79 123 85 4 202 245 194 116  2.49799
3743 1 205 52 255 86 234 124 53 152 251 250 39 60 90 246 207 63 39 84 252 46 165 71 191 98 95 59 117 190 202 245 71 117  3.0523
3743 1 205 126 253 87 232 124 125 146 251 250 54 124 250 247 199 191 135 118 252 94 161 116 251 98 79 123 117 162 202 245 67 253  3.15825
3743 1 237 60 253 85 232 127 117 154 123 250 38 124 218 117 197 63 7 86 124 58 177 244 251 42 79 219 117 52 202 241 66 113  2.98578
3743 1 109 180 253 87 232 126 127 191 123 251 63 124 218 125 222 63 151 86 124 62 177 96 251 98 111 127 117 244 202 247 194 117  2.63109
3743 1 239 180 245 87 249 126 119 190 123 123 47 252 218 119 142 191 23 86 252 62 179 212 255 119 111 127 117 214 202 245 206 117  3.02619
3744 1 229 112 245 69 224 63 229 152 123 250 34 92 210 48 221 191 23 76 116 126 161 244 253 64 12 26 101 52 203 241 66 181  2.60032
3744 1 101 50 193 81 224 62 109 152 59 250 37 220 90 230 205 191 23 76 100 62 161 86 254 66 14 26 101 172 202 245 66 245  3.21888
3744 1 111 48 229 69 232 126 109 152 107 242 46 204 219 36 213 190 23 196 124 126 129 80 253 64 14 58 69 164 203 247 66 116  2.51022
3744 1 101 48 229 69 96 62 233 24 121 250 119 124 218 52 221 191 23 76 116 46 129 244 253 64 6 58 97 132 203 243 66 245  2.84731
3744 1 77 54 229 69 224 62 239 152 123 234 63 204 219 36 221 190 55 76 116 62 129 240 253 74 14 30 101 164 207 247 67 245  2.55105
3744 1 205 48 229 69 32 62 105 24 121 250 39 220 219 38 215 191 55 68 124 46 161 212 245 72 6 123 97 132 202 245 66 117  2.7068
3744 1 205 32 229 81 193 62 109 152 123 243 103 92 219 100 221 191 53 76 112 62 177 212 253 64 15 58 85 68 203 229 194 244  2.95651
3744 1 101 34 229 65 224 62 105 24 123 251 55 92 211 32 221 63 21 68 100 60 145 244 237 64 14 26 117 228 203 225 66 165  3.21888
3517 0 197 62 156 55 168 46 37 154 186 187 162 252 215 99 201 27 7 71 108 30 49 68 203 34 204 163 117 20 200 241 131 17  0
3517 0 213 54 140 55 168 46 28 154 58 251 131 253 215 102 75 27 151 71 109 55 189 69 203 2 200 227 125 180 200 113 139 81  0
3517 0 68 182 157 55 170 42 7 191 186 187 171 252 215 103 200 91 23 87 108 50 49 65 203 34 236 166 117 212 136 241 131 49  0
3517 0 197 182 141 53 168 46 40 155 62 251 131 245 213 98 200 91 151 71 124 60 177 212 203 66 140 178 127 212 136 224 131 17  0
3517 0 199 54 157 55 170 44 61 152 186 251 163 253 222 246 201 27 135 87 125 23 177 69 219 98 140 50 125 190 200 113 131 81  0
3517 0 199 174 134 55 168 46 44 158 190 211 3 213 221 226 217 219 167 71 124 159 181 197 159 98 140 50 127 132 136 245 171 21  0
3517 0 197 52 157 55 168 46 109 154 186 251 131 92 215 119 73 123 133 71 124 62 177 69 251 34 205 171 127 20 136 241 131 113  0
3517 0 212 54 159 183 170 106 61 154 190 191 131 245 221 231 73 91 167 87 125 146 48 197 139 98 205 163 127 196 128 241 167 115  0
3809 1 197 62 157 53 168 46 37 154 58 187 34 124 215 51 193 27 7 87 108 26 49 84 203 34 204 163 117 52 200 241 131 49  1.9805
3809 1 197 106 156 21 170 40 36 138 186 178 162 252 215 226 193 27 39 71 104 22 33 69 207 96 140 162 117 52 200 113 3 1  2.50104
3809 1 197 54 149 55 168 46 36 154 186 187 163 220 215 99 201 27 7 71 108 30 49 68 203 34 140 178 117 20 200 241 131 17  2.13707
3809 1 197 38 156 55 168 42 101 154 50 179 163 220 215 99 201 91 7 70 108 30 56 212 203 34 204 163 117 20 168 241 131 0  2.205
3809 1 196 54 156 55 168 46 53 154 186 191 39 253 215 99 203 27 7 71 108 30 48 68 203 34 204 163 117 52 200 241 131 17  2.30259
3809 1 197 126 156 53 168 46 68 154 186 186 162 124 215 35 193 27 135 69 108 14 161 69 203 32 196 179 117 20 200 241 11 17  2.48591
3809 1 205 254 156 55 168 44 61 190 186 190 38 253 255 99 195 27 135 71 108 14 224 76 203 35 236 243 117 144 200 241 139 25  2.81759
3809 1 69 58 157 55 168 46 39 146 170 187 170 204 215 227 193 26 7 103 108 94 17 193 203 32 204 166 101 20 136 243 3 17  2.60707
3810 1 213 54 140 53 168 46 28 154 186 250 131 253 215 102 203 27 135 69 125 39 173 69 203 10 200 227 125 148 200 241 11 81  2.10373
3810 1 85 50 140 38 168 44 26 152 170 250 139 237 215 230 75 90 151 69 108 55 141 65 203 0 216 231 111 188 136 115 11 81  2.57374
3810 1 220 54 140 55 168 42 89 152 50 191 131 253 215 103 75 27 151 197 109 55 56 68 203 2 200 231 125 180 160 241 7 83  2.63109
3810 1 197 54 156 51 168 46 20 154 58 251 163 253 215 102 75 27 151 71 108 54 181 68 219 2 204 131 117 244 200 113 139 81  2.42475
3810 1 223 54 172 55 170 62 28 191 186 255 135 253 223 110 203 27 135 71 253 39 188 69 207 2 202 227 125 149 168 245 139 83  2.50409
3810 1 213 166 140 55 138 42 12 171 50 243 139 221 199 98 75 91 183 199 108 183 61 69 223 34 184 227 127 212 168 113 139 16  2.80099
3810 1 213 182 140 179 170 47 158 152 58 251 145 253 215 108 91 11 151 69 125 55 183 69 207 50 200 195 111 244 204 115 139 81  3.09004
3810 1 71 183 140 55 168 46 30 190 58 251 139 221 223 102 91 27 151 71 125 55 189 65 219 42 232 247 109 180 200 119 139 81  2.91877
3811 1 68 183 157 55 168 42 38 191 186 187 171 252 215 99 200 90 151 87 108 18 49 65 203 98 172 182 119 212 136 243 131 33  2.38325
3811 1 84 182 157 55 170 42 23 191 58 187 171 253 215 103 201 27 55 87 108 50 49 65 203 34 236 167 117 212 168 241 131 17  2.50104
3811 1 84 182 157 55 168 46 71 191 178 187 171 124 215 99 200 91 23 86 108 42 57 65 203 34 232 166 117 84 168 241 131 49  2.44761
3811 1 196 182 157 119 170 106 23 191 186 191 175 184 215 103 200 27 23 87 108 34 48 69 235 34 236 163 117 212 192 241 135 113  2.76066
3811 1 196 182 149 51 170 42 53 191 186 187 35 253 222 103 200 27 151 87 108 50 51 68 203 115 236 178 117 246 200 241 131 49  3.07369
3811 1 84 182 157 55 170 40 57 155 170 255 139 253 215 231 200 90 39 87 108 28 19 73 171 1 200 167 117 212 168 224 135 113  3.3668
3811 1 68 151 29 191 184 46 15 191 190 59 139 244 215 103 136 83 23 87 108 46 113 192 75 63 236 167 127 212 152 243 129 49  3.34529
3811 1 84 54 149 39 170 42 7 152 50 187 139 252 215 103 201 90 23 215 108 50 57 65 203 34 152 166 101 148 168 243 131 49  2.6173
3812 1 197 38 133 165 168 46 104 26 58 179 131 213 215 35 201 91 23 69 124 188 185 212 201 2 140 162 127 212 136 225 3 16  2.47992
3812 1 197 178 156 177 160 46 40 27 62 59 67 245 213 99 200 90 183 15 125 156 179 212 203 66 204 182 123 196 136 192 131 17  2.67728
3812 1 71 182 141 21 168 46 40 155 186 251 131 253 212 38 200 91 135 71 124 29 181 77 207 64 140 50 127 212 136 224 131 85  2.3969
3812 1 197 182 21 177 40 14 40 25 62 123 131 244 215 66 136 91 151 5 124 60 179 196 219 85 140 178 123 212 136 128 131 49  2.87351
3812 1 197 182 157 53 168 46 45 187 58 251 3 244 213 98 200 123 151 71 124 60 177 212 219 66 140 178 127 212 136 224 131 49  2.25857
3812 1 197 182 140 51 184 42 40 187 62 123 67 245 213 98 138 91 23 71 108 28 183 220 207 23 204 163 127 196 136 192 139 17  2.92341
3812 1 69 166 133 55 168 46 108 191 126 251 139 84 215 98 216 251 151 71 124 28 183 200 207 99 140 190 127 212 136 224 131 1  2.91415
3812 1 199 134 141 181 172 46 237 155 62 251 211 213 213 106 216 75 223 71 127 189 185 212 207 66 204 58 255 212 140 224 145 17  3.14656
3813 1 199 182 189 51 168 44 61 153 186 251 51 253 222 119 200 27 135 87 125 23 179 68 219 98 204 146 125 252 200 241 131 113  2.33821
3813 1 199 114 29 58 42 141 59 152 186 90 129 253 252 214 201 27 135 85 125 71 163 69 202 115 196 50 107 190 72 49 3 81  3.04703
3813 1 199 54 173 23 170 44 189 154 186 251 147 253 220 254 223 59 135 87 125 23 181 69 239 98 140 50 127 190 140 117 131 85  2.28033
3813 1 199 122 157 55 170 44 61 146 186 218 34 252 252 246 193 59 135 119 125 7 161 69 155 96 132 178 127 154 200 113 3 57  2.6173
3813 1 199 114 149 54 170 44 62 152 170 250 163 253 222 246 203 27 167 69 124 119 165 69 155 96 156 50 109 190 200 119 3 85  2.32024
3813 1 199 190 149 23 170 44 62 158 187 251 43 253 206 102 205 155 135 71 108 23 183 68 219 98 172 22 93 246 200 117 139 21  2.81759
3813 1 197 60 157 54 168 44 55 154 186 250 35 125 222 247 73 27 135 119 125 22 161 69 155 98 205 178 125 190 200 113 3 83  2.67003
3813 1 199 54 149 23 170 108 53 159 186 251 163 252 222 246 205 63 135 87 108 18 177 69 251 98 140 50 117 182 200 113 131 117  2.63457
3814 1 197 126 151 23 168 60 44 150 190 218 2 212 253 226 193 255 167 103 124 30 165 197 159 98 140 50 127 128 136 245 11 29  2.67003
3814 1 199 110 135 22 168 36 44 142 186 218 130 213 244 226 193 91 167 103 120 135 165 69 143 98 140 34 127 136 136 113 35 25  3.19418
3814 1 199 174 132 23 136 42 46 174 190 243 131 213 197 98 217 219 55 71 104 191 181 69 207 98 172 38 223 212 136 117 139 4  2.90498
3814 1 71 34 134 23 170 42 168 8 174 147 131 213 205 226 217 223 39 69 104 159 149 69 143 64 140 50 91 132 140 229 43 4  3.14656
3814 1 199 182 134 23 170 54 188 158 187 219 147 245 204 238 223 239 167 71 253 151 181 69 159 226 140 122 95 134 140 117 171 21  3.01593
3814 1 71 188 135 53 136 46 44 158 186 243 130 213 221 102 89 251 167 71 121 157 181 197 159 96 140 50 223 132 136 117 163 84  2.88688
3814 1 197 174 142 55 168 46 44 159 190 219 67 213 221 226 218 91 167 71 126 159 183 220 159 99 204 59 127 196 136 241 171 17  2.63109
3814 1 215 62 134 55 170 42 44 146 190 251 130 245 205 226 193 219 167 103 108 151 181 197 143 96 136 226 127 128 136 245 43 21  2.97593
3815 1 197 124 141 183 168 46 79 152 178 250 131 84 215 119 89 123 149 69 125 255 169 69 219 42 205 171 239 148 136 243 3 113  2.35125
3815 1 69 60 157 55 168 44 45 154 186 251 139 92 214 246 73 123 133 71 120 30 177 69 251 98 205 190 127 20 136 113 131 112  2.29016
3815 1 197 20 173 247 172 102 237 186 222 251 151 82 213 127 89 107 213 87 123 191 177 197 251 42 205 171 255 148 140 121 145 112  3.17009
3815 1 197 52 189 119 168 46 77 158 186 251 135 92 215 119 201 123 133 70 124 30 185 68 251 34 205 251 117 148 136 241 131 113  2.09354
3815 1 213 52 157 53 168 110 5 154 186 250 131 92 215 119 73 123 133 85 124 58 57 69 251 2 201 162 117 20 136 113 3 49  2.14772
3815 1 197 52 157 53 168 46 109 187 186 250 131 92 215 115 73 123 133 71 124 46 177 69 251 2 205 171 127 20 136 241 131 48  2.06357
3815 1 197 180 189 119 168 110 61 191 190 251 135 84 221 119 72 123 135 87 125 62 179 69 251 99 205 187 127 212 136 241 131 113  2.45632
3815 1 197 180 157 59 168 44 41 152 190 83 131 84 215 119 73 123 167 71 120 30 51 68 219 115 205 171 123 68 136 81 3 48  3.25062
3816 1 220 62 159 55 170 106 61 154 186 191 135 185 223 231 73 91 167 87 237 18 48 197 139 98 200 227 127 149 160 241 135 115  2.5672
3816 1 212 148 159 247 170 102 61 154 190 147 131 80 221 247 73 107 167 87 125 146 49 197 155 98 201 163 127 196 128 113 165 51  2.47992
3816 1 212 50 159 183 162 42 57 16 190 155 3 245 221 231 73 91 167 117 109 146 48 213 139 64 220 162 123 132 136 113 35 17  2.63109
3816 1 212 38 159 183 170 106 61 154 178 183 131 177 215 103 73 91 55 215 109 176 56 197 203 66 217 167 127 212 160 241 167 115  2.64156
3816 1 196 190 157 55 170 40 63 154 186 159 11 245 253 231 73 91 183 87 109 146 50 69 139 99 204 167 127 204 128 241 167 115  2.84301
3816 1 212 80 159 247 170 110 61 152 188 250 131 245 221 119 73 91 39 85 125 162 33 197 155 96 193 163 127 132 160 241 37 115  3.01085
3816 1 78 190 189 179 170 238 61 159 190 255 135 245 221 231 72 91 167 87 125 21 179 77 187 112 205 183 127 212 136 240 135 113  2.8647
3816 1 198 62 191 179 170 106 61 146 190 255 18 245 221 231 195 91 167 119 253 151 176 205 139 98 204 179 127 199 132 241 135 115  2.75672
3518 0 76 48 157 97 162 110 97 24 58 187 35 120 223 51 201 58 55 92 108 24 17 212 137 0 205 231 113 68 224 225 3 33  0
3518 0 77 48 181 101 160 126 113 19 107 251 47 92 222 55 192 190 135 85 124 24 145 208 241 64 207 255 117 68 202 224 131 113  0
3518 0 77 48 189 97 40 15 121 24 43 248 39 108 223 23 201 58 150 85 124 126 129 80 249 0 207 217 97 244 202 163 3 113  0
3518 0 205 48 189 101 160 110 113 24 56 250 39 92 215 55 73 59 151 84 124 58 177 212 249 0 205 251 101 20 200 241 3 113  0
3518 0 69 48 189 99 168 111 103 152 106 250 35 92 214 117 73 59 149 84 124 122 177 112 249 0 205 154 101 116 200 115 67 49  0
3518 0 69 48 185 101 160 110 99 24 122 234 47 76 215 55 201 58 151 92 124 58 145 208 249 2 205 191 37 4 200 227 67 49  0
3518 0 68 49 189 101 168 110 19 152 42 249 175 104 215 119 201 58 23 85 125 58 145 64 251 0 205 175 101 244 192 243 7 113  0
3518 0 77 180 189 115 160 110 115 152 59 251 47 124 223 119 200 58 151 87 124 58 179 84 249 2 207 255 117 116 202 227 135 115  0
3881 1 92 50 221 97 162 106 49 24 58 187 39 248 223 23 200 58 55 29 236 16 19 212 169 0 205 227 113 68 224 129 7 49  2.28033
3881 1 76 32 253 113 160 106 97 24 114 183 103 24 211 39 201 58 51 92 100 24 16 244 233 0 79 239 113 68 224 225 70 224  2.7068
3881 1 68 32 159 101 162 110 97 24 58 179 35 88 223 51 72 58 51 85 108 56 17 208 153 64 205 175 117 68 224 227 3 33  2.40517
3881 1 92 52 159 99 162 110 115 24 50 187 43 120 223 115 73 58 55 85 108 58 17 209 153 2 217 231 101 68 224 227 131 35  2.71055
3881 1 204 52 221 113 162 106 97 26 50 187 39 120 215 55 201 59 55 92 108 56 49 212 233 2 205 143 117 100 224 225 7 33  2.29263
3881 1 76 50 157 97 160 46 97 24 58 187 35 120 215 51 201 26 23 84 108 24 17 212 201 0 204 231 117 116 232 225 3 33  2.0383
3881 1 77 48 157 113 32 46 105 24 62 187 99 80 223 19 201 122 183 29 108 24 19 212 153 64 205 251 115 68 200 193 3 33  2.67728
3881 1 69 48 149 49 162 110 33 154 58 243 35 88 215 55 73 59 55 93 108 24 49 212 153 0 141 162 117 100 232 225 3 49  2.92807
3882 1 77 49 187 97 160 126 113 19 105 233 47 108 222 55 192 58 182 21 124 56 145 208 177 64 207 253 33 198 202 226 131 115  2.25618
3882 1 77 48 181 69 225 126 113 27 121 251 39 88 222 55 204 191 183 84 124 56 145 208 241 64 15 250 85 70 202 224 195 53  2.21641
3882 1 77 48 151 69 161 126 49 146 107 251 43 76 222 55 65 190 167 85 124 24 145 208 187 64 143 254 85 6 202 115 3 49  2.28033
3882 1 77 48 189 101 160 126 113 19 107 251 47 92 223 55 192 58 135 84 124 24 145 240 241 0 207 255 117 68 202 224 195 113  2.01178
3882 1 77 48 149 37 169 62 48 27 107 251 47 124 222 54 202 190 135 85 252 28 149 80 249 0 142 255 117 246 202 228 139 117  2.47397
3882 1 77 48 189 113 32 110 121 18 59 251 39 92 159 23 192 58 135 21 125 28 145 212 241 64 207 251 113 196 202 193 3 113  2.44185
3882 1 77 48 149 69 160 126 97 27 43 251 47 92 223 55 192 190 7 86 108 28 145 216 241 0 207 255 117 84 202 224 131 113  2.45924
3882 1 77 176 189 97 160 110 121 17 42 121 103 84 221 55 200 122 167 21 125 156 145 208 177 64 207 255 122 196 138 128 131 113  3.1881
3883 1 77 112 185 99 40 76 123 152 43 248 37 76 223 87 201 58 150 93 124 126 131 80 251 64 207 217 33 252 202 179 3 113  2.23259
3883 1 77 51 189 97 184 31 91 24 43 248 55 236 223 23 202 50 150 85 252 124 145 80 249 16 207 217 37 244 202 163 3 113  2.31264
3883 1 77 49 61 101 48 14 123 24 41 232 55 108 223 23 136 50 150 21 125 110 129 208 241 12 199 249 33 132 72 163 3 113  2.43042
3883 1 77 48 185 97 32 44 121 16 43 232 39 108 159 23 193 58 166 29 125 28 129 208 241 64 199 217 33 164 202 131 3 113  2.16937
3883 1 205 50 61 33 40 15 57 24 42 248 55 252 223 23 202 59 150 21 125 126 145 84 249 16 204 217 97 244 72 131 3 113  2.50104
3883 1 79 49 189 33 171 31 58 24 42 248 39 77 222 30 75 58 182 69 125 127 149 65 185 64 221 89 109 244 200 39 11 81  3.27677
3883 1 77 48 189 97 168 15 121 152 43 248 39 76 223 23 201 58 151 85 124 126 129 80 249 0 207 217 101 244 200 163 3 49  1.89879
3883 1 77 48 189 101 40 14 89 24 171 248 167 108 223 87 201 59 134 85 124 110 129 69 251 0 199 249 97 180 74 163 3 113  2.38597
3884 1 197 52 61 97 160 46 121 24 56 251 103 92 215 23 8 59 151 21 124 60 177 212 241 4 205 187 97 68 200 161 3 113  2.26336
3884 1 141 48 189 113 32 111 113 26 58 250 39 92 223 23 73 59 151 29 116 26 161 244 249 0 197 219 113 36 200 241 3 241  2.56071
3884 1 221 52 189 101 168 110 85 25 48 250 167 28 215 119 73 59 149 212 124 46 185 197 249 10 203 235 101 20 200 241 2 113  2.09761
3884 1 197 48 157 101 160 110 101 25 56 250 35 88 215 55 73 59 149 84 124 58 49 212 249 0 205 187 101 20 200 241 131 49  1.49054
3884 1 221 56 189 117 160 110 81 26 50 250 166 88 215 55 193 59 7 84 124 58 169 212 241 10 201 235 117 20 224 241 7 113  2.3969
3884 1 196 48 189 101 160 110 113 24 58 251 39 24 215 55 73 59 151 84 124 58 49 244 249 0 205 187 117 116 192 225 7 115  1.959
3884 1 205 48 191 119 32 110 113 16 56 234 103 92 223 119 9 59 182 117 124 42 161 212 185 72 197 251 97 0 200 227 3 115  1.91054
3884 1 205 52 189 101 160 110 117 24 120 250 39 92 223 55 201 59 151 84 124 58 161 212 249 0 207 251 101 20 202 241 3 113  1.61571
3885 1 197 176 157 99 168 111 99 152 122 250 35 88 215 113 201 59 151 84 124 122 177 116 249 16 205 155 101 116 200 243 67 49  1.97508
3885 1 101 52 173 99 168 47 71 152 98 251 175 92 215 117 89 59 149 68 124 62 185 112 249 0 205 155 101 116 200 243 194 112  2.37785
3885 1 69 48 189 83 232 111 37 152 106 250 39 92 214 117 73 59 149 84 120 58 145 116 251 0 77 154 117 52 200 115 195 241  2.54785
3885 1 101 52 189 97 168 111 85 152 122 251 35 92 214 117 73 59 149 84 124 58 177 116 249 2 205 158 101 116 200 115 67 115  2.31516
3885 1 69 112 189 103 160 110 103 152 106 250 35 76 214 119 73 59 149 84 120 122 145 240 249 0 205 154 101 116 200 115 67 49  1.96433
3885 1 69 120 181 67 168 111 55 152 106 250 43 76 222 116 73 58 151 85 124 122 129 112 249 32 141 158 101 54 200 115 3 49  2.36979
3885 1 101 52 157 99 168 47 103 152 122 251 43 92 214 113 201 59 145 68 108 58 177 112 249 0 205 158 101 116 200 243 194 33  2.43326
3885 1 69 48 157 99 168 47 97 152 106 251 35 92 214 113 73 59 149 69 124 62 147 112 219 0 205 154 101 116 200 99 3 49  2.56071
3886 1 108 52 249 97 224 111 115 24 122 234 47 120 215 53 201 58 23 92 68 58 145 240 249 2 79 143 37 36 192 227 70 241  2.64508
3886 1 69 48 185 65 240 110 107 24 114 235 111 92 211 55 217 56 21 76 116 60 145 240 249 2 77 175 33 68 200 227 66 240  2.59696
3886 1 77 56 185 103 160 110 115 16 122 234 47 76 223 247 65 58 151 125 124 26 129 208 249 34 205 253 37 32 200 243 3 113  2.31011
3886 1 69 52 153 101 160 110 103 152 122 234 43 76 215 55 201 58 23 92 124 58 145 208 249 2 205 191 101 52 200 243 67 49  2.04794
3886 1 77 53 189 103 176 46 103 27 120 235 111 92 215 51 137 56 151 86 124 56 177 240 249 14 239 255 37 68 200 227 195 49  2.7181
3886 1 69 48 189 101 32 110 99 24 104 234 111 76 215 55 137 58 150 84 124 42 129 208 241 72 197 191 97 4 200 227 67 49  2.07944
3886 1 69 48 153 97 176 110 99 24 106 233 47 72 215 55 201 58 151 92 124 56 145 208 249 2 205 189 37 68 200 227 3 49  2.14132
3886 1 69 48 153 103 160 46 99 24 122 171 43 76 215 115 73 58 149 76 124 30 145 208 217 2 205 255 37 4 200 227 67 33  2.34341
3887 1 68 49 189 101 168 110 87 152 42 250 175 104 215 119 201 58 151 85 125 122 145 64 249 0 205 175 101 180 192 243 7 115  2.19598
3887 1 77 48 189 97 184 110 17 152 42 249 175 104 223 119 201 58 23 85 124 56 145 64 251 0 205 191 101 244 192 227 7 113  2.2706
3887 1 69 177 189 103 168 110 95 153 42 249 175 76 215 119 73 122 151 87 125 126 153 64 251 0 237 255 101 212 136 243 131 113  2.58694
3887 1 76 120 189 119 168 108 51 152 170 251 47 104 223 247 201 58 7 85 124 90 129 64 251 32 205 175 101 180 192 243 7 113  2.6173
3887 1 92 54 189 97 168 106 83 152 34 191 175 184 215 119 201 58 23 212 109 58 24 80 233 2 205 167 101 244 224 227 134 115  2.74497
3887 1 84 48 189 98 170 110 57 24 170 251 143 56 221 247 73 122 183 85 125 50 145 65 187 64 217 175 111 252 128 99 7 115  3.21888
3887 1 84 49 189 97 178 110 51 152 42 249 47 40 215 119 73 58 55 85 125 48 17 208 185 0 205 143 37 116 224 227 135 115  2.76462
3887 1 84 177 157 103 168 110 71 152 34 251 175 104 215 119 201 122 21 84 108 58 25 65 251 0 201 167 101 84 160 243 135 113  2.59027
3888 1 77 180 189 119 168 46 125 185 58 251 39 92 223 119 200 59 151 86 124 60 177 84 251 2 207 255 117 116 202 226 131 113  2.24904
3888 1 77 182 156 115 176 47 123 154 59 255 47 93 223 103 75 26 151 78 108 62 178 80 249 50 207 223 101 116 202 227 131 113  2.57046
3888 1 77 180 157 115 168 110 49 152 59 251 39 124 222 119 72 59 151 87 124 58 179 84 251 66 207 223 117 118 202 227 131 51  1.97869
3888 1 76 180 189 99 176 111 87 185 59 251 63 124 223 119 200 59 151 87 253 58 185 80 249 6 239 223 101 244 202 227 135 115  2.39142
3888 1 92 180 253 115 178 106 49 153 58 255 39 184 223 119 202 58 55 87 236 48 51 208 249 2 207 231 117 117 226 195 135 115  2.55748
3888 1 77 180 189 115 176 110 123 154 58 123 111 80 223 119 200 120 183 95 125 24 179 208 249 34 207 255 53 196 200 195 135 115  2.41912
3888 1 92 52 249 99 162 110 115 152 59 251 47 56 223 119 73 58 183 93 125 58 179 84 249 2 207 223 53 116 226 227 135 115  2.40795
3888 1 77 180 189 115 160 110 119 153 122 251 47 24 223 119 200 59 151 86 124 58 179 84 249 34 207 255 117 116 194 243 135 113  2.01553
3519 0 193 190 215 85 162 42 37 183 56 250 102 252 255 55 128 63 39 119 108 8 241 220 165 106 44 170 117 128 200 240 131 121  0
3519 0 201 54 255 117 34 46 61 50 56 234 102 252 223 55 129 59 38 117 124 44 161 212 177 74 196 171 112 128 72 224 3 121  0
3519 0 65 159 223 119 178 174 47 183 60 75 126 244 253 39 128 112 55 119 124 12 177 216 165 111 236 175 118 192 168 192 131 57  0
3519 0 65 52 239 85 178 46 41 55 56 227 102 212 221 54 144 57 55 23 125 140 177 220 181 78 77 47 122 192 200 192 131 113  0
3519 0 65 52 157 117 160 46 109 55 56 235 106 92 215 55 128 59 39 71 124 12 177 216 177 74 204 190 117 128 200 224 131 57  0
3519 0 200 54 253 117 162 106 125 23 58 255 38 188 223 39 194 59 39 87 108 28 177 220 229 2 206 239 117 128 226 224 135 121  0
3519 0 64 38 223 117 162 42 41 19 56 131 98 240 221 39 128 91 39 119 108 152 49 220 133 66 204 166 114 128 160 224 35 33  0
3519 0 65 62 222 53 178 42 60 23 58 235 106 253 223 34 195 26 55 111 108 28 181 216 133 74 204 167 117 128 232 240 139 25  0
3953 1 193 183 85 21 162 10 45 183 56 251 34 252 223 38 132 183 39 87 108 44 241 216 165 76 44 58 117 196 72 224 131 125  2.3618
3953 1 201 190 215 85 226 106 37 183 48 234 110 252 127 55 128 191 55 126 100 40 241 220 161 46 108 239 117 0 234 240 135 249  2.45341
3953 1 193 62 215 85 162 42 37 55 120 234 102 252 247 34 129 63 39 102 108 8 177 252 165 106 44 174 117 0 200 240 195 57  2.24196
3953 1 195 62 215 85 162 58 44 183 185 250 38 252 238 38 133 191 39 119 236 12 225 220 167 106 14 58 117 130 202 244 131 125  2.35388
3953 1 197 188 255 87 162 126 53 183 248 250 102 124 254 119 133 59 39 119 124 10 241 220 187 106 111 187 117 130 200 240 135 121  2.32279
3953 1 193 190 215 85 162 42 37 183 58 251 98 252 223 55 192 59 39 87 108 8 241 220 161 98 172 162 117 128 200 240 131 57  2.21183
3953 1 193 254 255 87 162 10 45 183 56 250 102 252 247 39 128 51 39 118 108 46 225 220 165 110 236 170 117 128 96 240 135 121  2.28033
3953 1 195 126 247 21 226 42 173 183 56 250 114 252 188 54 197 63 39 127 124 12 225 220 165 106 44 58 125 128 204 240 131 253  2.50409
3954 1 73 60 255 85 98 110 117 18 120 234 102 124 255 55 129 59 39 116 116 8 161 212 177 74 71 175 112 0 202 240 67 121  2.18037
3954 1 201 50 127 117 34 62 57 19 57 107 119 252 159 23 130 57 166 53 253 12 161 212 177 66 198 251 112 128 74 132 3 113  2.34081
3954 1 193 50 223 21 34 46 41 18 56 234 102 252 223 38 129 59 38 101 108 44 161 212 165 72 196 171 112 128 72 225 3 113  1.89879
3954 1 193 60 159 117 34 46 61 18 56 202 102 84 223 55 129 123 38 117 124 46 161 212 177 74 197 171 114 128 136 241 3 49  1.97869
3954 1 193 122 255 101 34 14 61 54 56 234 118 236 255 55 129 51 38 117 124 110 225 212 165 72 228 171 100 128 72 176 3 121  2.10373
3954 1 193 54 127 101 34 46 105 51 56 234 118 244 223 39 128 49 54 53 124 44 161 212 165 78 196 171 96 128 104 224 3 113  2.02685
3954 1 217 52 255 117 34 46 61 51 56 234 102 252 223 55 128 59 55 117 125 44 225 212 177 74 197 235 117 128 104 224 3 113  2.07944
3954 1 195 62 255 87 98 44 57 18 184 218 102 252 252 183 133 59 167 119 125 14 161 212 178 106 71 59 112 128 200 241 3 249  2.63457
3955 1 193 159 95 127 178 14 47 183 60 74 126 244 253 119 128 113 55 119 124 46 241 216 57 111 228 175 118 128 104 240 163 57  2.43612
3955 1 65 158 159 119 176 174 111 183 60 75 110 116 253 119 128 112 55 119 124 12 177 216 161 111 236 191 118 192 136 192 131 57  2.11611
3955 1 1 142 207 253 176 174 109 55 62 203 94 244 245 35 144 96 119 111 63 140 177 216 101 111 236 175 190 192 140 192 161 185  2.3177
3955 1 65 151 205 119 176 46 111 191 52 107 110 244 247 39 136 113 55 70 124 44 177 216 229 47 236 175 116 192 168 192 131 121  2.35651
3955 1 9 191 127 115 178 174 63 183 60 107 126 244 255 39 130 48 55 127 124 28 179 216 45 127 236 239 52 192 232 192 131 121  2.41631
3955 1 65 159 159 119 178 46 47 183 60 203 78 244 253 55 128 114 39 119 125 140 177 216 177 110 236 175 126 128 168 240 163 121  2.33821
3955 1 1 62 219 119 242 174 43 150 62 201 126 228 189 167 129 112 55 127 116 156 179 216 165 110 236 175 62 192 168 192 35 185  2.92807
3955 1 65 151 95 101 178 170 43 55 60 73 122 244 255 39 128 112 55 55 108 44 177 152 37 79 236 167 50 192 232 192 131 57  2.205
3956 1 67 54 239 85 226 46 169 51 56 227 119 244 217 46 148 59 55 23 117 141 177 220 165 78 76 46 122 128 205 224 131 241  2.56395
3956 1 137 180 127 113 178 174 41 55 60 99 102 212 221 55 144 49 55 31 93 188 177 220 53 78 205 175 50 196 232 128 131 241  2.64508
3956 1 67 52 191 81 162 174 185 23 62 91 118 116 156 55 148 59 167 23 125 28 179 220 177 66 77 63 122 192 200 192 131 241  2.78062
3956 1 65 180 239 85 176 62 105 55 120 227 111 212 217 54 158 59 55 70 124 172 177 216 181 78 79 47 117 196 232 224 195 112  2.62417
3956 1 193 52 175 85 176 46 45 55 60 235 70 212 213 54 144 123 55 103 125 172 177 220 181 78 205 47 126 128 136 224 163 121  2.74497
3956 1 1 20 239 117 50 46 105 19 60 195 67 212 221 39 144 120 55 47 61 156 177 220 53 78 204 175 250 192 172 192 161 113  3.03136
3956 1 65 52 251 69 242 110 57 23 56 227 111 252 221 55 128 56 55 31 117 28 177 216 181 78 77 47 48 192 200 192 135 241  2.7686
3956 1 67 180 231 21 162 62 169 55 62 243 66 212 221 38 150 127 39 7 120 141 181 220 181 70 12 46 122 192 140 196 131 125  2.65214
3957 1 69 52 151 85 160 46 109 51 56 235 107 92 215 35 128 62 55 102 108 12 177 216 177 74 140 190 117 0 200 224 131 49  2.07944
3957 1 65 53 157 101 160 46 45 55 40 235 42 124 215 55 192 58 39 87 124 12 145 216 177 64 204 190 117 132 200 224 131 57  2.00805
3957 1 65 60 191 117 160 46 109 55 56 234 106 92 247 55 129 58 167 119 124 12 177 216 177 106 237 190 117 128 200 240 131 121  1.9805
3957 1 73 52 151 85 160 62 109 55 121 235 110 92 223 55 128 191 55 70 124 44 177 216 177 74 175 255 117 128 202 240 131 57  2.19823
3957 1 65 166 141 53 160 46 109 55 120 251 74 84 215 34 144 123 7 70 124 44 177 216 245 14 204 174 117 132 136 224 131 57  2.28278
3957 1 65 22 191 245 160 46 109 55 124 251 90 84 213 55 144 123 167 103 125 141 177 220 241 74 204 190 254 128 140 224 129 57  3.0683
3957 1 193 52 157 117 160 46 109 23 56 251 98 92 223 55 64 59 167 87 124 12 177 220 145 66 205 190 116 0 200 224 131 57  2.10784
3957 1 65 54 157 117 176 46 101 55 120 235 106 92 215 35 128 59 23 70 108 44 177 216 241 14 236 174 117 0 200 224 195 57  2.12863
3958 1 200 54 253 117 162 106 121 23 56 255 103 184 223 39 130 59 39 22 108 24 177 220 165 64 206 235 116 192 226 192 135 113  2.48291
3958 1 72 166 237 117 162 42 109 63 50 255 46 252 215 39 194 27 7 86 108 28 176 216 229 2 204 167 117 196 224 224 135 121  2.22101
3958 1 200 62 253 117 162 106 125 183 58 255 46 185 255 55 195 59 39 119 125 8 176 220 229 42 239 239 117 129 226 240 135 123  2.26096
3958 1 73 54 253 85 162 126 61 23 59 255 38 252 223 39 194 63 39 87 252 12 177 220 229 66 206 251 117 128 234 228 135 121  1.97148
3958 1 72 54 248 113 178 170 57 19 58 239 102 189 159 39 194 24 39 31 101 28 178 220 229 66 206 239 49 192 226 192 135 241  2.81341
3958 1 220 54 254 117 162 106 53 55 56 183 39 185 223 39 130 27 39 87 236 16 48 220 165 66 206 227 117 197 226 224 135 115  2.41352
3958 1 216 54 253 117 162 106 53 23 58 255 38 184 223 55 193 59 39 87 108 24 177 220 161 2 205 231 117 132 224 240 135 121  2.26818
3958 1 137 182 249 117 48 107 121 23 122 239 118 252 191 37 146 49 23 14 92 28 179 220 229 15 206 207 49 240 230 128 7 121  3.35958
3959 1 64 162 223 113 162 170 41 23 62 19 98 240 157 39 128 123 39 31 108 152 51 220 135 66 204 166 122 192 160 192 163 33  2.48891
3959 1 64 38 223 117 162 42 105 19 56 163 99 248 215 35 128 91 55 119 108 8 49 216 129 74 204 166 117 0 224 224 131 33  2.46805
3959 1 80 54 223 53 178 42 57 19 56 163 98 244 221 39 128 91 39 119 109 128 49 220 129 78 204 166 122 128 168 224 39 49  2.52573
3959 1 68 46 223 85 162 106 33 18 56 135 98 176 215 231 129 58 55 127 108 16 48 212 165 74 76 166 113 0 224 225 39 161  3.10109
3959 1 64 38 218 33 242 42 41 19 56 39 107 249 159 35 128 24 55 31 108 144 48 216 133 66 204 167 48 192 224 192 131 129  3.01593
3959 1 77 36 215 85 162 42 105 19 56 131 103 208 221 35 129 255 55 118 108 136 49 212 133 66 140 174 114 0 170 224 35 32  2.84731
3959 1 208 6 223 245 162 34 105 19 52 163 82 242 213 35 128 75 119 247 61 184 48 220 133 74 204 167 255 196 164 224 161 33  3.2901
3959 1 65 46 199 21 34 42 41 22 60 131 66 244 253 35 129 91 39 103 108 140 33 220 133 74 132 166 126 128 168 240 35 41  2.84731
3960 1 65 54 206 53 162 42 60 23 58 243 42 253 223 34 194 26 39 71 108 20 181 216 133 66 140 39 117 132 232 224 139 25  2.22331
3960 1 65 62 158 53 162 46 56 23 58 235 106 253 255 166 195 26 167 103 108 20 180 216 135 106 204 183 117 128 200 224 11 89  2.45051
3960 1 65 62 151 21 178 62 46 151 58 235 106 236 255 34 193 186 55 111 108 28 181 216 149 106 172 174 117 128 200 240 139 29  2.69934
3960 1 81 63 218 53 178 42 111 23 50 235 110 253 215 35 194 16 55 110 108 28 177 216 133 10 236 167 53 128 232 224 139 25  2.45341
3960 1 73 46 198 53 162 58 108 22 56 162 98 253 239 34 195 155 39 103 108 28 164 220 133 106 140 231 117 128 232 244 11 13  2.8824
3960 1 65 62 154 53 162 42 37 22 58 235 106 236 183 35 193 26 55 111 108 28 129 216 133 10 204 167 117 128 200 240 3 153  2.5672
3960 1 73 54 222 53 162 62 60 55 56 234 110 253 223 34 131 155 55 103 236 44 181 208 133 74 230 239 117 128 234 244 139 17  2.7068
3960 1 81 182 222 37 178 42 56 51 56 171 106 253 207 34 130 16 55 15 236 20 181 216 133 78 204 231 49 192 232 192 139 17  2.79688
3520 0 197 126 151 87 162 14 39 176 248 250 34 108 254 118 129 191 183 117 108 110 225 212 185 106 164 186 101 128 72 243 3 49  0
3520 0 213 126 221 103 160 46 103 184 48 186 35 124 215 119 201 59 55 84 108 106 233 212 233 42 236 171 101 148 232 243 3 49  0
3520 0 197 102 212 55 162 42 110 184 56 178 99 252 215 99 137 27 55 69 108 110 225 212 205 106 164 170 101 4 232 243 131 1  0
3520 0 197 119 221 103 160 14 111 184 120 234 99 236 215 103 137 51 54 68 124 110 225 208 237 42 228 170 101 132 72 243 3 49  0
3520 0 197 116 149 103 160 46 111 152 120 250 35 92 215 115 137 59 23 68 108 110 161 212 217 10 132 186 101 4 200 243 67 33  0
3520 0 69 54 213 5 160 42 102 152 120 226 43 236 215 98 201 186 55 68 108 46 161 208 205 10 140 174 101 4 232 243 67 17  0
3520 0 213 118 221 37 34 14 79 184 48 250 163 253 215 99 137 27 23 197 108 110 233 212 205 10 196 163 101 148 104 241 3 17  0
3520 0 133 198 213 87 164 46 239 184 126 186 115 84 211 97 153 123 55 78 110 110 241 244 77 110 44 170 103 4 204 243 195 161  0
4025 1 197 92 151 87 34 46 47 176 252 202 98 68 253 114 129 255 54 117 124 238 225 212 189 106 164 170 98 128 72 241 35 49  2.87351
4025 1 197 122 151 87 34 14 39 144 248 250 98 124 247 115 129 59 39 116 108 74 225 212 187 104 132 170 101 0 72 241 3 49  2.42758
4025 1 197 126 23 55 34 14 55 176 184 234 34 236 255 119 129 179 182 117 108 102 225 212 137 110 164 178 101 128 72 243 3 49  2.65214
4025 1 197 124 151 87 160 46 111 176 120 234 35 76 222 119 129 63 183 117 124 110 225 212 185 106 165 186 101 128 72 243 3 49  2.3076
4025 1 197 122 21 71 34 14 39 184 40 234 35 108 222 87 201 183 182 85 124 106 193 212 185 104 164 184 101 134 72 179 3 49  2.68458
4025 1 197 126 213 87 170 14 39 180 248 250 34 252 254 98 133 63 39 101 108 110 225 197 175 106 36 58 101 144 72 241 3 61  2.59361
4025 1 197 126 215 87 162 30 38 184 249 250 35 124 222 114 141 191 55 85 108 106 225 212 185 106 172 186 101 6 202 243 131 53  2.51022
4025 1 69 127 151 55 160 14 38 180 248 234 42 108 254 114 193 179 183 103 108 110 225 208 153 106 172 190 101 128 72 243 3 25  2.54466
4026 1 212 126 221 119 162 42 103 184 48 186 35 120 215 115 201 27 55 84 108 106 41 212 201 42 204 162 101 20 224 243 3 33  2.09761
4026 1 213 124 157 103 160 46 111 184 48 250 35 92 215 119 201 59 55 84 124 106 225 212 249 42 237 171 101 4 232 243 3 49  2.34081
4026 1 228 118 253 103 168 107 71 184 122 186 51 248 215 117 201 59 23 84 108 122 225 116 233 42 236 138 101 180 224 243 198 49  2.5164
4026 1 221 126 221 103 160 46 103 184 112 250 39 124 215 115 201 59 55 84 108 106 225 212 233 42 236 235 101 148 232 243 3 49  2.19823
4026 1 196 126 221 97 162 10 39 152 58 186 34 252 215 39 193 27 55 84 108 122 97 84 201 34 236 131 101 244 232 241 3 49  2.83022
4026 1 213 126 205 103 168 46 79 184 50 250 167 252 211 103 201 59 23 196 108 110 233 212 237 42 236 171 101 148 232 243 66 113  2.38055
4026 1 213 247 157 103 168 46 71 188 50 186 171 124 215 115 201 59 23 86 108 106 249 80 201 42 236 171 101 20 232 243 131 49  2.53831
4026 1 213 84 157 119 160 110 111 188 52 250 99 116 215 119 137 123 55 86 124 106 233 212 249 46 229 171 103 132 168 243 131 49  2.65926
4027 1 196 110 213 119 162 42 38 188 56 178 99 248 199 99 137 27 55 87 108 98 96 212 137 106 164 162 101 4 224 243 131 1  2.38055
4027 1 197 98 196 23 234 42 46 156 122 186 35 252 215 98 205 191 55 69 108 110 225 84 207 98 36 42 101 164 200 243 3 133  2.56071
4027 1 197 231 196 55 162 14 110 188 58 178 35 220 223 98 217 155 55 71 104 126 245 212 205 110 172 170 101 68 232 243 139 0  2.38055
4027 1 197 38 213 119 162 42 109 152 56 178 99 216 215 99 137 27 51 68 108 46 32 212 205 74 132 170 117 4 224 241 3 32  2.42758
4027 1 197 247 92 55 162 42 54 184 56 50 99 253 223 99 138 19 55 71 108 110 245 212 141 111 228 163 101 132 104 243 139 17  2.78466
4027 1 197 110 215 55 162 42 110 188 56 162 107 252 215 99 137 27 55 103 108 110 97 212 141 42 164 166 101 4 232 243 131 33  2.35916
4027 1 213 110 214 55 34 42 110 16 56 130 99 244 223 99 129 219 54 101 108 110 165 212 141 106 132 170 99 0 232 241 11 1  2.48891
4027 1 197 102 212 39 162 10 110 184 56 178 99 236 215 98 137 27 55 69 108 110 225 212 205 74 164 170 101 132 104 243 3 1  2.16282
4028 1 197 118 237 71 96 14 111 184 120 234 115 236 211 101 153 59 54 68 116 110 225 244 237 42 100 170 101 132 109 243 67 241  2.01741
4028 1 197 119 125 103 160 14 111 184 120 234 111 236 215 119 137 51 54 68 124 110 225 208 253 46 228 171 101 132 104 243 131 113  1.82635
4028 1 197 247 133 39 160 14 111 189 58 250 35 236 215 102 216 51 23 68 124 110 225 208 237 8 172 186 101 180 72 242 131 113  2.36979
4028 1 197 115 213 71 226 14 111 184 57 234 103 236 219 103 137 183 54 196 108 110 225 212 237 104 36 170 101 132 106 243 3 49  2.3279
4028 1 197 127 205 103 160 14 111 180 120 234 122 236 247 35 145 51 22 100 124 110 225 208 237 42 228 171 101 128 72 243 67 57  2.04215
4028 1 197 118 95 101 32 14 111 48 56 234 115 236 215 87 129 51 54 85 92 110 225 212 225 76 228 186 97 128 72 179 3 49  2.00248
4028 1 197 119 221 103 32 14 111 184 40 234 99 236 215 99 137 51 54 69 124 110 225 208 205 104 228 170 101 132 72 243 3 49  1.98777
4028 1 69 83 221 101 160 14 111 184 108 234 115 228 215 99 153 115 54 68 124 110 193 208 253 72 228 170 103 132 8 243 3 49  2.44185
4029 1 197 116 213 71 160 62 103 152 121 250 35 92 223 114 141 191 55 68 108 110 161 244 253 74 4 186 101 4 202 243 67 37  2.09151
4029 1 197 36 149 101 160 46 111 24 120 234 99 84 215 51 153 123 23 68 124 46 161 212 217 10 132 186 103 4 136 241 3 33  2.02117
4029 1 197 52 151 103 32 46 101 24 56 170 99 92 223 115 9 59 182 85 108 42 33 212 153 74 197 186 97 4 72 243 3 49  2.39415
4029 1 69 116 149 103 160 46 111 152 120 250 43 76 215 115 89 59 21 68 120 126 161 208 217 42 237 190 101 4 200 243 67 32  2.09354
4029 1 197 116 253 87 224 46 103 152 120 250 103 92 211 113 137 59 23 68 100 46 161 244 253 42 68 170 101 4 200 241 66 177  2.57702
4029 1 197 102 157 103 32 46 99 24 120 170 99 92 215 99 137 59 23 68 108 46 161 244 201 10 196 186 97 4 200 243 67 33  1.99878
4029 1 197 118 149 103 168 47 71 152 122 250 35 92 215 113 201 59 149 68 108 126 161 116 217 10 172 154 101 52 200 243 67 49  1.85151
4029 1 197 116 149 103 160 46 111 152 120 250 35 92 215 115 201 59 151 68 124 126 161 212 217 10 132 186 101 4 200 243 67 33  2.205
4030 1 69 38 197 7 160 42 110 136 122 226 43 220 211 96 221 58 51 68 104 62 161 212 205 10 12 46 101 4 200 243 67 4  2.81341
4030 1 69 54 213 37 34 42 98 24 120 234 107 236 215 98 137 186 54 68 108 46 129 208 205 10 132 174 97 132 232 243 11 17  2.43898
4030 1 197 54 213 21 162 42 100 154 122 242 34 252 215 34 193 187 55 68 108 62 161 212 205 10 140 174 117 4 232 241 67 17  2.95172
4030 1 69 126 208 71 224 62 102 152 123 170 107 108 223 98 205 190 55 76 108 126 129 240 205 106 12 190 101 4 202 243 75 5  2.8691
4030 1 69 55 213 5 162 46 110 184 120 226 43 204 215 34 201 190 55 68 108 46 177 208 221 10 172 174 101 4 232 243 3 21  2.78872
4030 1 101 54 213 39 168 43 102 152 122 234 43 236 215 96 201 58 23 68 108 126 161 240 205 10 172 142 101 52 200 243 67 17  2.27303
4030 1 69 102 213 37 160 42 102 152 58 162 43 236 215 99 201 154 55 68 108 62 1 208 205 8 140 166 101 4 232 243 3 33  2.53831
4030 1 69 54 213 69 160 42 102 186 112 234 107 236 211 98 137 191 23 70 108 46 161 208 237 10 44 174 101 132 234 243 66 53  2.91877
4031 1 213 114 85 37 42 14 78 56 41 242 163 236 215 98 137 187 22 197 108 110 237 197 205 12 128 242 97 148 104 179 11 21  3.21265
4031 1 213 118 140 37 32 46 78 152 48 234 163 253 215 98 131 27 23 69 108 102 173 212 205 10 196 163 101 148 232 243 11 17  2.94219
4031 1 221 118 220 39 34 14 79 184 48 186 179 253 215 99 137 27 55 197 108 110 233 212 201 8 228 235 101 148 104 243 3 17  2.83022
4031 1 213 246 93 37 170 11 22 185 58 250 162 253 215 102 200 19 23 69 108 102 225 68 205 30 168 130 101 180 104 176 131 17  3.31044
4031 1 205 246 85 37 40 10 15 184 48 122 35 253 223 71 136 19 23 69 108 110 225 68 205 31 228 227 101 180 104 176 3 113  3.71934
4031 1 245 102 205 37 160 42 79 152 112 250 179 252 211 33 217 27 23 196 108 110 169 212 205 10 196 171 101 148 236 241 66 113  2.98578
4031 1 213 118 221 37 34 10 109 56 48 226 98 253 215 35 129 91 54 197 108 110 233 212 197 10 196 162 97 132 40 241 3 17  2.48591
4031 1 213 118 205 39 40 14 79 184 48 250 163 253 215 103 137 27 23 196 108 110 233 68 205 10 224 171 101 148 104 243 2 113  2.65214
4032 1 133 6 197 87 132 42 109 152 116 178 99 210 209 99 153 109 115 76 42 174 161 244 109 74 4 170 247 4 173 241 97 160  3.64966
4032 1 197 134 197 87 164 46 111 186 126 186 99 84 211 96 153 123 17 70 108 46 177 244 205 46 44 174 117 4 200 241 195 32  2.69193
4032 1 133 214 141 255 188 47 239 184 94 250 83 86 213 97 185 107 95 70 62 239 241 244 93 190 236 170 239 132 156 251 209 177  3.50656
4032 1 133 247 213 71 176 46 239 184 126 186 123 84 211 99 157 63 55 78 110 110 241 240 109 110 44 174 103 68 200 243 195 161  3.01593
4032 1 133 230 229 87 224 46 239 188 120 250 115 220 209 96 157 59 55 70 116 110 225 244 237 110 44 42 101 132 205 243 195 161  2.94694
4032 1 133 230 93 123 240 47 239 184 126 58 115 116 215 67 153 57 55 76 70 126 227 244 77 127 108 170 103 196 200 179 195 161  3.2571
4032 1 133 6 87 93 36 46 237 56 124 138 115 84 211 97 145 109 54 100 110 46 161 244 37 76 4 186 98 128 76 241 97 161  3.74017
4032 1 133 206 199 23 130 42 166 238 126 178 107 212 193 96 157 15 123 206 98 238 112 244 79 106 44 46 71 4 201 243 227 132  3.42652
8 0 80 168 152 58 137 237 16 207 171 21 160 25 174 211 64 26 129 179 236 16 26 75 218 49 217 213 21 123 192 0 143 10  0
8 0 76 176 189 112 169 109 17 159 171 191 165 57 158 247 72 26 135 87 237 16 18 79 250 16 219 211 117 127 192 64 135 115  0
8 0 100 160 148 48 137 125 80 139 251 183 161 25 206 248 78 155 129 199 232 16 62 103 218 16 155 211 85 127 192 68 206 6  0
8 0 124 176 152 112 152 237 81 219 162 61 173 25 23 215 72 26 129 159 109 16 26 75 218 17 219 197 53 125 224 0 134 34  0
8 0 208 172 156 54 137 236 21 143 186 183 162 25 230 243 72 27 129 87 104 16 58 77 219 49 217 243 85 127 192 64 135 10  0
8 0 120 177 56 96 217 221 80 201 235 61 172 9 10 221 78 16 137 154 204 16 30 107 250 21 219 221 1 127 66 6 206 66  0
8 0 120 184 188 112 137 237 81 135 179 191 164 25 191 183 66 26 129 247 237 16 26 107 242 51 219 215 85 123 194 64 198 106  0
8 0 92 180 156 52 169 60 84 159 179 255 166 29 207 39 74 27 133 199 236 20 60 73 219 0 219 243 85 119 234 100 142 83  0
4097 0 82 168 158 184 137 233 16 199 174 21 128 25 174 210 66 90 161 179 237 17 30 75 130 113 153 243 90 123 128 0 175 10  0
4097 0 112 248 152 50 41 205 16 206 171 189 160 9 174 211 64 26 129 243 236 80 10 75 218 49 217 209 21 123 192 17 15 11  0
4097 0 80 160 152 186 153 237 16 203 174 21 161 25 174 215 72 24 129 155 233 16 26 75 218 49 217 213 27 127 144 0 135 2  0
4097 0 80 184 158 120 137 237 16 71 171 21 160 24 174 147 64 26 161 179 236 16 26 75 146 113 217 241 80 123 192 0 135 10  0
4097 0 112 169 152 58 153 205 20 207 171 21 168 25 166 243 64 18 129 243 233 16 30 75 218 49 249 213 21 123 208 64 143 10  0
4097 0 88 169 144 50 153 156 16 143 171 53 168 9 174 226 74 146 129 199 236 16 30 75 218 49 155 245 21 123 192 4 143 14  0
4097 0 112 160 144 56 137 237 80 79 171 49 160 25 166 147 64 26 129 179 108 16 26 107 210 17 153 212 16 123 192 0 134 10  0
4097 0 120 168 24 56 25 201 80 79 171 21 160 25 174 211 66 16 128 187 205 16 14 75 194 21 219 209 16 123 64 0 14 10  0
4105 1 86 168 158 184 137 169 16 207 174 21 128 25 166 226 66 26 161 99 104 17 22 75 138 113 153 146 95 123 128 64 171 2  2.20727
4105 1 88 169 154 184 155 224 16 199 166 21 138 153 175 231 66 80 161 183 237 145 30 75 130 53 217 229 26 123 160 0 175 10  2.22562
4105 1 82 168 158 184 139 232 16 7 174 21 130 25 174 150 64 90 161 55 237 17 26 75 130 81 153 176 26 123 128 0 167 10  2.08949
4105 1 80 170 158 184 41 169 16 7 174 17 130 29 175 130 66 218 129 167 236 21 30 79 194 17 152 243 90 123 136 0 139 10  2.41631
4105 1 80 168 158 186 139 233 16 199 170 23 128 25 174 247 66 90 161 179 237 17 30 75 146 49 217 243 90 123 128 64 175 10  1.50058
4105 1 210 160 150 186 9 201 16 207 175 21 128 25 174 210 72 223 129 179 236 17 30 79 130 113 153 210 90 123 144 4 175 14  2.16065
4105 1 210 170 158 184 11 233 24 74 171 23 128 185 175 206 66 27 167 179 237 145 14 79 138 113 219 211 91 251 128 4 47 82  2.28524
4105 1 82 168 150 186 137 237 16 207 191 23 128 25 174 250 98 219 193 179 233 17 62 79 218 241 153 210 95 123 144 68 175 14  2.16282
4106 1 80 251 152 50 58 137 18 204 170 189 168 173 174 199 66 18 135 251 236 80 10 75 202 49 248 213 37 123 192 18 15 27  1.92415
4106 1 224 248 152 122 73 205 16 204 171 61 160 24 174 211 72 26 129 91 232 80 66 111 218 49 219 209 21 127 64 16 7 139  1.8708
4106 1 112 248 152 50 9 205 16 206 171 181 160 9 174 215 67 26 129 243 236 80 14 75 218 49 217 209 21 123 192 17 15 10  1.38729
4106 1 88 248 152 114 41 205 80 198 171 25 160 9 174 211 65 154 129 243 236 80 10 75 218 49 219 213 21 123 194 17 15 11  1.77343
4106 1 242 248 148 58 9 205 20 206 171 62 160 9 174 218 67 155 129 243 237 67 78 79 218 49 153 208 93 59 80 20 15 14  2.165
4106 1 112 232 156 114 41 201 16 206 171 189 160 41 166 211 64 26 129 243 236 80 74 75 202 49 217 209 85 123 64 16 7 11  1.59949
4106 1 64 186 152 48 40 173 16 202 170 185 160 41 166 211 64 26 129 51 108 16 2 111 202 49 217 145 53 123 192 1 15 11  1.95017
4106 1 116 184 144 50 169 237 18 200 171 185 161 9 174 211 73 154 129 251 236 82 10 67 218 49 153 212 5 127 192 19 15 3  1.98413
4107 1 68 160 152 58 137 237 16 201 170 21 161 25 142 211 72 26 129 27 232 16 18 75 218 113 217 148 17 127 208 0 135 2  1.3883
4107 1 80 160 152 186 137 237 16 203 186 21 161 25 183 215 72 26 129 155 233 16 26 79 218 49 217 213 26 123 144 0 135 2  1.69282
4107 1 2 161 24 186 153 197 16 201 142 21 129 25 166 211 104 64 201 27 235 17 26 11 90 245 153 148 27 127 144 10 165 130  2.42758
4107 1 114 160 152 186 153 237 16 207 191 53 160 25 174 223 74 24 129 155 233 17 30 79 218 51 219 213 29 127 208 0 143 10  1.90381
4107 1 84 160 154 186 155 233 16 203 175 21 169 25 142 215 72 24 161 155 233 16 26 75 154 113 217 213 27 127 144 67 167 2  1.90046
4107 1 80 161 25 122 153 205 17 237 174 21 161 25 190 215 72 16 129 147 233 16 90 75 218 53 249 209 21 127 80 0 135 42  2.21412
4107 1 92 164 152 186 153 233 18 202 190 21 169 25 143 195 72 152 145 155 204 16 26 75 202 51 217 213 25 127 144 67 143 2  2.42475
4107 1 88 178 24 186 184 237 17 207 174 29 168 57 191 215 72 80 135 155 237 16 26 75 218 53 217 213 58 127 144 0 135 27  2.01365
4108 1 80 184 154 120 137 237 16 71 171 21 160 24 174 147 64 26 161 179 232 16 18 75 146 113 217 241 16 123 192 0 135 42  1.41059
4108 1 80 184 158 112 171 232 48 7 171 21 170 56 174 179 64 26 163 55 236 16 18 73 130 97 217 245 84 123 192 64 135 11  1.61949
4108 1 88 184 158 122 41 205 81 71 171 29 164 24 190 151 64 26 129 179 236 16 26 79 146 49 219 241 80 123 192 0 135 43  1.78379
4108 1 80 184 159 248 137 237 17 199 174 17 160 24 190 247 64 90 161 179 109 16 26 75 146 49 217 243 86 123 144 64 167 42  2.12444
4108 1 64 184 159 120 73 237 49 71 170 21 160 24 190 215 64 27 129 51 232 16 18 79 146 113 217 145 80 123 192 0 135 170  1.63219
4108 1 208 168 158 122 136 237 81 71 162 23 160 25 183 211 64 27 161 179 108 16 26 79 146 49 217 225 80 121 224 0 135 10  2.28033
4108 1 88 176 154 120 139 232 16 71 171 21 164 57 46 147 64 26 163 179 236 16 26 75 130 81 219 241 16 123 226 0 175 11  1.66733
4108 1 80 184 158 122 137 237 80 71 171 29 160 25 174 147 64 26 161 179 236 16 30 107 146 113 219 211 80 123 192 0 143 10  1.62837
4109 1 96 169 156 58 137 237 20 207 139 23 168 25 166 249 64 26 137 115 233 16 30 107 218 49 219 215 85 123 208 88 142 10  1.78379
4109 1 112 169 152 58 153 205 22 207 171 149 168 9 166 243 64 18 129 243 232 80 90 75 218 49 249 213 21 123 192 82 143 10  1.46102
4109 1 112 173 152 58 153 233 16 207 171 181 168 9 166 248 66 18 137 243 233 17 30 107 202 51 249 213 21 123 192 64 142 10  2.01178
4109 1 114 173 148 186 153 237 20 207 187 55 168 25 174 250 64 154 129 243 233 17 62 75 218 51 185 214 93 123 208 84 143 10  2.04988
4109 1 120 185 152 50 217 205 20 207 171 53 168 25 46 243 72 18 129 155 232 16 18 75 154 49 251 213 21 127 192 64 143 138  1.95546
4109 1 112 173 152 58 153 237 80 207 179 21 168 25 166 243 66 16 129 187 233 16 30 75 218 51 251 213 21 123 208 64 142 10  1.59825
4109 1 120 173 152 122 153 205 86 239 171 21 168 9 174 247 72 18 129 243 233 16 90 75 218 51 251 213 21 123 192 82 134 10  1.75446
4109 1 112 169 28 58 153 205 20 239 170 53 168 25 166 211 64 18 129 179 104 16 90 75 218 53 249 209 21 123 80 0 135 10  1.69418
4110 1 88 169 146 48 153 140 16 135 171 181 170 9 142 162 66 146 129 231 236 16 30 75 210 32 153 245 21 123 192 4 139 10  2.14986
4110 1 90 233 144 62 153 221 22 237 171 149 168 9 238 226 74 146 129 231 236 80 94 75 218 53 185 245 13 123 64 22 143 14  2.40517
4110 1 81 185 144 50 153 156 16 143 171 249 168 77 174 242 66 146 133 231 236 20 31 75 218 49 152 245 21 123 200 4 139 30  2.40517
4110 1 88 169 152 50 153 216 80 143 163 21 174 9 175 227 74 210 129 215 236 16 30 75 202 49 219 245 20 123 226 2 142 10  2.28524
4110 1 88 163 144 50 187 153 16 143 171 53 168 169 174 226 74 146 131 135 236 16 30 75 202 49 152 213 21 127 192 4 143 15  2.1848
4110 1 90 161 144 58 153 156 16 143 171 53 168 9 174 194 74 150 129 207 232 16 30 75 218 49 153 244 21 123 194 6 139 14  2.3618
4110 1 104 169 144 86 137 220 80 143 171 149 172 8 46 242 68 150 129 246 232 16 30 75 218 97 187 244 21 123 194 4 142 14  2.65926
4110 1 88 169 144 50 137 253 16 143 171 53 168 25 174 242 74 154 129 215 236 16 30 75 218 49 155 213 21 127 194 68 143 14  2.03638
4111 1 80 160 144 32 153 169 80 79 171 49 168 25 142 131 64 152 161 159 108 16 26 75 194 16 152 212 17 127 192 0 139 2  2.44472
4111 1 112 160 144 56 9 173 64 71 171 49 160 25 166 130 64 26 129 163 104 16 30 75 210 17 153 144 80 123 192 0 131 10  1.91223
4111 1 112 160 145 112 137 205 80 15 171 177 160 24 166 147 64 26 129 151 104 16 26 75 210 17 153 212 21 123 192 0 134 42  2.02685
4111 1 112 160 152 56 137 237 80 79 171 57 160 25 182 147 64 26 129 147 108 16 26 107 210 17 217 213 16 123 192 0 135 10  1.62455
4111 1 112 32 144 56 9 233 80 74 171 179 160 25 134 147 65 26 129 185 104 16 10 103 210 16 145 212 17 59 192 65 6 2  2.35651
4111 1 112 168 144 120 153 237 80 71 171 49 160 25 46 155 68 24 137 187 204 16 30 107 210 17 155 212 16 123 192 0 206 10  2.18926
4111 1 96 160 144 120 9 237 80 79 235 49 160 24 166 147 64 26 129 146 104 16 26 107 210 17 217 208 16 123 192 0 198 42  1.96611
4111 1 80 160 144 56 137 172 64 15 171 17 170 88 166 179 64 218 129 183 108 16 26 75 210 17 153 244 16 122 136 64 130 10  2.54466
4112 1 120 161 16 56 25 201 80 79 171 5 160 9 174 211 64 144 128 185 204 16 10 11 194 21 153 208 16 123 64 0 14 10  2.05964
4112 1 208 160 28 56 40 201 16 111 170 21 160 57 166 211 66 19 130 49 236 0 78 79 194 21 219 209 81 123 64 0 15 10  2.49799
4112 1 120 172 26 120 25 233 80 71 179 5 160 25 47 211 64 16 129 187 205 16 42 15 146 55 219 213 16 123 96 0 14 10  2.23493
4112 1 248 168 24 58 25 201 80 71 179 21 164 25 47 147 66 17 129 187 204 16 62 79 194 53 219 209 16 123 96 0 142 10  2.00992
4112 1 120 169 24 56 25 201 80 239 163 53 168 9 47 195 66 16 128 187 205 16 94 75 194 53 251 213 21 123 96 0 142 10  2.02306
4112 1 104 232 24 58 73 205 80 111 171 21 164 9 174 211 66 16 136 187 200 0 74 107 210 53 211 209 16 59 80 0 14 138  2.30509
4112 1 120 40 152 56 9 233 80 66 163 21 160 9 47 203 66 24 128 185 237 16 14 75 194 17 211 209 16 59 96 4 14 10  2.11818
4112 1 120 160 26 56 25 201 80 79 163 21 164 25 47 215 66 16 128 187 205 16 10 11 194 21 211 209 16 123 48 0 14 10  2.60369
4098 0 92 176 190 112 171 236 17 75 171 31 165 57 158 215 74 27 167 151 237 16 18 71 186 64 219 243 81 127 192 0 135 115  0
4098 0 76 177 189 114 169 77 21 157 171 253 172 40 222 247 72 58 133 87 236 16 19 73 251 49 235 215 85 127 194 114 135 115  0
4098 0 238 178 188 114 169 125 17 159 187 255 181 57 142 255 78 27 135 215 253 17 182 79 234 80 219 211 117 255 194 68 135 83  0
4098 0 64 176 157 49 168 237 17 159 170 123 161 61 150 183 72 27 133 23 109 16 19 77 219 17 205 147 117 126 200 64 135 115  0
4098 0 76 176 189 112 169 109 17 139 171 191 165 56 158 247 72 26 131 87 236 16 18 73 250 16 207 211 85 127 194 64 135 35  0
4098 0 204 176 189 114 169 237 21 159 187 127 165 24 158 247 72 59 133 83 253 16 51 71 250 113 219 219 85 127 192 80 135 115  0
4098 0 92 48 189 116 168 108 17 155 170 191 166 57 158 183 65 26 135 87 237 16 26 71 251 0 217 243 117 127 192 96 135 115  0
4098 0 220 180 189 114 170 233 17 138 186 191 165 185 223 247 74 27 167 87 237 16 50 77 170 50 219 195 117 127 192 65 135 115  0
4177 1 92 48 191 112 171 108 17 72 171 31 165 24 158 215 72 59 167 149 237 16 26 71 186 64 219 241 81 127 194 65 7 115  2.05964
4177 1 72 176 190 112 171 236 49 19 171 29 167 57 158 151 74 26 167 23 237 16 18 73 178 65 219 243 112 123 192 0 135 115  1.63092
4177 1 68 48 187 112 235 237 49 73 171 189 165 57 30 215 78 26 167 29 237 16 18 71 186 80 219 145 17 127 192 1 135 243  2.14986
4177 1 92 178 158 112 171 232 17 75 171 159 173 185 14 247 74 26 167 215 237 16 26 67 138 64 219 243 85 127 192 64 167 83  1.98777
4177 1 216 176 158 112 171 236 49 71 171 63 166 57 142 151 64 27 167 151 237 16 18 79 146 64 219 243 80 127 192 64 135 51  2.20274
4177 1 94 176 191 184 171 228 25 75 171 95 133 57 156 223 74 91 167 151 253 145 18 71 186 81 219 243 91 255 128 64 167 115  2.38325
4177 1 92 176 190 112 11 232 17 72 171 23 165 57 78 215 74 26 167 149 237 16 2 71 186 81 219 243 81 127 226 5 7 115  2.39415
4177 1 216 176 190 112 171 237 17 75 171 31 165 57 158 215 74 27 167 147 237 16 50 79 186 81 219 211 81 127 192 0 135 115  2.11403
4178 1 76 177 185 98 185 205 23 157 171 253 173 41 222 247 74 18 135 87 237 80 18 75 250 49 251 213 37 127 194 2 135 115  1.51413
4178 1 102 177 189 114 169 77 149 173 138 253 173 9 214 253 72 50 141 87 249 17 26 107 251 49 235 215 93 127 208 66 135 115  2.94219
4178 1 108 177 185 114 169 125 21 159 171 255 172 40 222 247 75 58 133 87 236 16 19 75 250 32 251 215 85 127 194 114 135 115  1.74012
4178 1 76 177 189 114 169 108 21 159 171 191 175 56 222 247 72 26 135 87 237 16 18 73 251 49 235 247 117 127 194 114 135 115  1.54764
4178 1 76 176 189 115 169 109 21 141 170 251 173 24 222 117 72 58 129 87 236 16 19 97 251 17 205 215 85 127 192 114 135 115  1.9896
4178 1 76 241 181 96 169 77 17 157 171 249 164 8 158 215 72 54 133 87 252 80 19 75 251 17 235 217 21 126 194 18 135 123  2.22794
4178 1 72 249 189 117 169 93 21 191 235 253 164 44 222 53 66 50 135 87 236 80 211 104 251 49 239 211 117 127 194 48 135 123  2.41073
4178 1 76 177 145 98 169 77 19 153 171 185 169 104 222 247 72 182 149 87 236 16 19 67 219 17 153 212 5 126 202 98 135 51  2.12026
4179 1 110 176 252 112 233 125 89 155 187 255 181 61 158 255 78 58 135 215 253 16 158 103 250 80 219 219 117 255 194 196 198 115  1.90046
4179 1 78 176 188 50 169 253 17 143 171 255 165 57 142 255 78 27 135 87 253 17 22 79 250 112 219 211 93 255 194 68 143 83  1.72317
4179 1 102 178 172 50 168 109 145 139 170 255 181 189 206 252 78 27 135 87 253 21 150 71 234 0 219 83 125 255 192 100 135 83  2.30259
4179 1 230 178 245 80 233 109 17 219 187 255 181 185 78 253 78 31 135 215 237 16 178 103 234 80 95 82 85 255 194 100 134 247  2.48591
4179 1 206 178 188 50 171 121 17 152 187 255 165 185 206 255 75 27 135 87 237 19 54 71 234 50 219 211 117 255 194 117 143 83  2.22794
4179 1 218 178 188 48 169 109 16 143 187 191 165 57 142 191 74 27 135 151 237 17 62 79 202 18 219 211 125 255 192 68 143 83  2.12444
4179 1 202 182 188 115 169 109 29 191 187 127 181 61 222 127 74 27 135 23 253 17 178 77 251 81 207 211 125 255 194 68 135 115  2.33304
4179 1 232 178 252 112 232 89 17 159 171 255 180 189 142 157 206 27 135 87 237 16 150 110 235 17 206 219 117 255 194 132 207 83  2.41352
4180 1 64 178 157 176 168 236 17 159 170 127 130 125 158 183 72 90 135 23 109 16 19 73 219 17 201 247 127 254 136 64 135 115  1.81554
4180 1 68 176 157 115 168 237 17 159 170 59 161 124 150 247 72 26 135 23 108 16 19 77 219 17 205 147 117 126 200 64 135 51  1.58719
4180 1 96 176 157 49 168 109 17 159 186 191 160 61 150 53 72 27 133 87 109 16 50 108 219 16 205 147 117 126 192 64 135 115  1.70512
4180 1 66 176 181 17 169 109 17 15 170 253 161 29 150 182 76 26 133 23 121 17 19 73 251 80 141 18 93 126 192 64 135 115  2.54466
4180 1 69 176 157 48 168 45 16 139 170 251 161 125 150 246 72 26 135 87 108 21 23 71 218 80 156 146 125 126 200 64 131 83  2.35651
4180 1 64 176 157 113 169 109 81 31 170 123 163 24 150 183 72 59 129 23 108 16 27 77 211 17 201 243 113 126 200 64 135 51  2.20955
4180 1 64 176 149 49 169 109 49 31 171 251 160 125 158 183 64 27 135 23 108 16 19 77 211 80 141 146 85 126 200 64 131 59  2.25618
4180 1 64 176 189 49 168 237 17 27 170 127 37 57 150 151 74 27 133 23 109 16 18 77 251 17 205 147 113 126 192 0 135 115  1.82635
4181 1 76 176 145 97 169 109 17 27 43 185 45 56 158 247 72 154 135 31 236 16 18 64 203 16 207 213 53 127 194 64 135 35  1.89379
4181 1 68 176 151 112 169 108 49 131 171 191 171 24 158 247 72 26 131 87 232 16 18 73 154 64 221 246 85 127 192 64 135 35  1.73585
4181 1 76 176 188 112 169 237 17 143 171 191 173 57 142 183 72 26 131 23 236 16 18 73 250 16 207 215 85 127 194 64 135 99  1.27654
4181 1 76 176 189 113 169 109 17 139 235 191 165 24 158 247 72 59 129 87 236 16 18 101 251 16 207 211 85 127 192 64 135 35  1.06421
4181 1 108 184 149 114 169 237 17 138 171 187 161 56 158 247 73 26 129 87 236 16 18 71 218 48 217 211 85 127 194 65 7 35  1.49499
4181 1 108 176 177 80 233 109 17 139 171 191 36 56 142 183 76 30 135 95 224 16 18 106 250 80 95 208 85 127 194 64 135 243  1.91902
4181 1 108 176 189 113 169 105 81 155 43 191 47 56 222 55 72 26 131 86 236 16 18 104 235 0 207 215 117 119 194 192 198 35  1.76609
4181 1 72 176 189 112 171 124 49 23 235 191 38 56 158 183 64 58 167 87 236 16 18 105 178 64 207 219 85 127 194 64 135 35  1.91054
4182 1 200 180 189 122 169 237 21 159 187 31 164 24 190 247 72 59 133 19 253 16 50 79 250 49 219 211 116 127 192 64 135 123  1.66205
4182 1 236 180 189 114 169 109 81 155 187 251 165 24 222 247 72 59 133 215 125 16 59 71 250 18 219 219 85 126 192 65 134 115  1.81554
4182 1 236 240 189 112 41 253 81 158 251 127 165 24 158 215 74 59 133 16 236 24 35 102 250 17 199 219 81 127 194 81 70 115  2.83873
4182 1 228 180 189 82 233 237 145 223 187 127 165 24 30 253 76 59 141 27 247 16 51 103 250 83 95 219 85 127 192 64 198 243  2.43326
4182 1 198 176 189 114 137 109 21 143 187 247 165 25 158 255 74 59 133 87 249 17 51 79 250 113 219 147 93 127 192 80 135 114  2.30259
4182 1 200 180 21 80 233 221 21 191 187 123 164 24 222 247 72 191 133 87 252 32 115 79 250 83 191 219 85 126 66 80 135 51  2.81759
4182 1 204 176 189 114 169 237 21 159 187 127 165 24 158 247 72 59 133 87 253 16 51 77 250 115 203 219 85 127 194 80 135 115  1.81247
4182 1 196 240 189 114 169 237 17 204 171 123 161 24 158 215 73 59 133 83 249 18 3 71 250 113 217 209 85 127 192 81 135 115  2.05573
4183 1 84 50 156 52 168 108 17 138 170 191 160 57 158 247 65 26 135 85 237 16 10 71 202 0 217 243 117 63 192 113 7 19  1.88059
4183 1 92 56 181 116 169 108 17 154 171 191 166 57 142 183 65 158 135 85 237 16 0 71 179 64 219 243 85 63 194 117 7 115  2.10784
4183 1 124 48 189 112 168 108 85 159 171 191 164 57 158 183 65 26 135 215 237 16 26 67 251 0 219 211 117 127 192 112 134 115  1.8531
4183 1 92 179 157 36 170 104 17 155 170 189 171 185 223 247 72 26 135 215 237 16 26 67 203 0 217 247 117 255 128 98 135 115  2.16065
4183 1 92 176 157 112 168 108 81 155 162 191 167 24 215 183 72 91 133 215 109 16 26 69 251 0 217 227 117 124 128 97 135 115  1.58231
4183 1 84 176 189 52 168 108 17 139 170 255 162 57 158 183 67 26 135 87 237 16 26 77 251 0 217 243 125 127 192 96 135 115  2.16065
4183 1 76 48 189 112 40 109 17 26 170 191 164 57 159 151 65 26 133 21 237 16 10 71 243 0 217 211 113 63 192 97 7 115  2.2877
4183 1 92 48 191 116 170 108 49 23 170 191 170 57 158 183 64 26 167 87 237 16 16 73 147 0 217 247 117 127 192 96 135 115  1.90213
4184 1 220 180 189 114 170 233 17 155 186 191 165 57 223 247 72 27 167 215 237 16 58 79 170 50 219 195 117 125 224 65 135 99  1.75014
4184 1 204 182 188 115 170 233 49 155 186 63 39 185 223 247 74 27 167 87 237 16 50 77 171 51 207 211 117 119 192 193 135 115  2.19823
4184 1 220 180 189 114 171 105 17 136 186 191 165 57 222 247 72 26 183 87 236 18 50 69 171 51 219 199 117 127 192 65 135 115  2.48891
4184 1 220 188 191 178 170 224 25 143 186 159 135 177 221 247 74 91 167 87 253 145 50 77 171 115 217 227 127 255 128 65 167 115  2.47694
4184 1 220 62 156 112 170 233 17 146 186 191 164 185 159 247 67 27 167 119 237 16 50 69 138 34 219 195 117 255 224 113 7 83  2.39142
4184 1 92 182 156 50 170 233 17 139 186 191 169 185 207 247 74 26 167 87 237 16 18 75 138 50 217 199 125 127 192 65 135 83  2.15632
4184 1 214 176 189 50 139 105 17 138 186 247 165 185 206 247 75 27 167 87 237 16 50 69 186 98 217 211 93 127 192 113 135 115  2.82599
4184 1 228 182 188 114 170 233 17 142 186 191 164 185 198 245 74 27 135 87 237 16 50 111 234 51 203 147 117 127 192 65 135 115  2.51022
4099 0 124 180 188 114 169 125 84 143 235 191 173 25 206 248 78 154 129 215 236 16 30 99 218 0 155 223 85 127 194 116 206 6  0
4099 0 100 160 148 48 137 61 80 11 251 179 161 24 142 178 76 155 129 135 232 16 62 111 219 16 155 210 85 127 192 64 202 6  0
4099 0 230 164 172 50 205 253 208 207 251 183 165 25 130 232 94 27 137 194 233 21 62 111 218 19 91 91 85 127 193 76 222 198  0
4099 0 232 172 148 50 137 253 84 143 251 183 160 25 174 248 78 155 129 199 232 16 62 111 218 51 155 211 85 127 194 84 206 14  0
4099 0 214 160 148 50 137 121 16 203 187 183 161 25 206 238 78 155 129 215 233 17 62 71 202 80 155 210 93 127 192 101 143 70  0
4099 0 108 32 180 80 201 125 80 75 235 183 164 24 10 176 70 191 129 134 232 16 30 111 242 64 27 219 85 127 194 68 206 6  0
4099 0 103 176 132 16 137 61 16 139 235 251 169 29 202 232 78 158 129 199 232 21 158 99 219 16 155 86 85 127 200 100 202 86  0
4099 0 100 160 156 50 137 109 80 138 251 183 161 25 198 249 74 26 129 214 232 16 30 103 218 16 219 211 85 127 192 65 206 2  0
4249 1 108 183 144 96 169 121 86 143 107 191 172 40 206 240 78 158 145 86 236 16 30 99 203 18 175 215 21 127 194 114 206 7  2.71432
4249 1 108 180 188 113 169 125 80 139 251 191 173 24 206 120 78 186 129 86 236 16 30 96 251 16 207 223 85 127 194 101 206 6  2.08144
4249 1 126 38 244 52 169 57 84 143 171 191 173 57 74 232 79 154 131 199 237 17 28 99 202 0 154 223 85 63 195 116 206 71  2.67728
4249 1 109 180 188 82 169 125 84 143 251 251 173 24 206 248 78 190 129 214 236 16 191 103 250 2 155 223 85 127 202 116 202 7  2.37785
4249 1 124 180 248 82 201 125 84 207 251 183 173 24 74 248 78 186 153 223 228 16 62 99 250 2 59 223 85 127 195 116 206 134  2.65926
4249 1 124 160 148 114 137 125 84 139 235 183 173 25 206 240 78 158 129 214 236 16 30 99 219 0 155 215 85 127 194 118 206 6  1.95546
4249 1 116 176 188 114 169 125 84 143 235 191 173 25 206 248 78 26 129 215 236 16 30 99 218 0 219 219 85 127 192 100 206 7  1.92586
4249 1 124 180 144 50 169 125 86 201 187 191 169 25 206 252 78 154 145 215 236 18 30 99 218 51 187 215 85 127 194 119 142 7  2.65214
4250 1 68 160 148 16 137 61 16 11 251 179 161 24 142 178 76 159 129 23 232 16 54 111 219 80 143 210 85 127 192 64 139 6  1.56423
4250 1 228 48 148 48 41 61 16 10 235 187 160 88 142 146 69 155 129 5 236 16 46 103 218 16 152 210 81 127 200 65 11 7  2.19598
4250 1 100 160 148 112 137 189 80 11 235 177 161 24 142 240 76 154 129 134 232 16 30 107 219 17 155 211 85 127 192 64 202 6  1.74012
4250 1 244 160 148 48 137 45 80 79 187 179 161 25 6 162 76 155 137 135 232 16 62 111 219 16 153 210 85 127 192 64 202 6  1.95017
4250 1 93 160 150 48 137 188 80 11 251 179 163 24 206 242 72 191 161 199 232 16 63 69 155 64 155 242 85 127 202 68 139 6  2.33562
4250 1 224 32 148 16 9 173 64 11 235 51 161 24 134 128 76 155 129 132 104 16 30 103 210 16 145 144 81 127 192 0 74 6  2.41631
4250 1 248 162 148 48 169 57 80 11 187 179 163 25 143 162 66 155 129 135 236 16 62 111 195 16 154 211 85 127 192 68 202 6  2.01929
4250 1 229 164 149 80 169 125 64 139 251 187 161 24 198 50 76 191 129 198 108 16 63 111 219 18 155 218 85 126 200 64 202 6  1.97148
4251 1 118 164 172 50 205 121 212 207 243 183 161 25 66 232 94 27 137 199 233 17 62 111 218 51 219 87 85 127 193 92 222 198  2.08546
4251 1 166 164 172 186 141 253 208 207 159 183 129 27 194 232 94 11 201 131 235 17 62 111 219 147 155 83 221 127 209 76 222 198  2.29511
4251 1 100 164 172 18 205 125 212 207 123 247 165 25 66 232 94 26 153 206 224 21 190 98 250 18 95 95 85 127 195 76 222 198  2.40517
4251 1 230 162 172 48 233 189 208 75 251 191 181 29 138 232 94 27 137 131 235 21 190 103 202 81 94 91 85 127 193 68 202 198  2.47694
4251 1 226 160 172 48 141 221 212 239 251 247 160 25 130 232 94 27 137 198 232 21 126 111 218 17 155 83 85 127 193 12 222 206  2.38325
4251 1 228 164 188 50 205 253 208 203 251 55 165 25 130 248 78 27 137 10 232 17 62 111 218 19 95 211 85 127 208 72 222 198  2.21412
4251 1 102 160 172 18 201 249 208 200 235 181 161 25 130 204 94 26 137 200 232 17 30 103 250 16 31 16 85 127 193 13 222 198  2.81759
4251 1 238 164 236 18 205 253 208 207 251 247 165 25 10 236 94 27 137 198 237 21 190 111 254 179 91 91 85 127 195 76 222 70  2.36446
4252 1 252 172 148 48 137 253 84 207 251 183 160 25 142 248 71 155 137 215 232 16 62 111 218 50 155 211 85 127 194 84 206 14  1.66733
4252 1 232 160 148 50 137 253 20 143 251 55 160 25 174 248 78 155 129 67 232 16 54 111 218 49 143 211 85 127 194 84 207 14  1.7487
4252 1 242 236 148 58 137 253 84 239 187 183 160 25 238 248 78 155 137 227 232 17 126 111 218 179 187 210 85 127 210 92 206 14  2.09354
4252 1 232 164 148 122 141 253 84 175 223 23 164 25 234 248 78 159 201 82 234 16 62 111 91 183 139 211 85 127 210 92 222 14  2.7219
4252 1 248 225 20 50 137 157 84 173 251 53 160 25 238 232 78 147 129 199 236 66 126 111 218 53 187 211 85 127 66 20 206 14  2.41352
4252 1 227 236 148 82 137 157 84 175 251 187 160 24 174 240 78 191 129 199 236 16 127 111 218 115 187 218 85 127 202 84 202 14  2.5164
4252 1 120 172 148 54 137 249 84 143 251 183 160 25 238 232 78 159 129 199 232 16 62 111 202 51 155 215 85 123 194 68 206 14  1.8279
4252 1 236 164 180 83 137 125 84 143 251 247 164 25 202 120 78 191 129 70 232 16 62 111 251 51 139 219 85 127 194 84 206 78  2.24904
4253 1 246 34 148 48 169 121 16 74 171 183 161 185 142 206 78 155 131 149 237 17 30 71 202 80 154 210 89 127 192 69 15 71  1.90886
4253 1 246 160 148 186 137 253 144 202 159 55 161 25 142 252 78 159 137 211 235 17 62 103 218 241 153 82 95 127 208 77 143 70  2.32534
4253 1 86 160 132 186 137 49 152 203 191 183 129 153 204 234 78 219 201 199 233 145 62 71 203 209 152 82 223 127 144 101 171 6  2.39142
4253 1 118 164 134 48 139 123 16 203 179 183 169 153 78 238 78 155 185 215 233 177 62 67 138 82 155 215 93 127 225 100 174 70  2.49496
4253 1 86 32 150 52 139 120 16 3 171 183 163 25 78 238 71 155 163 247 232 16 28 71 138 64 155 242 85 63 192 100 143 70  2.22794
4253 1 246 176 172 48 139 125 16 202 187 247 161 153 78 254 79 27 165 213 237 17 62 71 154 80 155 211 93 127 192 101 15 86  2.17816
4253 1 214 160 148 50 137 121 16 203 187 183 161 25 206 234 78 155 129 215 232 17 62 71 202 80 153 210 93 127 192 101 143 6  1.53945
4253 1 222 164 180 50 137 125 20 139 187 247 165 25 206 254 78 159 129 215 233 19 62 71 250 114 155 83 93 127 194 117 143 70  1.9951
4254 1 111 160 180 80 201 253 80 143 235 243 164 24 10 184 86 191 137 134 232 24 158 107 250 80 31 91 85 127 194 68 202 6  2.16937
4254 1 108 32 144 80 201 125 80 202 235 183 164 24 10 208 71 190 129 220 224 16 22 103 250 16 31 219 85 127 194 69 78 134  1.9805
4254 1 104 32 150 84 201 120 80 3 235 183 166 24 10 176 70 159 129 230 232 16 28 107 194 0 27 243 85 59 194 100 206 6  2.12026
4254 1 108 160 244 80 201 125 81 11 251 183 165 24 74 180 78 191 129 214 232 16 62 103 251 0 31 219 85 127 194 100 198 102  2.00992
4254 1 104 160 180 80 201 253 80 75 235 183 164 24 10 176 70 191 129 150 232 16 30 111 242 80 27 219 81 127 194 68 206 6  2.00805
4254 1 126 34 214 80 201 57 80 75 235 181 164 25 10 168 70 158 169 132 236 16 30 99 198 64 26 88 85 127 195 100 206 6  2.61047
4254 1 105 48 180 81 41 125 80 10 235 251 166 24 138 16 70 191 129 4 236 24 31 108 243 0 143 219 81 119 194 4 74 6  2.62417
4254 1 121 32 150 84 9 252 80 67 233 23 167 24 10 178 6 191 161 166 232 0 28 103 178 64 19 251 80 27 195 68 206 6  2.89589
4255 1 103 176 132 16 201 61 148 139 235 243 160 29 130 232 79 158 137 71 232 21 151 99 218 80 28 18 85 127 200 116 202 150  2.34081
4255 1 101 180 132 1 153 63 80 139 123 253 169 29 194 96 78 158 145 198 232 52 30 99 219 18 138 86 5 127 202 100 202 86  2.57046
4255 1 103 176 132 20 137 124 80 139 171 243 169 29 202 226 78 158 129 199 232 20 31 67 219 64 155 118 85 127 202 100 202 86  2.07944
4255 1 103 160 164 17 141 61 192 139 235 255 169 29 194 232 94 158 137 198 232 21 158 99 219 16 143 94 85 127 202 108 218 70  2.16065
4255 1 119 181 132 48 153 45 148 175 187 251 169 29 198 248 94 26 137 71 121 21 62 107 219 18 185 22 93 127 200 100 155 86  2.78062
4255 1 103 179 148 18 169 29 16 137 235 249 161 93 206 232 78 158 133 199 236 21 158 99 219 17 154 82 85 127 200 6 138 23  2.23259
4255 1 119 180 172 48 137 61 208 139 251 251 169 29 74 232 94 154 157 199 237 21 190 99 222 18 155 95 85 127 201 101 202 86  2.47397
4255 1 103 176 148 16 169 61 16 138 235 251 169 93 142 248 79 158 129 71 232 21 151 99 219 16 141 86 85 127 200 69 11 87  2.36712
4256 1 100 160 156 114 137 109 80 139 251 183 161 24 198 241 72 26 129 214 232 16 26 103 218 16 219 215 85 127 192 97 198 2  1.5559
4256 1 100 162 152 50 232 41 80 200 123 191 161 57 198 232 74 26 145 207 228 16 30 98 202 16 222 215 85 127 192 67 206 131  2.72953
4256 1 228 164 156 51 169 109 80 139 250 191 165 25 198 121 74 27 129 70 104 16 62 102 219 18 207 211 85 127 192 73 206 2  1.92415
4256 1 100 160 156 50 137 173 80 136 235 181 161 25 198 192 74 26 129 196 232 16 30 99 218 16 155 209 1 127 192 3 74 2  2.3618
4256 1 100 160 156 51 137 105 16 138 234 183 161 25 198 240 74 26 129 70 232 16 22 99 203 16 141 146 85 127 192 97 207 2  2.32279
4256 1 244 160 156 48 137 109 80 202 187 183 161 25 134 249 74 27 129 215 232 16 62 103 218 16 219 211 85 127 192 65 206 2  1.72597
4256 1 100 160 156 48 137 109 80 138 235 183 161 25 134 249 75 26 137 198 104 16 30 99 219 16 219 211 85 127 192 73 206 2  2.10169
4256 1 100 52 156 48 137 109 16 138 187 255 161 25 198 252 75 26 129 215 232 16 62 103 218 2 219 215 85 127 192 113 14 82  2.59696
4100 0 124 161 24 98 152 205 83 201 162 53 169 9 23 215 72 16 145 159 77 16 26 75 218 21 249 197 37 125 224 2 134 34  0
4100 0 120 176 57 112 200 237 81 91 163 61 165 25 23 215 72 24 129 154 77 16 26 107 250 17 219 193 49 125 224 0 198 98  0
4100 0 124 164 216 96 146 107 81 91 51 53 173 25 23 183 74 24 51 159 197 16 26 90 201 18 219 197 53 117 224 192 134 66  0
4100 0 124 160 152 48 152 237 81 139 162 181 173 25 151 247 74 26 129 151 109 16 26 75 218 16 219 197 53 125 224 64 134 2  0
4100 0 84 176 153 112 136 108 81 155 162 185 169 24 151 247 72 26 129 215 108 16 26 75 218 0 217 165 53 124 224 64 134 34  0
4100 0 120 177 152 112 152 205 81 159 162 53 172 25 151 151 72 18 129 151 109 16 26 75 218 17 217 193 53 125 224 0 134 42  0
4100 0 88 176 152 96 57 237 81 27 163 61 165 24 159 151 72 24 129 157 236 16 26 71 210 17 219 245 49 125 226 128 6 35  0
4100 0 116 176 152 120 232 233 81 219 179 61 165 57 23 215 72 24 131 155 109 16 26 75 202 17 219 197 49 125 224 64 134 3  0
4321 1 120 165 24 104 152 201 83 237 34 37 172 9 23 215 74 16 153 155 205 48 90 11 218 23 251 197 37 125 112 2 134 2  2.00992
4321 1 120 161 25 96 24 205 81 73 163 37 169 9 23 215 72 16 144 157 77 16 26 11 218 21 217 197 1 125 224 2 134 34  1.89213
4321 1 124 177 185 98 153 205 83 205 163 181 173 9 87 247 72 18 145 222 237 80 26 75 218 49 251 197 5 125 224 2 134 34  1.90886
4321 1 92 181 24 98 155 205 83 249 51 61 173 25 95 215 72 16 181 159 205 48 26 75 152 23 251 197 37 127 224 2 134 51  2.10373
4321 1 124 161 25 98 217 205 83 205 162 53 169 8 23 215 72 16 145 155 73 16 26 75 218 53 249 197 5 125 224 2 134 162  1.99878
4321 1 84 161 152 34 152 201 83 137 162 181 169 9 215 227 72 18 145 223 109 16 26 75 202 21 249 197 37 125 224 2 134 2  2.00805
4321 1 116 177 57 34 152 205 83 200 162 61 169 9 215 215 72 16 145 149 77 112 26 67 218 21 217 197 37 124 192 3 134 114  2.43612
4321 1 124 179 24 34 184 205 83 217 162 61 169 41 151 215 72 16 149 155 77 80 26 11 202 21 249 197 37 125 224 2 134 3  2.06554
4322 1 184 161 120 120 202 233 81 95 163 21 164 153 19 135 74 25 43 154 197 16 26 75 226 17 91 193 48 125 227 128 198 242  2.7766
4322 1 112 160 185 112 201 237 81 75 162 53 165 25 22 221 72 26 137 154 65 16 26 107 250 17 219 129 17 125 192 8 198 226  2.09151
4322 1 124 176 185 112 217 237 81 219 51 61 165 25 23 215 72 24 129 154 197 16 26 111 250 19 219 197 49 125 224 0 198 242  2.15201
4322 1 120 176 120 96 104 237 81 91 35 61 164 25 23 151 64 24 137 152 69 16 26 107 242 16 219 201 49 125 224 128 70 243  2.15848
4322 1 248 180 61 120 136 237 81 219 178 63 165 24 23 215 72 25 129 154 77 16 58 111 250 23 219 195 113 125 240 0 198 98  2.16282
4322 1 120 176 57 120 88 237 81 83 163 29 164 25 55 151 64 24 129 187 77 16 26 43 242 17 219 193 48 121 224 0 198 98  1.87732
4322 1 124 160 189 114 136 237 81 91 163 61 165 25 23 215 72 27 129 146 109 16 26 75 250 17 219 193 113 125 224 128 198 98  1.88717
4322 1 120 176 185 112 137 237 81 27 227 61 165 24 151 215 72 58 129 150 108 24 26 107 250 17 219 217 17 125 192 0 198 34  2.00063
4323 1 124 180 248 97 144 111 81 91 51 183 173 25 23 55 74 24 145 158 69 16 58 90 217 18 219 199 53 117 224 192 198 66  2.5164
4323 1 124 36 216 96 211 105 81 91 51 165 173 25 15 247 72 24 51 158 197 16 26 82 216 18 219 197 21 125 226 195 134 162  2.37785
4323 1 56 166 232 32 210 107 81 75 50 37 237 185 7 175 74 16 59 159 197 145 30 90 200 19 218 197 53 253 225 192 142 194  2.8691
4323 1 124 178 216 96 242 107 81 91 51 189 173 185 31 23 74 24 55 157 197 48 26 82 201 18 219 197 37 117 224 192 134 211  2.65214
4323 1 120 164 92 96 154 107 81 191 51 55 175 25 87 55 8 17 51 150 237 48 58 75 201 23 219 231 53 117 224 192 134 34  2.92807
4323 1 88 164 250 96 146 106 81 79 51 181 174 185 31 183 74 16 51 159 237 16 26 219 161 2 219 197 53 117 224 192 134 98  2.7219
4323 1 120 32 152 33 144 107 81 27 34 53 175 25 23 3 74 24 17 158 77 16 26 90 193 0 219 197 48 117 224 192 142 2  2.92341
4323 1 124 167 216 96 186 105 83 159 51 45 172 185 7 167 74 16 23 158 237 16 26 90 201 19 251 197 53 125 226 194 142 67  2.8691
4324 1 124 160 184 114 153 237 81 202 163 181 173 25 23 247 74 26 129 222 237 16 26 99 218 48 219 197 21 125 224 67 198 98  1.8708
4324 1 84 160 136 176 152 173 80 139 162 53 136 29 151 195 74 26 129 143 109 21 30 75 219 17 216 197 61 125 168 64 138 66  2.59696
4324 1 124 164 156 114 136 237 81 139 162 183 173 25 151 247 74 26 129 215 109 16 26 75 218 16 219 199 117 125 224 64 134 34  1.5559
4324 1 124 160 152 48 152 233 80 139 162 181 173 25 135 227 74 26 129 151 237 16 30 75 202 16 219 197 53 125 224 64 142 2  1.82635
4324 1 100 164 168 48 216 109 81 139 50 191 169 29 151 239 74 26 145 207 109 21 26 66 218 18 221 199 53 125 192 64 134 82  2.95172
4324 1 116 160 152 48 152 237 81 11 162 181 169 25 151 243 72 26 129 151 105 16 26 75 218 16 217 197 21 125 192 64 134 2  1.7065
4324 1 124 32 152 48 136 237 81 75 162 181 172 25 23 151 66 26 129 151 109 16 26 75 210 0 219 197 53 125 224 64 6 66  2.14986
4324 1 92 161 152 178 152 236 81 139 162 181 143 25 215 247 74 90 129 215 109 16 26 75 219 17 219 229 61 125 160 66 134 66  2.19373
4325 1 116 160 153 112 136 109 81 139 162 187 161 24 150 243 72 26 129 150 104 16 26 71 218 16 217 133 21 124 192 64 134 34  2.06554
4325 1 84 176 153 112 184 236 81 159 162 185 168 24 151 243 72 26 129 223 108 16 26 75 218 3 217 165 53 124 224 64 134 35  1.72317
4325 1 84 176 159 114 136 236 81 139 162 17 163 24 151 215 72 90 161 151 108 16 26 75 154 17 217 161 113 124 160 0 135 34  2.34863
4325 1 92 177 153 96 152 108 81 155 162 185 175 24 215 247 72 114 129 214 108 24 27 75 219 0 217 229 53 124 160 66 134 34  1.97508
4325 1 84 177 155 96 154 108 17 139 170 177 169 24 22 247 72 26 161 223 105 16 26 75 154 0 217 164 21 126 192 66 135 34  2.65569
4325 1 84 176 153 112 136 108 81 155 162 189 169 24 151 247 72 26 129 215 109 16 26 75 218 0 217 229 117 124 224 64 134 34  1.76755
4325 1 84 48 153 112 136 108 81 26 162 187 163 24 151 183 65 26 129 212 108 16 26 67 211 0 217 161 113 124 224 97 6 34  2.40517
4325 1 84 160 157 113 136 108 65 155 34 179 171 24 215 55 72 90 1 214 108 24 26 73 219 0 201 167 117 116 160 64 134 34  2.28524
4326 1 120 177 185 96 152 205 81 159 162 189 172 9 151 151 72 18 129 214 109 16 26 75 250 17 251 193 53 125 224 0 134 106  1.66998
4326 1 120 189 152 112 152 205 85 191 163 61 172 25 55 247 72 18 129 215 109 16 90 75 218 55 251 197 53 125 224 128 134 43  2.01178
4326 1 240 176 156 112 136 205 81 159 162 61 164 25 151 151 72 27 129 151 109 16 58 79 218 17 217 193 117 125 224 0 134 42  1.67932
4326 1 88 179 152 176 184 205 17 159 162 61 140 157 183 215 74 82 135 159 109 16 26 75 218 17 217 229 61 125 160 0 135 91  2.3279
4326 1 112 168 152 112 152 201 81 79 162 53 172 25 55 151 64 18 129 159 109 16 26 75 194 17 217 197 53 121 224 0 134 42  1.86433
4326 1 120 179 152 32 184 13 80 157 34 185 168 77 151 147 72 18 133 149 108 80 90 75 219 17 217 193 37 124 72 0 130 11  2.94694
4326 1 88 177 153 120 152 205 81 143 162 53 172 24 151 215 72 18 129 147 109 16 26 75 218 17 217 193 53 125 192 0 135 42  1.86111
4326 1 120 177 152 112 136 205 81 159 162 53 164 25 151 147 72 26 129 151 109 16 26 75 210 17 219 193 53 125 224 0 134 42  2.07346
4327 1 120 48 24 96 41 237 81 88 163 61 165 24 31 151 72 26 128 149 236 16 10 71 210 17 211 241 48 125 98 128 6 35  2.26096
4327 1 92 48 154 96 27 236 81 89 163 189 165 24 31 215 72 26 177 157 236 16 26 67 146 0 219 197 1 127 226 0 6 35  2.81341
4327 1 88 160 152 120 25 236 81 27 163 61 167 24 159 151 72 88 129 156 236 16 26 79 211 17 219 229 48 125 162 128 134 34  2.19598
4327 1 92 176 152 96 56 237 81 24 51 61 165 24 151 147 72 24 145 156 108 16 26 71 219 19 219 213 49 125 224 129 6 35  2.33047
4327 1 88 178 25 184 56 237 81 26 183 125 162 125 151 215 72 88 135 159 108 16 27 79 211 23 217 245 49 124 160 128 7 115  3.1881
4327 1 88 176 154 112 57 236 81 19 163 29 173 24 30 215 72 16 129 159 236 16 26 75 146 19 219 245 16 123 194 0 134 35  2.78466
4327 1 120 50 152 96 56 233 81 26 35 173 172 169 15 151 66 16 150 157 237 16 10 67 194 16 219 245 33 127 226 128 6 115  2.79279
4327 1 120 176 152 96 57 237 81 26 163 61 172 24 159 151 72 26 129 156 236 16 26 67 218 17 219 213 49 125 226 128 6 35  2.38869
4328 1 252 178 94 122 234 233 81 217 179 31 165 57 31 215 74 25 183 153 237 16 58 71 138 17 219 195 113 253 224 128 166 83  2.82599
4328 1 124 188 186 122 186 233 81 219 179 29 172 57 31 247 72 24 163 155 237 16 26 75 138 51 219 197 53 125 224 193 134 35  2.09151
4328 1 240 163 24 58 184 201 81 91 179 29 165 185 55 199 74 16 131 187 205 16 58 75 202 53 219 225 48 121 32 128 134 67  2.97104
4328 1 116 176 152 122 168 233 81 219 179 63 165 57 23 215 72 26 129 155 109 16 26 79 202 17 219 195 113 125 224 64 134 35  1.71897
4328 1 84 178 152 186 186 233 17 203 178 61 161 185 151 199 72 88 135 155 109 16 26 75 202 17 217 197 59 253 160 0 135 19  2.42475
4328 1 100 178 216 112 232 169 80 219 51 61 165 189 7 199 74 24 151 159 228 16 30 74 202 17 218 197 53 125 224 192 142 131  2.84731
4328 1 112 176 152 120 248 233 81 91 163 61 173 57 23 151 72 24 131 155 77 16 26 11 194 17 219 197 48 125 240 0 134 3  2.06554
4328 1 116 176 152 120 232 237 81 202 186 61 169 57 22 211 72 24 153 153 69 16 26 99 202 17 217 133 49 127 192 65 6 131  2.5164
4101 0 84 160 157 54 137 108 17 139 170 179 163 24 214 243 72 27 129 87 104 16 26 73 219 0 217 178 85 126 192 96 135 34  0
4101 0 196 188 156 54 137 236 21 143 186 183 160 25 230 246 72 27 129 87 104 16 50 79 218 99 153 178 85 127 192 112 135 10  0
4101 0 208 172 156 54 136 236 85 143 178 183 162 25 247 243 72 91 129 215 108 16 58 77 219 49 217 227 117 125 160 64 135 10  0
4101 0 210 172 150 54 137 232 20 135 186 151 130 25 238 242 64 219 161 119 232 16 54 77 155 99 153 242 95 91 128 64 175 10  0
4101 0 192 180 158 112 137 236 49 7 186 23 162 24 158 179 72 27 161 23 104 16 50 77 147 65 201 179 84 91 192 64 135 10  0
4101 0 224 168 156 118 137 205 20 175 186 191 160 24 166 243 64 27 129 118 232 0 122 111 218 49 217 243 85 123 192 64 134 10  0
4101 0 208 164 156 50 137 237 20 143 186 183 160 25 230 243 72 27 129 87 104 16 58 77 219 51 201 211 85 127 192 64 135 10  0
4101 0 240 172 156 62 137 237 84 239 187 55 160 25 230 251 72 27 137 211 233 0 122 79 218 55 251 211 85 127 208 80 134 10  0
4393 1 84 164 157 116 137 108 85 175 186 187 162 24 214 51 72 27 129 214 108 16 56 73 219 0 217 243 85 126 192 96 134 34  1.72738
4393 1 68 160 156 52 137 108 20 143 170 179 171 25 198 243 72 26 129 87 104 16 18 73 219 0 137 178 85 127 192 96 135 2  1.65548
4393 1 84 160 157 54 137 108 17 139 170 179 163 24 214 243 72 91 129 87 104 16 26 69 219 0 217 243 85 126 128 97 135 34  1.56303
4393 1 84 160 157 182 136 108 17 139 186 179 131 25 215 247 72 91 129 87 105 17 58 77 219 0 217 162 95 124 128 96 135 34  1.83258
4393 1 84 160 157 118 136 108 69 143 162 179 170 24 215 243 72 90 129 86 104 24 26 73 219 32 201 167 85 124 128 96 135 42  1.78827
4393 1 84 161 156 52 137 104 21 143 170 181 171 25 198 243 72 26 129 215 104 16 26 75 219 0 217 178 85 127 192 96 135 2  1.69827
4393 1 84 160 157 50 136 237 17 139 170 179 161 24 214 243 72 27 129 87 104 16 26 73 219 49 217 130 85 124 192 64 135 34  1.81862
4393 1 196 176 157 114 137 108 81 11 186 51 163 24 214 243 72 91 129 22 104 16 59 69 219 17 201 178 81 126 192 64 135 34  2.05573
4394 1 196 188 157 62 137 236 21 143 186 27 160 25 246 247 72 27 129 87 104 16 51 79 218 115 153 178 85 126 192 80 135 58  1.96433
4394 1 68 172 156 54 137 44 20 143 186 183 168 25 230 226 73 26 129 71 104 16 54 75 218 99 185 182 85 63 192 112 131 10  2.03065
4394 1 192 188 156 54 137 236 21 143 186 247 162 25 238 246 66 27 129 119 232 16 54 77 250 35 217 179 85 123 192 112 135 90  1.93275
4394 1 198 172 156 186 137 237 20 143 186 183 128 25 228 246 72 27 129 83 233 17 54 79 218 115 153 18 95 127 144 112 135 10  2.17816
4394 1 68 172 156 54 137 236 21 142 186 183 160 25 230 247 73 27 129 119 104 16 50 75 218 97 205 178 85 127 192 113 135 10  2.05964
4394 1 212 44 156 52 139 104 21 207 186 183 160 25 134 247 65 27 161 87 104 16 50 79 154 98 217 130 85 63 192 112 135 10  2.38055
4394 1 196 190 156 54 168 40 20 143 186 191 162 121 230 226 72 27 135 87 236 16 50 79 202 99 152 178 117 127 192 112 135 11  2.16718
4394 1 198 172 148 86 137 236 20 175 187 183 160 24 238 242 76 31 129 87 232 16 50 79 154 115 153 178 85 127 192 112 135 14  2.20274
4395 1 208 164 156 52 136 104 85 143 178 183 162 25 215 179 64 91 129 215 108 16 56 77 195 2 217 227 117 125 160 112 135 10  1.61445
4395 1 88 172 156 118 136 104 85 143 178 183 170 24 247 243 72 90 129 215 108 16 58 73 203 35 217 231 117 125 160 112 134 42  1.44711
4395 1 208 164 156 190 136 236 81 143 182 23 131 25 247 247 72 91 129 215 109 16 58 77 219 51 217 227 127 93 160 64 135 2  1.57022
4395 1 80 170 156 180 168 168 16 143 186 191 130 93 183 163 64 91 129 71 109 16 58 77 203 49 216 227 127 125 128 64 131 10  1.97869
4395 1 216 168 156 182 138 232 21 143 162 183 130 25 231 247 74 91 129 215 237 16 58 79 219 49 217 227 93 125 160 80 135 10  1.79126
4395 1 212 174 156 50 136 168 64 143 178 183 162 25 199 227 72 91 129 199 108 16 58 77 203 51 216 163 117 125 160 64 134 2  1.81247
4395 1 208 172 157 114 136 236 81 143 178 51 162 24 183 243 72 91 129 215 108 16 58 77 219 49 217 227 117 125 128 64 135 42  1.41779
4395 1 208 172 156 55 136 236 85 135 178 183 166 25 247 247 66 27 129 119 108 16 58 77 219 33 201 227 117 121 192 64 135 74  2.04215
4396 1 208 172 158 182 137 232 20 135 190 151 130 25 238 242 66 91 161 119 233 17 54 77 155 99 217 243 95 91 128 64 175 10  1.73302
4396 1 210 156 158 190 139 224 60 175 190 23 130 17 236 247 74 91 167 87 233 144 50 77 155 115 217 243 94 91 128 64 173 10  2.20955
4396 1 202 168 148 54 137 252 20 143 187 147 130 24 238 242 72 223 129 119 232 16 54 77 155 97 137 242 95 91 130 68 143 14  2.13495
4396 1 214 172 150 190 137 228 20 239 190 147 130 17 236 242 104 203 225 119 235 145 62 79 219 243 153 242 223 91 144 112 173 14  2.35651
4396 1 218 252 150 54 139 120 20 143 187 23 162 25 238 246 74 219 161 215 232 0 46 77 155 97 145 243 94 27 128 84 175 94  2.78872
4396 1 80 172 150 54 139 232 20 167 187 151 170 25 238 242 64 219 161 247 232 16 62 73 139 99 185 246 85 91 128 112 175 10  1.94316
4396 1 210 172 150 52 137 168 20 135 186 179 130 25 174 162 64 219 129 103 232 17 62 77 195 99 152 242 95 123 128 68 139 14  2.08949
4396 1 210 168 150 52 139 232 16 135 187 183 130 185 174 166 64 91 163 247 237 16 58 77 131 98 153 242 95 123 128 64 135 10  2.31516
4397 1 192 160 156 112 137 236 81 7 186 23 162 24 150 179 72 27 129 23 104 16 58 77 211 1 201 179 80 91 192 64 135 42  1.78677
4397 1 192 180 158 48 137 237 49 7 186 183 162 24 150 179 64 27 161 55 104 16 50 77 147 0 217 147 85 123 192 64 135 10  2.04407
4397 1 194 176 158 185 137 236 57 135 190 23 130 17 156 183 72 91 165 23 105 145 50 77 147 81 205 179 94 79 128 64 167 10  2.65926
4397 1 200 188 158 115 137 236 49 135 186 23 38 24 254 243 72 27 161 87 232 16 50 77 155 99 207 243 84 83 192 64 135 42  2.12653
4397 1 192 176 159 120 137 236 49 7 190 23 162 24 190 183 64 91 161 23 104 16 50 77 147 81 217 179 82 91 128 64 135 42  2.15632
4397 1 192 164 158 116 171 232 52 135 187 31 162 56 174 179 72 27 163 87 232 16 50 77 131 97 221 178 84 91 192 64 135 11  2.60369
4397 1 208 32 158 52 139 104 49 7 186 183 162 25 142 183 66 27 163 119 232 16 48 77 147 64 217 243 84 27 192 64 135 10  2.60369
4397 1 208 166 158 49 138 168 49 7 190 23 163 25 134 163 72 91 163 23 104 16 50 77 131 83 216 162 82 87 192 64 135 2  2.58362
4398 1 224 173 156 52 137 201 20 175 186 183 160 25 166 226 64 19 129 230 232 0 122 75 203 53 185 178 85 123 64 64 142 10  2.96133
4398 1 240 168 157 118 137 205 21 175 186 183 160 24 182 243 64 27 129 119 104 0 122 111 218 49 217 147 85 123 192 64 135 42  2.39965
4398 1 232 172 156 118 137 237 85 175 187 183 164 24 230 243 72 31 129 118 232 0 122 111 218 49 203 243 85 123 194 80 198 42  2.53831
4398 1 96 169 156 54 137 205 20 175 234 191 170 8 230 241 64 26 129 118 232 0 90 105 219 49 233 243 85 59 192 112 142 10  2.8647
4398 1 224 168 156 118 137 237 80 135 186 191 160 24 166 243 64 27 129 118 104 16 58 111 218 49 217 243 85 123 192 64 134 10  2.2706
4398 1 192 248 156 54 137 204 20 167 186 191 160 25 166 247 66 27 129 119 232 0 106 79 218 49 217 243 85 59 64 80 135 10  2.46805
4398 1 200 186 156 118 169 137 20 175 186 191 160 56 174 243 64 27 129 119 236 0 114 77 203 49 206 243 117 59 192 80 143 11  2.80099
4398 1 224 160 156 116 137 77 85 175 250 187 160 24 182 179 64 27 129 86 104 0 122 111 219 17 217 211 85 127 192 64 198 42  2.84301
4399 1 212 164 156 114 137 237 21 143 186 183 161 25 214 243 72 27 129 87 104 16 58 77 219 51 201 211 85 127 192 64 135 34  1.03705
4399 1 192 164 156 51 136 173 144 143 186 183 160 25 166 168 74 27 129 71 105 17 62 109 219 49 205 147 93 127 192 64 135 10  1.92415
4399 1 64 180 156 51 169 237 20 143 186 63 168 25 230 243 72 27 129 83 232 16 50 73 219 49 201 211 85 127 192 80 135 11  1.52097
4399 1 208 174 156 51 170 169 20 175 186 183 162 185 239 227 74 27 131 87 236 16 54 77 203 55 200 195 85 119 192 64 143 11  2.23961
4399 1 212 172 156 50 137 237 20 143 186 183 160 25 230 243 74 27 129 87 232 16 62 77 219 51 201 211 85 127 192 80 143 10  1.28284
4399 1 196 166 148 49 168 41 20 143 186 187 162 121 198 227 72 27 129 87 108 16 50 77 203 19 140 210 85 127 200 64 139 3  2.29016
4399 1 212 164 156 58 137 233 16 138 190 55 161 25 230 243 72 27 129 19 104 16 58 77 203 51 201 211 81 127 208 65 135 2  1.88717
4399 1 193 180 156 50 169 141 20 175 186 59 160 93 246 242 72 27 129 71 108 16 127 77 219 51 169 211 85 126 200 64 139 27  2.68092
4400 1 240 172 188 126 137 236 84 175 179 23 166 25 98 251 14 27 129 215 233 0 62 79 219 55 251 243 84 91 192 80 206 10  2.99573
4400 1 240 172 156 58 137 237 84 239 187 55 160 25 230 251 72 27 137 211 233 16 58 111 218 51 217 211 85 127 208 80 134 10  2.12444
4400 1 240 164 172 62 137 109 85 175 146 183 160 25 226 237 74 27 137 215 233 1 126 111 219 51 251 195 85 127 209 88 214 74  2.78062
4400 1 246 172 140 190 137 224 92 239 179 151 136 25 230 251 72 27 201 247 233 131 122 79 219 179 249 243 223 127 144 112 166 10  2.82599
4400 1 240 237 28 62 137 205 20 239 187 55 160 25 230 243 74 19 129 211 232 2 126 79 218 55 249 210 85 127 80 80 142 10  2.25142
4400 1 176 204 156 186 141 237 149 239 158 55 128 25 230 253 104 75 201 83 235 1 122 111 91 183 249 211 95 127 144 88 149 10  2.92807
4400 1 248 173 156 126 137 233 84 239 179 55 160 25 110 243 72 27 129 215 233 0 122 79 202 55 251 243 85 127 194 80 134 10  2.52886
4400 1 208 236 30 122 139 233 21 239 187 23 160 25 110 247 8 27 161 211 233 2 122 79 154 119 251 243 84 123 64 80 167 42  2.89137
4102 0 120 169 60 114 153 221 84 239 235 53 172 9 42 216 78 18 137 146 232 16 94 107 250 53 251 217 21 127 66 4 206 78  0
4102 0 120 177 56 42 217 205 82 237 171 53 172 9 46 221 74 16 153 155 205 80 94 43 218 53 251 213 5 127 80 6 206 202  0
4102 0 124 177 56 96 185 221 80 201 235 61 165 9 10 221 78 16 145 152 204 16 30 99 234 17 219 221 1 127 194 6 206 71  0
4102 0 120 177 57 104 57 221 83 217 235 61 172 8 30 215 72 48 128 152 204 80 26 43 250 21 219 221 1 127 66 2 198 98  0
4102 0 124 181 248 96 217 253 82 207 99 253 172 9 10 253 78 16 153 218 196 16 30 107 250 19 123 221 5 127 195 70 206 210  0
4102 0 120 161 120 104 89 221 81 79 227 37 172 9 11 157 70 16 136 154 196 16 30 43 242 21 219 221 16 123 99 0 206 74  0
4102 0 40 176 120 80 201 253 81 75 235 61 165 24 10 157 78 60 137 154 196 16 26 107 250 17 91 217 17 127 195 4 198 230  0
4102 0 126 177 208 64 121 221 80 200 171 253 172 45 10 214 70 150 132 221 236 80 30 75 250 16 155 217 5 127 66 6 78 87  0
4465 1 122 169 120 114 153 157 86 239 235 53 172 9 42 216 94 146 137 195 204 81 94 107 218 53 187 217 5 127 67 6 206 78  2.43326
4465 1 120 249 56 112 73 221 84 239 235 60 164 9 42 220 70 18 136 242 236 64 78 107 250 53 251 217 5 123 66 4 206 78  2.10784
4465 1 248 165 60 122 157 221 84 239 235 53 172 25 34 217 78 17 137 146 200 16 126 107 218 53 251 217 21 127 82 8 206 10  2.04794
4465 1 104 161 60 114 153 221 80 175 235 53 172 9 170 216 78 18 129 18 232 16 94 107 250 53 203 209 21 127 66 4 206 78  2.19598
4465 1 122 161 108 114 201 221 84 239 235 125 164 25 42 204 94 19 137 131 237 21 222 107 250 53 91 89 85 127 67 4 206 94  2.67003
4465 1 120 173 124 82 153 221 84 239 227 53 172 8 42 252 14 181 129 146 204 16 126 107 250 53 187 219 21 127 67 4 206 78  2.54785
4465 1 107 225 44 16 153 221 212 239 235 245 172 9 170 220 94 182 137 194 232 85 222 107 250 53 59 89 21 127 67 12 222 78  2.90042
4465 1 120 169 184 98 153 221 84 175 227 189 172 8 42 249 78 50 129 214 236 16 94 107 250 53 251 221 5 127 66 2 206 10  2.2877
4466 1 114 163 120 42 250 201 86 237 171 53 188 169 15 205 78 16 159 155 205 81 94 43 202 53 251 213 5 255 113 6 142 195  2.41352
4466 1 120 249 56 58 25 205 82 236 171 44 172 9 46 221 66 16 136 187 205 64 78 43 218 61 251 213 1 123 80 6 78 74  2.09557
4466 1 120 177 24 42 27 201 82 233 163 37 173 41 111 215 74 16 144 155 204 96 94 11 218 21 251 213 1 127 98 6 142 82  2.45632
4466 1 56 161 24 42 217 221 82 237 163 61 172 9 46 217 74 144 153 154 196 80 94 43 218 53 251 213 5 127 82 14 206 138  2.01365
4466 1 58 161 18 168 25 221 82 105 143 5 169 9 14 218 42 144 216 153 203 113 94 43 90 157 187 213 11 127 80 14 174 130  2.80925
4466 1 120 241 24 34 217 157 86 253 35 125 172 13 46 199 74 16 149 139 204 84 94 11 218 53 251 213 5 127 74 6 138 90  2.76462
4466 1 120 185 56 122 217 205 83 237 171 53 172 9 46 221 78 16 137 155 193 80 90 107 250 53 251 213 5 127 80 2 198 202  1.86433
4466 1 124 165 56 42 153 205 82 233 163 53 173 9 79 221 74 16 153 155 205 49 30 43 218 23 251 213 5 127 208 6 142 66  2.16937
4467 1 116 177 56 32 25 221 80 72 235 173 173 9 130 216 78 16 152 140 204 16 30 99 218 16 219 213 1 127 192 6 78 70  2.25618
4467 1 124 163 120 96 185 217 80 137 99 61 173 41 75 77 78 16 147 148 204 48 30 99 235 21 219 221 33 127 226 134 206 67  2.23026
4467 1 120 177 58 98 185 221 80 73 171 61 165 57 14 223 78 16 177 155 205 16 30 99 170 23 219 221 1 127 194 6 206 67  2.54466
4467 1 108 177 184 66 249 221 80 201 235 61 173 8 10 209 78 180 145 158 204 16 30 99 250 17 219 221 5 127 194 6 206 7  2.16937
4467 1 124 177 184 96 185 93 81 25 99 125 165 29 10 221 78 48 149 156 205 48 158 99 250 17 219 221 5 127 194 134 206 83  2.35125
4467 1 124 176 56 114 41 221 80 200 171 125 165 25 14 221 78 26 137 153 205 16 14 99 250 17 219 209 1 127 66 7 78 83  2.3177
4467 1 120 163 16 32 57 157 80 73 235 61 165 9 142 200 78 148 145 136 204 16 30 99 202 21 154 213 1 127 66 6 202 6  2.39415
4467 1 60 160 184 122 249 253 80 200 235 61 165 25 14 217 78 24 153 152 196 16 30 99 202 17 219 213 17 127 210 15 206 194  2.43042
4468 1 120 177 57 104 153 205 83 233 235 61 172 8 30 215 72 48 128 154 204 16 26 43 250 21 251 221 1 127 66 2 198 34  2.12653
4468 1 104 177 121 72 121 221 83 217 43 61 173 40 30 215 76 52 148 152 196 80 26 11 250 21 251 221 1 127 66 130 198 243  2.85597
4468 1 120 241 57 96 25 221 83 253 163 125 172 8 26 215 72 52 128 148 205 96 90 11 250 21 251 217 5 127 98 2 198 122  2.98578
4468 1 120 185 57 106 57 221 83 216 235 61 172 8 190 215 74 48 128 145 204 80 10 43 250 53 219 217 1 127 66 3 70 99  2.40795
4468 1 120 177 57 104 57 221 81 89 227 125 173 8 158 215 74 48 144 144 204 48 27 35 250 21 219 217 1 127 66 2 198 115  2.59696
4468 1 120 177 16 96 57 205 83 73 99 45 172 8 14 211 72 20 144 156 204 80 26 43 216 21 219 213 1 127 66 2 70 34  2.6173
4468 1 120 48 57 96 57 221 81 88 171 232 172 9 158 157 64 48 140 185 221 16 11 35 242 16 219 221 1 127 66 6 70 115  3.15239
4468 1 104 177 57 96 121 221 81 88 235 125 164 8 30 213 70 48 128 152 204 80 11 107 242 17 219 217 1 127 66 0 70 115  2.7766
4469 1 120 181 120 98 217 253 87 239 115 109 172 25 74 253 78 16 153 222 196 48 62 107 248 23 123 221 5 127 227 198 206 66  2.0383
4469 1 108 177 232 96 217 93 82 223 99 253 172 13 10 189 78 18 153 206 196 16 158 106 250 16 127 221 5 127 195 198 206 214  2.15848
4469 1 124 181 248 96 217 253 83 218 35 237 172 9 11 221 79 16 157 219 197 16 30 99 250 18 251 221 5 127 227 71 198 211  2.37247
4469 1 62 181 232 96 217 201 211 207 51 245 173 9 10 221 78 16 153 155 193 49 26 107 250 23 123 85 5 127 227 14 214 242  2.79279
4469 1 124 181 152 96 217 253 82 203 99 165 172 9 10 241 78 144 153 222 204 16 30 107 218 51 251 213 5 127 194 70 206 6  2.27789
4469 1 62 167 232 32 217 249 210 207 99 245 188 137 11 236 94 16 153 202 197 21 30 107 238 17 123 93 5 127 227 70 222 198  2.73722
4469 1 60 180 184 114 217 253 82 203 115 61 173 25 10 253 78 24 153 154 196 16 30 107 250 19 91 221 21 127 195 70 206 194  2.13495
4469 1 124 189 248 96 217 253 84 207 235 189 172 9 10 253 78 18 137 218 196 16 30 107 250 16 123 221 5 127 195 70 206 198  2.40241
4470 1 120 177 120 104 25 219 81 107 99 101 164 9 11 29 2 16 136 148 204 32 30 43 241 29 219 209 1 127 99 4 206 82  2.72953
4470 1 120 160 104 32 89 217 80 75 99 165 164 9 3 137 70 16 136 140 196 16 14 107 194 17 219 213 17 123 99 4 78 202  2.2187
4470 1 120 160 120 104 25 221 81 79 35 37 172 9 43 157 6 16 136 154 197 16 30 43 242 23 219 221 16 123 99 4 78 74  2.13284
4470 1 120 161 58 96 153 253 80 7 227 45 174 9 11 149 66 148 128 166 204 16 30 43 240 21 251 253 16 123 226 4 206 78  2.87795
4470 1 120 161 90 104 89 217 80 103 163 5 172 9 42 147 6 16 136 186 204 0 30 43 194 21 211 213 16 123 98 0 206 10  2.07545
4470 1 120 49 120 96 73 221 81 71 227 164 164 9 10 157 70 16 136 188 197 16 14 107 242 16 211 217 1 59 99 4 78 74  2.39142
4470 1 56 160 122 104 93 249 80 75 119 45 237 25 3 153 6 16 216 152 198 16 30 43 64 23 211 221 16 123 115 8 206 130  2.71432
4470 1 120 161 120 104 89 221 81 79 227 53 172 25 11 157 70 16 136 154 196 16 30 43 242 21 219 217 16 123 99 0 206 202  1.90046
4471 1 104 176 56 112 217 253 81 75 235 61 165 24 26 157 78 56 137 154 192 16 26 107 250 17 91 221 17 127 194 0 198 226  2.08546
4471 1 234 176 108 80 201 221 209 73 235 125 165 25 10 157 94 63 137 145 213 17 158 111 250 81 91 89 81 127 67 4 198 246  2.83873
4471 1 184 176 124 88 219 249 81 75 179 61 165 56 10 215 78 29 9 154 197 16 58 111 250 85 91 217 17 127 227 128 198 227  2.78872
4471 1 120 160 114 80 73 217 81 67 171 53 164 8 10 151 70 156 169 152 224 16 26 107 162 81 27 216 17 127 67 4 70 230  3.11227
4471 1 104 176 248 80 201 253 80 79 235 61 165 24 10 157 78 190 137 154 192 16 30 107 250 17 91 217 17 127 195 4 206 198  2.00805
4471 1 60 160 112 88 217 253 81 202 115 53 173 24 10 221 78 188 137 154 194 16 26 99 250 21 91 221 17 127 211 5 198 230  2.60369
4471 1 44 176 120 80 233 253 81 89 123 125 181 29 10 221 78 56 153 152 196 16 158 98 250 17 95 217 17 127 195 132 198 215  2.95172
4471 1 104 48 121 80 73 253 81 72 235 125 165 24 10 221 70 60 136 152 196 16 10 103 242 17 83 217 17 127 67 4 70 230  2.59027
4472 1 110 177 240 66 249 220 82 153 171 253 173 44 74 214 206 182 149 214 236 80 159 75 250 81 59 253 5 127 194 134 206 87  2.84731
4472 1 124 179 80 32 123 217 82 200 171 188 172 173 14 199 74 150 182 221 204 112 30 67 202 17 154 209 5 127 98 134 14 87  2.63457
4472 1 122 49 98 64 9 221 80 72 171 244 164 9 10 222 70 150 172 181 237 208 14 67 242 80 147 209 1 127 67 6 14 86  3.12357
4472 1 120 177 80 64 121 221 80 73 171 188 164 45 10 151 70 150 132 149 204 80 78 75 210 21 155 217 1 127 66 4 78 31  2.93276
4472 1 123 177 16 0 25 157 80 72 171 232 172 13 14 194 70 148 128 140 236 84 14 75 218 21 155 209 1 127 74 6 10 86  2.83446
4472 1 108 177 208 64 217 221 80 200 235 189 172 9 10 214 78 150 128 220 236 80 30 107 250 16 27 217 5 127 194 6 78 86  2.61388
4472 1 123 49 184 64 57 92 80 24 235 237 172 13 10 156 70 54 132 213 236 20 158 75 242 0 219 221 5 127 202 6 78 87  2.95651
4472 1 126 185 176 96 105 221 80 200 171 253 164 9 14 220 71 158 133 221 237 80 14 99 250 16 155 217 5 127 194 7 78 87  2.65926
4103 0 120 40 184 116 9 252 81 6 163 183 164 9 47 183 67 26 129 247 237 16 10 75 242 32 219 247 85 59 226 68 6 74  0
4103 0 120 188 188 114 137 237 85 135 179 191 172 25 191 183 66 26 129 247 237 16 26 75 250 51 219 215 85 123 224 80 134 106  0
4103 0 248 188 188 122 137 237 85 239 187 63 164 25 174 253 66 27 137 243 237 16 58 111 250 51 219 211 85 123 210 72 198 106  0
4103 0 120 184 189 116 169 237 81 7 235 191 164 24 190 183 64 58 129 246 236 16 26 107 242 33 219 223 85 123 194 64 198 42  0
4103 0 120 48 248 112 137 253 81 7 51 167 166 25 11 183 66 26 129 190 236 16 24 122 240 2 219 223 21 115 226 192 198 106  0
4103 0 248 184 188 112 137 237 81 207 179 191 164 25 31 189 66 27 137 214 237 16 58 111 250 51 219 219 85 127 194 64 198 106  0
4103 0 248 188 190 120 137 237 81 71 179 31 164 25 63 183 66 27 161 179 237 16 58 79 178 51 219 243 80 123 226 64 134 106  0
4103 0 120 189 188 116 137 220 85 167 163 255 172 9 46 183 66 18 129 247 237 0 90 75 242 35 251 247 85 59 194 116 134 91  0
4537 1 120 40 144 116 73 248 81 6 179 183 164 8 46 179 65 158 129 254 232 16 10 75 210 34 219 247 85 59 194 80 6 42  2.49799
4537 1 88 56 190 116 11 252 81 6 171 183 166 9 47 183 67 26 167 247 237 16 10 75 178 96 219 247 85 59 226 68 7 122  2.16065
4537 1 120 40 252 116 9 248 81 6 163 181 164 9 43 189 71 26 129 247 237 16 14 107 226 32 219 251 85 59 226 68 78 74  2.00063
4537 1 120 40 188 116 9 108 81 6 163 183 166 9 183 183 67 26 129 246 237 16 10 75 243 0 219 231 85 57 226 96 6 106  2.10579
4537 1 122 56 188 52 9 252 80 6 171 183 164 25 174 191 67 26 129 247 237 16 14 75 210 32 219 247 85 59 194 68 14 90  2.33304
4537 1 120 56 186 116 9 236 81 70 163 173 172 9 47 191 67 26 161 255 237 16 10 75 178 32 219 213 21 59 226 81 6 91  2.39415
4537 1 104 56 184 116 73 253 81 10 163 254 164 9 46 183 67 30 129 245 237 0 10 67 242 49 211 215 81 59 194 101 6 122  2.58694
4537 1 120 40 190 116 9 232 81 6 163 183 164 25 47 183 67 26 129 247 237 16 10 79 194 32 219 243 85 59 226 64 14 74  2.33821
4538 1 124 60 187 114 137 237 85 199 179 191 172 24 62 247 65 26 129 247 237 16 58 75 250 34 219 215 85 59 226 113 134 106  2.20274
4538 1 120 172 188 112 136 237 85 135 178 183 174 25 183 183 66 26 129 247 109 16 58 75 210 34 219 199 117 121 224 80 134 106  1.69827
4538 1 88 188 188 115 137 237 85 135 187 255 174 25 191 183 66 26 129 119 253 16 26 73 251 49 203 215 85 115 194 80 135 122  2.26577
4538 1 120 173 188 114 137 109 85 143 179 183 172 25 159 183 74 26 129 214 237 16 26 75 251 51 251 215 85 125 226 80 198 106  1.90886
4538 1 120 188 188 114 137 237 85 135 179 191 172 25 183 247 66 26 129 247 237 16 26 75 250 51 219 215 85 123 192 80 134 106  1.69146
4538 1 120 189 184 114 153 237 87 215 179 189 172 25 63 247 66 18 129 255 237 16 26 107 218 51 251 215 21 123 226 80 134 106  1.87243
4538 1 88 188 188 48 169 237 17 135 187 191 172 57 174 191 66 26 133 247 237 16 26 75 210 51 219 215 85 123 192 64 135 91  2.16937
4538 1 88 168 189 182 136 236 89 135 178 183 142 25 183 191 66 90 133 247 253 145 26 75 251 49 219 231 125 121 160 64 134 122  2.84301
4539 1 248 252 60 122 137 205 85 239 187 31 164 25 174 253 66 19 129 243 237 0 122 111 250 55 251 211 85 123 82 16 198 106  2.22331
4539 1 232 188 188 122 233 237 85 239 187 191 164 25 46 253 70 27 137 243 237 16 58 111 250 51 219 219 85 123 194 80 198 235  2.21641
4539 1 120 188 188 122 137 237 85 239 179 63 164 25 175 253 74 27 137 243 237 16 62 111 218 51 219 215 85 123 210 72 206 74  2.09964
4539 1 248 184 189 122 137 237 85 207 187 63 164 24 182 253 64 59 137 243 109 16 58 111 250 49 219 211 85 123 208 72 198 106  2.49193
4539 1 232 188 188 120 169 237 81 39 191 63 164 25 174 189 66 27 137 51 237 0 58 111 210 55 203 211 80 123 210 72 198 91  2.73337
4539 1 170 188 188 250 205 229 213 239 159 63 180 27 174 253 102 11 201 243 251 17 58 111 122 179 251 211 223 123 211 92 212 250  3.21265
4539 1 232 172 188 122 137 237 85 143 219 63 164 24 166 253 74 27 137 82 233 16 58 110 250 51 203 211 85 123 210 72 198 106  2.5164
4539 1 104 188 189 122 137 253 81 175 187 127 172 25 170 253 70 58 137 114 233 16 58 107 250 51 207 223 85 123 210 76 198 122  3.08456
4540 1 120 56 191 112 169 237 81 87 235 253 164 24 190 189 64 58 129 183 253 16 26 107 242 32 219 223 85 123 194 64 198 122  1.88223
4540 1 104 184 188 117 169 253 81 23 251 191 38 56 190 181 66 59 129 118 236 16 50 108 242 32 207 219 85 115 194 64 198 43  2.04794
4540 1 120 168 189 116 137 237 81 7 235 191 164 24 182 179 64 58 129 246 108 16 26 107 242 33 219 255 85 123 192 64 198 42  1.13943
4540 1 104 184 188 116 201 125 81 7 235 191 172 24 158 183 64 58 129 118 232 16 26 107 242 0 219 223 85 123 194 64 198 42  1.78379
4540 1 104 40 181 80 105 253 81 7 235 191 164 24 174 183 68 63 129 182 236 24 26 111 242 65 223 250 80 123 194 64 70 42  2.17816
4540 1 104 184 189 116 41 205 81 39 235 189 164 24 190 149 64 59 129 54 236 0 74 111 242 49 203 219 85 59 66 0 198 43  2.00248
4540 1 120 184 189 112 169 237 81 135 235 61 172 24 190 183 64 58 129 178 236 16 26 107 242 49 219 223 84 123 194 64 198 42  1.56184
4540 1 88 184 189 116 169 236 81 159 227 187 174 24 191 183 64 122 129 246 124 24 26 105 243 33 219 255 85 121 194 64 198 106  2.00433
4541 1 120 52 252 113 145 255 81 23 115 231 166 25 27 61 66 25 137 150 237 16 56 250 241 14 219 223 85 113 227 192 198 122  2.96133
4541 1 120 56 184 112 73 253 81 7 51 167 164 25 10 149 66 24 129 188 196 16 10 126 240 2 219 213 17 59 226 64 70 122  2.83022
4541 1 104 32 248 80 201 125 85 87 115 183 164 24 10 183 70 30 137 222 228 24 24 122 242 2 95 223 85 123 227 192 198 234  2.6173
4541 1 120 160 252 113 137 248 81 7 51 183 166 25 139 39 66 26 129 150 237 16 26 216 225 0 207 255 80 83 226 196 198 106  3.05761
4541 1 104 48 184 113 169 237 81 23 51 175 166 25 159 183 66 26 129 190 236 16 24 120 241 2 207 215 21 115 194 64 198 122  3.01085
4541 1 120 172 216 112 137 233 80 7 51 167 174 25 11 179 66 26 129 190 236 16 24 123 209 2 219 215 21 115 226 192 206 10  2.93276
4541 1 120 48 250 116 129 110 81 23 51 167 174 24 27 183 66 58 33 214 237 24 24 251 177 2 219 239 85 117 226 224 198 98  3.01085
4541 1 120 44 250 112 219 249 81 71 51 167 172 57 15 183 66 24 35 190 228 16 26 123 162 2 219 215 21 123 226 192 198 106  3.15239
4542 1 248 188 188 112 137 237 81 223 179 191 164 25 31 183 66 27 129 214 237 16 58 111 250 51 219 219 85 127 226 64 198 106  1.64377
4542 1 248 164 189 112 141 109 81 143 243 183 164 24 147 189 64 59 137 214 105 24 58 111 251 19 219 219 85 127 194 72 198 106  2.20048
4542 1 248 160 188 112 9 237 81 15 179 183 164 25 151 157 66 27 137 150 237 16 58 111 242 19 219 211 81 125 192 0 198 106  2.38055
4542 1 120 168 188 112 137 205 81 207 163 181 164 25 23 189 66 27 137 214 237 16 26 107 250 49 219 211 85 127 224 0 198 106  2.31264
4542 1 252 172 248 112 201 109 85 207 179 183 164 25 19 189 66 26 137 214 233 16 58 111 250 50 219 223 85 127 227 80 198 106  2.38597
4542 1 184 188 252 112 201 237 81 207 179 63 164 25 10 189 70 27 137 154 197 16 58 111 242 51 91 219 85 127 195 68 198 250  2.471
4542 1 232 184 236 112 201 221 81 159 243 255 164 25 58 189 86 59 141 214 253 16 186 111 250 51 91 219 85 127 195 196 198 122  2.79688
4542 1 248 184 188 112 169 249 81 143 179 191 164 57 142 189 66 27 129 214 237 16 62 111 234 51 219 211 85 127 194 68 206 75  2.68092
4543 1 216 188 158 120 137 236 81 7 179 23 166 25 191 183 64 91 161 183 237 16 58 79 146 51 219 247 80 123 162 64 135 42  2.00805
4543 1 248 184 254 120 171 233 81 71 179 31 164 57 47 191 66 27 163 179 237 16 58 111 130 51 219 211 84 123 226 64 142 75  2.10169
4543 1 120 184 190 120 9 237 81 71 163 29 164 25 63 159 66 26 161 179 237 16 26 111 178 49 219 209 80 123 226 0 198 122  1.86272
4543 1 248 188 190 120 201 237 81 71 187 31 164 25 46 183 66 27 129 179 237 16 58 79 178 115 219 211 80 123 194 64 134 106  1.89048
4543 1 248 164 254 120 201 236 81 71 179 23 228 25 43 191 2 27 169 187 225 128 58 111 178 67 211 243 80 75 227 64 230 234  2.82178
4543 1 216 188 191 120 185 236 81 7 191 31 230 25 191 183 2 89 129 179 237 16 58 77 242 55 203 247 80 91 192 64 135 123  2.58362
4543 1 248 188 62 122 153 237 81 199 179 23 164 24 63 247 74 25 161 179 237 16 58 111 186 55 219 211 80 123 226 64 198 106  2.37247
4543 1 248 188 190 112 137 236 81 71 179 31 164 25 63 183 66 27 161 247 237 16 58 79 178 35 219 227 116 121 224 64 134 106  2.08345
4544 1 120 189 184 116 137 76 85 183 163 255 172 9 62 183 66 18 129 247 237 0 90 75 242 35 251 247 85 59 194 112 134 123  2.27789
4544 1 120 253 188 52 137 205 85 175 163 254 172 9 190 247 66 18 133 247 237 0 72 75 242 57 251 215 85 59 66 116 134 123  2.57046
4544 1 88 189 190 52 137 220 85 167 171 31 174 25 174 183 66 82 161 247 237 0 90 75 178 99 251 247 84 27 130 68 167 90  2.99573
4544 1 120 173 188 126 153 220 86 175 179 183 172 9 106 247 66 18 129 246 237 0 126 75 250 47 251 247 85 59 194 116 206 74  2.78466
4544 1 104 189 188 52 137 221 85 167 243 255 172 25 170 181 66 18 129 246 232 0 126 107 242 35 251 247 85 59 194 84 206 94  2.66643
4544 1 104 249 188 116 201 220 85 167 171 253 164 9 42 183 70 54 129 247 237 64 74 75 242 33 251 251 85 59 66 84 198 123  2.79688
4544 1 120 185 184 116 185 220 84 167 171 189 172 41 46 191 66 18 133 247 237 16 94 75 242 33 251 245 21 123 194 68 142 91  2.54148
4544 1 88 185 190 116 139 220 21 167 171 247 174 9 46 183 66 18 161 247 233 0 88 75 178 32 251 247 85 59 194 116 135 122  2.81759
4104 0 92 176 156 48 169 60 80 159 163 255 166 29 143 183 66 26 133 199 236 20 30 75 211 0 219 243 85 127 234 100 142 83  0
4104 0 220 180 190 48 171 123 20 171 187 255 166 189 79 63 66 27 167 215 237 48 60 77 155 0 219 211 85 119 226 100 143 83  0
4104 0 73 176 148 53 169 60 84 159 171 251 166 29 206 50 74 158 133 70 236 28 157 72 219 0 143 251 85 118 202 100 138 87  0
4104 0 88 164 212 117 139 122 84 143 51 183 174 153 79 39 74 158 35 214 236 16 28 73 163 0 219 247 85 87 226 228 142 70  0
4104 0 218 178 172 52 169 28 92 191 187 255 166 189 207 174 74 27 135 199 237 5 254 79 203 1 218 243 117 255 202 228 142 95  0
4104 0 92 182 156 53 168 40 84 159 179 191 174 61 207 35 74 27 135 215 236 16 60 73 203 0 218 243 117 117 224 240 142 3  0
4104 0 92 180 188 54 137 124 84 191 179 255 175 29 207 119 74 27 133 215 236 16 60 75 251 2 219 247 85 127 226 116 142 83  0
4104 0 94 164 140 52 137 46 88 143 178 183 135 157 207 39 74 91 165 199 237 149 60 73 219 0 219 227 95 85 168 100 139 82  0
4609 1 124 176 188 112 169 60 84 159 163 255 166 29 11 183 66 27 133 198 236 20 30 75 251 0 219 251 85 127 234 228 206 83  2.40517
4609 1 92 176 156 48 169 44 80 154 171 255 171 29 206 247 74 26 133 199 237 20 30 67 219 0 219 247 85 127 202 101 138 83  2.43326
4609 1 92 56 158 48 169 60 80 151 171 255 174 29 143 183 67 26 133 199 236 20 30 73 147 0 219 247 85 127 200 116 139 83  1.91902
4609 1 88 176 140 52 137 60 80 15 163 191 166 29 143 167 66 154 129 199 236 20 30 75 211 0 219 243 85 127 170 100 142 90  1.90213
4609 1 88 179 152 32 185 60 80 31 35 253 174 157 143 167 66 146 133 135 236 20 30 75 211 0 218 245 53 127 234 196 138 83  2.41912
4609 1 93 177 156 32 137 28 81 153 163 253 167 29 223 215 74 90 133 133 236 28 31 65 251 0 219 241 69 125 170 132 138 82  2.83022
4609 1 94 48 190 52 137 124 81 18 163 255 166 29 15 191 67 26 165 213 253 20 156 67 179 0 219 251 85 63 226 229 14 83  2.66284
4609 1 120 178 156 32 169 92 80 158 163 253 164 45 143 183 66 154 133 213 236 16 14 75 211 0 219 209 85 127 234 36 14 83  2.66284
4610 1 222 54 150 52 171 56 20 139 187 191 162 189 78 247 67 155 167 215 237 48 60 69 139 64 154 243 85 63 234 116 143 19  2.95651
4610 1 220 180 188 49 171 127 20 175 187 255 166 61 206 63 74 27 167 87 236 16 52 77 155 0 219 211 85 119 202 100 143 83  2.40517
4610 1 92 182 254 48 171 122 16 138 171 247 166 189 79 175 66 27 167 213 237 16 60 75 139 0 218 195 117 247 224 101 143 83  2.94219
4610 1 188 182 62 48 187 239 80 255 181 63 167 61 78 45 10 27 165 151 237 48 60 237 25 31 219 211 85 87 226 4 142 83  3.55785
4610 1 222 180 190 48 139 122 28 203 187 247 167 189 79 255 74 27 167 215 253 179 60 71 155 66 219 211 93 247 226 101 175 83  2.85163
4610 1 252 180 252 112 171 127 85 59 59 255 166 189 11 61 70 27 167 215 237 48 188 111 241 0 219 219 85 247 227 228 206 83  2.94219
4610 1 216 52 158 52 171 122 20 7 187 255 166 57 207 183 66 27 167 247 236 16 60 77 147 2 219 243 85 87 226 100 143 83  2.7068
4610 1 254 182 86 48 171 107 16 239 187 247 162 189 78 47 14 159 167 151 237 52 60 111 11 84 154 210 85 215 235 68 142 87  3.80541
4611 1 107 176 132 20 137 60 68 47 171 251 166 29 202 34 70 190 129 198 236 12 157 75 243 0 155 123 85 55 202 100 202 94  2.55748
4611 1 201 180 148 53 169 62 80 27 187 251 167 29 222 51 74 159 133 70 236 28 189 69 219 0 203 251 85 118 202 100 138 83  2.56071
4611 1 105 178 188 85 169 62 84 159 123 255 166 29 202 32 206 191 133 70 236 28 156 104 251 0 207 251 85 119 202 228 202 87  2.49799
4611 1 73 160 148 53 169 60 68 159 163 251 174 92 207 35 74 222 129 198 236 28 31 73 219 1 138 247 85 118 138 196 138 20  2.51022
4611 1 77 179 148 54 169 60 20 159 171 251 170 93 206 242 74 158 133 71 236 20 151 73 219 32 138 243 85 126 202 116 139 23  2.30509
4611 1 77 176 156 117 169 124 84 159 251 251 166 28 222 51 74 59 129 70 236 24 61 72 219 0 207 251 85 119 202 112 202 19  2.68458
4611 1 109 177 148 33 169 63 84 159 43 253 174 29 206 37 74 158 133 70 236 20 157 104 219 0 207 215 85 118 202 100 202 83  2.7766
4611 1 73 176 148 53 169 60 16 23 171 251 166 29 142 54 66 159 133 71 236 20 149 73 211 64 143 243 85 118 202 68 139 95  2.55748
4612 1 88 165 220 117 153 122 84 191 51 183 174 25 75 39 10 151 1 214 236 32 60 73 235 5 251 243 85 87 226 228 206 74  2.53831
4612 1 122 167 228 20 139 122 84 175 115 247 174 189 75 36 206 158 3 198 236 20 28 75 239 0 26 127 85 119 227 228 206 86  3.09004
4612 1 88 164 150 52 139 56 84 143 179 183 174 153 79 163 74 222 35 198 236 16 28 73 131 2 154 247 85 87 226 228 142 6  2.60707
4612 1 90 34 212 116 171 120 84 15 171 183 174 185 79 167 70 158 167 215 236 16 28 73 163 64 155 247 85 87 226 228 142 71  2.72571
4612 1 92 164 236 49 139 122 93 143 51 183 174 153 75 39 74 26 35 199 237 148 30 88 231 0 223 231 85 85 226 228 142 66  3.13499
4612 1 88 166 222 37 131 122 112 7 51 183 174 185 15 39 66 26 39 215 236 16 28 217 129 2 218 231 85 87 226 228 142 90  2.98084
4612 1 92 180 246 69 131 126 85 151 35 247 174 24 75 55 74 190 33 214 236 16 25 217 177 0 219 247 85 87 226 228 134 118  2.94219
4612 1 88 164 148 53 129 58 64 15 51 183 174 24 207 35 74 158 49 198 236 16 28 216 193 0 142 247 85 87 226 196 138 0  3.16415
4613 1 254 182 236 54 169 56 92 191 179 255 165 189 75 236 94 27 135 199 253 21 190 79 238 0 218 123 85 255 227 228 206 87  2.65214
4613 1 250 182 236 49 168 57 92 191 51 255 180 189 207 47 74 27 135 199 237 21 190 76 203 19 202 211 117 247 234 196 142 91  2.74497
4613 1 216 243 44 52 171 28 92 189 171 125 166 189 207 135 74 83 135 199 237 68 222 73 203 17 250 241 117 253 42 132 142 91  2.94219
4613 1 114 191 140 52 169 24 92 175 171 255 168 173 111 238 70 18 133 199 237 5 92 75 203 33 250 119 85 191 200 116 142 95  3.05761
4613 1 218 182 148 54 169 28 20 191 187 191 166 253 239 230 74 159 135 199 236 4 126 79 203 51 186 243 85 255 138 244 139 95  2.81759
4613 1 250 178 236 52 169 28 84 63 187 255 166 189 10 44 198 27 133 199 236 4 252 79 227 1 218 251 117 191 74 228 206 95  2.85163
4613 1 218 182 172 54 169 28 92 191 187 255 166 157 239 238 74 27 135 199 253 5 254 79 219 35 219 243 93 187 202 116 143 91  2.84301
4613 1 94 178 172 52 168 60 28 159 171 255 166 189 207 174 74 27 135 199 237 21 158 73 203 64 218 243 125 255 200 100 143 87  2.62762
4614 1 220 182 156 49 162 42 80 159 51 191 166 189 207 35 74 27 167 215 236 16 62 92 201 2 218 231 117 117 226 192 142 3  2.82178
4614 1 124 182 156 113 168 47 84 159 51 191 166 57 199 35 74 27 129 214 236 16 56 120 203 0 207 211 117 117 226 224 206 3  2.67365
4614 1 92 182 156 52 170 40 84 159 163 191 174 189 207 231 74 27 135 215 236 16 60 73 203 0 218 227 117 125 224 240 142 19  2.02875
4614 1 124 183 156 32 184 43 84 191 51 189 172 61 71 35 74 19 135 199 236 48 60 75 201 4 250 195 101 125 232 224 138 3  3.04703
4614 1 92 166 156 53 168 58 84 159 243 191 166 61 207 35 202 27 129 198 236 16 60 201 203 2 202 243 117 87 226 240 206 3  2.81341
4614 1 92 183 220 51 170 40 85 159 163 55 175 189 207 103 74 27 7 215 237 20 30 72 203 33 238 243 117 245 226 212 142 83  3.28341
4614 1 92 166 156 53 168 40 84 159 171 191 174 61 207 35 74 26 135 215 236 16 28 73 203 0 218 247 117 119 226 224 143 3  2.49799
4614 1 92 182 156 53 168 44 84 159 178 191 162 93 215 35 74 27 129 199 108 16 60 73 203 0 200 243 117 117 200 112 138 3  2.41912
4615 1 252 180 188 54 169 124 84 191 179 255 167 29 206 119 74 27 133 215 236 16 60 79 251 2 219 243 85 127 194 116 142 83  2.00248
4615 1 92 181 188 54 137 124 85 191 163 255 174 9 79 247 74 18 129 215 236 16 28 75 251 32 251 247 85 127 226 118 142 82  2.39965
4615 1 92 180 188 54 169 124 84 159 187 255 175 29 207 255 74 27 133 215 237 16 60 73 251 2 219 247 85 127 194 100 143 83  2.33562
4615 1 92 180 189 117 137 126 85 191 179 255 175 24 223 55 74 59 129 214 236 16 57 73 251 2 219 247 85 85 226 96 134 114  2.29016
4615 1 92 188 156 54 137 124 84 191 179 255 174 29 239 119 74 155 133 215 236 0 61 75 219 35 251 247 85 63 234 116 142 91  2.34601
4615 1 124 183 172 52 137 127 84 191 115 255 172 29 75 109 74 26 157 198 236 52 188 107 251 2 251 223 85 127 227 244 206 87  2.85163
4615 1 92 181 152 50 153 124 86 159 179 255 173 29 207 247 74 154 149 215 236 50 62 67 219 51 251 247 21 127 234 119 142 83  2.57374
4615 1 124 52 252 116 137 124 85 159 179 255 167 29 75 119 75 59 133 214 237 16 60 67 251 0 219 251 85 63 226 244 206 83  2.63457
4616 1 94 164 140 51 153 62 92 175 183 183 139 157 207 99 74 219 181 199 237 180 62 73 219 23 186 247 95 119 170 68 139 18  2.97593
4616 1 92 162 140 52 136 40 88 11 162 181 143 157 207 231 74 90 165 199 237 149 28 73 203 0 216 231 125 85 160 100 143 82  2.83022
4616 1 94 164 142 182 137 36 92 143 179 183 135 149 207 239 74 91 165 199 253 149 60 77 155 64 219 227 223 221 160 100 175 82  2.61047
4616 1 218 176 172 55 137 124 89 27 178 87 135 149 207 39 10 91 165 199 253 132 62 77 251 1 203 227 250 85 160 68 175 82  3.50656
4616 1 254 36 172 49 137 47 88 139 178 247 132 157 207 45 83 27 141 199 253 149 60 71 219 2 203 215 221 245 192 117 158 82  3.54046
4616 1 92 164 140 53 136 46 88 27 178 183 135 29 215 39 74 91 129 199 109 148 60 205 219 0 203 227 85 85 168 96 138 82  2.70306
4616 1 87 52 140 52 137 60 28 143 186 247 131 157 207 230 75 219 133 199 237 149 60 77 219 0 152 243 95 31 136 116 139 86  3.0683
4616 1 94 160 140 53 139 40 24 143 170 247 138 157 207 166 74 90 167 199 237 149 30 73 155 64 216 227 95 87 168 100 139 82  2.84731
